시도,시군구,행정동,행정동코드,인구,남,여,최근증감,면적_km2,인구_0~9,인구_10~19,인구_20~39,인구_40~59,인구_65+,인구_여20~49,병의원_계,인구1만명당_병의원,종별_의원,종별_치과의원,종별_한의원,종별_병원,종별_종합병원,종별_요양병원
서울,종로구,청운효자동,1111051500,10592,4806,5786,—,2.426,447,966,2670,3470,2303,2336,7,6.6,4,2,1,0,0,0
서울,종로구,사직동,1111053000,8828,3893,4935,—,1.16,368,590,2388,2809,2033,2129,76,86.1,34,26,15,0,0,1
서울,종로구,삼청동,1111054000,2029,956,1073,—,1.355,62,137,463,590,610,382,9,44.4,5,2,2,0,0,0
서울,종로구,부암동,1111055000,8862,4145,4717,—,2.191,311,736,2186,2858,2061,1842,6,6.8,2,1,3,0,0,0
서울,종로구,평창동,1111056000,16921,7770,9151,—,8.972,820,1507,3665,5309,4192,3244,13,7.7,4,4,4,1,0,0
서울,종로구,무악동,1111057000,7696,3536,4160,—,0.465,483,852,1550,2584,1670,1502,8,10.4,2,3,2,0,1,0
서울,종로구,교남동,1111058000,9476,4286,5190,—,0.344,615,724,2443,3267,1851,2195,19,20.1,10,3,4,0,1,0
서울,종로구,가회동,1111060000,3500,1622,1878,—,0.602,124,263,802,1145,897,700,10,28.6,2,2,6,0,0,0
서울,종로구,종로1.2.3.4가동,1111061500,6561,3957,2604,—,2.382,140,215,1894,1841,1886,1189,128,195.1,54,46,27,1,0,0
서울,종로구,종로5.6가동,1111063000,5400,2762,2638,—,0.63,132,201,2189,1330,1162,1397,79,146.3,29,25,25,0,0,0
서울,종로구,이화동,1111064000,7044,3252,3792,—,0.752,132,341,2801,1756,1506,1936,9,12.8,2,3,1,0,0,0
서울,종로구,혜화동,1111065000,15721,7491,8230,—,1.159,422,1173,6293,4022,2890,4070,32,20.4,15,10,7,0,0,0
서울,종로구,창신제1동,1111067000,4328,2270,2058,—,0.312,94,131,1108,1152,1375,720,36,83.2,21,8,7,0,0,0
서울,종로구,창신제2동,1111068000,7048,3610,3438,—,0.249,130,267,1580,2133,2093,1025,8,11.4,5,1,2,0,0,0
서울,종로구,창신제3동,1111069000,6031,2924,3107,—,0.219,242,348,1632,1739,1513,1154,3,5.0,1,1,1,0,0,0
서울,종로구,숭인제1동,1111070000,5654,2763,2891,—,0.236,161,298,1468,1734,1442,1094,12,21.2,5,4,3,0,0,0
서울,종로구,숭인제2동,1111071000,10244,4999,5245,—,0.32,213,293,4495,2564,1936,3041,18,17.6,11,4,2,1,0,0
서울,중구,소공동,1114052000,2205,1023,1182,—,0.931,140,152,619,910,287,656,77,349.2,32,32,12,0,0,0
서울,중구,회현동,1114054000,4032,2026,2006,—,0.889,118,199,900,1117,1335,709,63,156.2,33,19,11,0,0,0
서울,중구,명동,1114055000,2479,1027,1452,—,1.002,48,99,608,758,752,503,184,742.2,117,40,25,0,0,0
서울,중구,필동,1114057000,4331,2213,2118,—,1.471,113,210,1656,1119,978,1079,17,39.3,8,6,3,0,0,0
서울,중구,장충동,1114058000,4553,2391,2162,—,0.998,93,286,1913,1036,968,1053,7,15.4,5,1,1,0,0,0
서울,중구,광희동,1114059000,5709,2771,2938,—,0.749,105,178,2369,1387,1284,1605,38,66.6,18,14,4,0,1,0
서울,중구,을지로동,1114060500,3039,1637,1402,—,0.597,137,89,1186,940,523,856,34,111.9,14,15,5,0,0,0
서울,중구,신당동,1114061500,7236,3502,3734,—,0.539,202,220,2499,2001,1747,1831,17,23.5,8,7,1,1,0,0
서울,중구,다산동,1114062500,12813,6163,6650,—,0.544,339,659,3817,3703,3272,2693,31,24.2,17,7,5,2,0,0
서울,중구,약수동,1114063500,15562,7175,8387,—,0.509,704,795,3827,4479,4486,3013,43,27.6,20,14,9,0,0,0
서울,중구,청구동,1114064500,10605,4946,5659,—,0.328,506,566,3044,2927,2774,2226,17,16.0,8,6,2,0,0,0
서울,중구,신당제5동,1114065000,9957,4795,5162,—,0.314,397,494,3114,2958,2191,2351,41,41.2,21,7,12,0,0,0
서울,중구,동화동,1114066500,9694,4646,5048,—,0.343,528,682,2251,2950,2422,1839,10,10.3,4,4,2,0,0,0
서울,중구,황학동,1114067000,13134,6102,7032,—,0.313,530,484,5314,3592,2409,3941,18,13.7,8,8,2,0,0,0
서울,중구,중림동,1114068000,11956,5840,6116,—,0.49,833,737,3297,3901,2375,2823,20,16.7,9,6,5,0,0,0
서울,용산구,후암동,1117051000,15584,7440,8144,—,0.856,535,1049,4801,4667,3385,3521,20,12.8,7,7,6,0,0,0
서울,용산구,용산2가동,1117052000,8352,4103,4249,—,1.977,196,366,2794,2285,2151,1832,7,8.4,3,2,2,0,0,0
서울,용산구,남영동,1117053000,7004,4199,2805,—,1.159,155,198,2119,2053,1716,1360,37,52.8,21,12,4,0,0,0
서울,용산구,청파동,1117055500,18790,8583,10207,—,0.918,439,886,7563,4904,3685,5324,20,10.6,8,5,7,0,0,0
서울,용산구,원효로제1동,1117056000,17082,7776,9306,—,0.561,995,915,6937,4943,2303,5426,18,10.5,10,6,2,0,0,0
서울,용산구,원효로제2동,1117057000,13318,6139,7179,—,0.791,672,878,4167,3965,2642,3266,9,6.8,6,2,1,0,0,0
서울,용산구,효창동,1117058000,10383,4868,5515,—,0.416,570,658,3406,3230,1820,2613,9,8.7,5,1,3,0,0,0
서울,용산구,용문동,1117059000,11023,5188,5835,—,0.267,528,575,3473,3176,2504,2524,15,13.6,4,5,6,0,0,0
서울,용산구,한강로동,1117062500,20844,9822,11022,—,2.811,1194,926,7631,6023,3603,5713,85,40.8,50,20,15,0,0,0
서울,용산구,이촌제1동,1117063000,24925,11691,13234,—,2.879,2009,2583,5304,8462,4895,5030,40,16.0,19,15,5,1,0,0
서울,용산구,이촌제2동,1117064000,7682,3603,4079,—,1.171,423,422,2002,2310,1931,1565,4,5.2,1,2,1,0,0,0
서울,용산구,이태원제1동,1117065000,5361,2633,2728,—,0.531,190,205,1684,1478,1373,1115,15,28.0,8,7,0,0,0,0
서울,용산구,이태원제2동,1117066000,8333,3956,4377,—,0.887,275,422,2711,2481,1876,1979,11,13.2,6,2,3,0,0,0
서울,용산구,한남동,1117068500,13658,6364,7294,—,3.179,816,905,3678,4598,2771,3235,36,26.4,20,9,5,0,1,0
서울,용산구,서빙고동,1117069000,12130,5846,6284,—,2.829,600,1309,2786,4101,2468,2477,0,0.0,0,0,0,0,0,0
서울,용산구,보광동,1117070000,4990,2495,2495,—,0.869,130,255,1266,1570,1263,885,8,16.0,5,1,2,0,0,0
서울,성동구,왕십리제2동,1120052000,15603,7463,8140,—,0.333,900,984,4851,4664,3049,3648,22,14.1,8,7,7,0,0,0
서울,성동구,왕십리도선동,1120053500,25536,12023,13513,—,0.718,1743,1638,7922,7822,4651,6336,61,23.9,28,14,16,1,1,0
서울,성동구,마장동,1120054000,21406,10433,10973,—,1.122,826,1305,7514,5593,4628,4936,19,8.9,8,5,6,0,0,0
서울,성동구,사근동,1120055000,12097,6263,5834,—,1.148,240,775,6649,2246,1674,3450,7,5.8,2,3,1,0,0,0
서울,성동구,행당제1동,1120056000,15720,7410,8310,—,0.564,976,1077,5050,4835,2772,3899,65,41.3,40,14,10,1,0,0
서울,성동구,행당제2동,1120057000,22193,10385,11808,—,0.477,1488,1742,5724,7152,4578,4732,29,13.1,12,10,7,0,0,0
서울,성동구,응봉동,1120058000,14349,6779,7570,—,0.56,902,1333,3561,4865,2736,3134,7,4.9,2,1,4,0,0,0
서울,성동구,금호1가동,1120059000,14233,6739,7494,—,0.406,962,978,3565,4575,3144,3038,11,7.7,7,3,1,0,0,0
서울,성동구,금호2.3가동,1120061500,20552,9751,10801,—,0.662,1371,1157,5716,6507,4331,4626,39,19.0,17,12,10,0,0,0
서울,성동구,금호4가동,1120062000,13682,6383,7299,—,0.775,1049,894,3444,4465,2937,3034,32,23.4,25,5,2,0,0,0
서울,성동구,옥수동,1120064500,25115,11645,13470,—,1.919,2190,1651,6598,8071,4949,5823,39,15.5,20,10,9,0,0,0
서울,성동구,성수1가제1동,1120065000,14723,7237,7486,—,1.856,749,751,4660,4393,2871,3309,16,10.9,9,2,5,0,0,0
서울,성동구,성수1가제2동,1120066000,14274,6886,7388,—,0.972,804,758,4824,4365,2604,3600,40,28.0,24,11,5,0,0,0
서울,성동구,성수2가제1동,1120067000,13222,6811,6411,—,1.145,449,619,3640,3871,3316,2505,25,18.9,11,9,5,0,0,0
서울,성동구,성수2가제3동,1120069000,9303,4538,4765,—,1.041,321,464,3090,2680,2060,2224,51,54.8,29,13,7,1,0,1
서울,성동구,송정동,1120072000,8993,4714,4279,—,0.585,288,420,2818,2635,2058,1844,5,5.6,3,1,0,1,0,0
서울,성동구,용답동,1120079000,13198,6736,6462,—,2.361,337,499,5709,3299,2517,3599,25,18.9,10,6,5,0,0,2
서울,광진구,화양동,1121571000,22936,10796,12140,—,1.172,271,712,14826,3796,2544,9013,61,26.6,36,13,9,0,0,1
서울,광진구,군자동,1121573000,18500,9054,9446,—,0.731,490,948,7506,4695,3638,5000,43,23.2,22,10,11,0,0,0
서울,광진구,중곡제1동,1121574000,14801,6982,7819,—,0.588,414,619,5572,4020,3120,3938,31,20.9,20,8,3,0,0,0
서울,광진구,중곡제2동,1121575000,19652,9251,10401,—,0.542,579,1145,6519,5626,4187,4734,57,29.0,33,12,11,1,0,0
서울,광진구,중곡제3동,1121576000,15180,7423,7757,—,0.6,525,728,4789,4240,3633,3292,32,21.1,15,8,8,0,0,0
서울,광진구,중곡제4동,1121577000,26753,12882,13871,—,2.273,795,1465,7485,7855,6687,5350,17,6.4,7,6,4,0,0,0
서울,광진구,능동,1121578000,10593,4879,5714,—,1.078,330,490,4386,2878,1925,3209,18,17.0,8,3,5,1,0,0
서울,광진구,광장동,1121581000,32833,15859,16974,—,2.742,2255,4972,6625,12278,4714,6983,34,10.4,16,12,6,0,0,0
서울,광진구,자양제1동,1121582000,21417,10282,11135,—,0.562,549,1227,7607,6171,4329,5304,67,31.3,31,14,21,0,1,0
서울,광진구,자양제2동,1121583000,26254,12649,13605,—,1.623,1583,1774,8162,7874,5082,6102,32,12.2,16,12,3,0,0,1
서울,광진구,자양제3동,1121584000,26547,12725,13822,—,1.129,1664,2300,6926,8378,5360,5699,26,9.8,13,8,5,0,0,0
서울,광진구,자양제4동,1121584700,19921,9698,10223,—,1.149,668,825,6878,5455,4548,4742,51,25.6,28,10,11,1,0,0
서울,광진구,구의제1동,1121585000,23264,10928,12336,—,0.55,664,1216,9489,6448,3982,6645,43,18.5,24,12,6,0,0,0
서울,광진구,구의제2동,1121586000,24773,11760,13013,—,1.374,991,1969,6473,7936,5463,5188,28,11.3,10,9,8,1,0,0
서울,광진구,구의제3동,1121587000,27367,12950,14417,—,1.443,1402,2353,7881,8610,5225,6368,62,22.7,35,17,10,0,0,0
서울,동대문구,신설동,1123051500,16412,8098,8314,—,0.836,790,832,6512,4621,2697,4631,27,16.5,11,7,4,2,0,1
서울,동대문구,용두동,1123053300,22706,11130,11576,—,0.725,900,1077,7651,6673,4833,5488,49,21.6,23,14,9,0,1,1
서울,동대문구,제기동,1123054500,22065,11359,10706,—,1.175,668,1082,7305,5511,5921,4369,72,32.6,15,7,47,3,0,0
서울,동대문구,전농제1동,1123056000,32482,16020,16462,—,1.169,1706,2180,9586,9769,6864,7077,59,18.2,34,15,9,1,0,0
서울,동대문구,전농제2동,1123057000,17115,8130,8985,—,0.99,870,1358,3923,5231,4337,3167,27,15.8,15,8,4,0,0,0
서울,동대문구,답십리제1동,1123060000,27611,13197,14414,—,0.795,1941,1984,8666,8340,4945,6966,53,19.2,27,11,13,1,0,1
서울,동대문구,답십리제2동,1123061000,27116,12969,14147,—,0.821,1501,1558,7282,7837,6744,5447,42,15.5,21,11,6,1,0,0
서울,동대문구,장안제1동,1123065000,36998,18006,18992,—,1.359,1680,2464,10560,11369,8217,8335,56,15.1,29,15,11,0,0,0
서울,동대문구,장안제2동,1123066000,33005,16237,16768,—,1.127,2259,2883,8483,10688,6568,7164,79,23.9,32,25,16,4,0,2
서울,동대문구,청량리동,1123070500,18374,8945,9429,—,1.171,604,867,4322,4853,6128,3118,51,27.8,30,13,7,0,1,0
서울,동대문구,회기동,1123071000,10269,4851,5418,—,0.8,271,689,4980,2224,1634,3129,8,7.8,2,2,1,0,0,0
서울,동대문구,휘경제1동,1123072000,16805,7828,8977,—,0.508,1009,926,7092,4214,2665,4911,32,19.0,14,11,7,0,0,0
서울,동대문구,휘경제2동,1123073000,23529,11745,11784,—,1.19,811,1822,8590,6142,4739,5415,9,3.8,3,4,0,0,1,0
서울,동대문구,이문제1동,1123074000,31110,14961,16149,—,1.0,2205,2168,12428,8396,4403,8537,66,21.2,35,19,12,0,0,0
서울,동대문구,이문제2동,1123075000,17851,8575,9276,—,0.801,854,1314,4642,5310,4408,3571,13,7.3,6,5,2,0,0,0
서울,중랑구,면목제2동,1126052000,22841,11338,11503,—,0.741,771,1270,5778,6882,5828,4213,23,10.1,10,5,6,2,0,0
서울,중랑구,면목제4동,1126054000,17441,8644,8797,—,0.845,668,987,4345,5410,4587,3257,10,5.7,2,3,5,0,0,0
서울,중랑구,면목제5동,1126055000,13744,6803,6941,—,0.588,937,925,3388,4497,2907,2769,6,4.4,2,4,0,0,0,0
서울,중랑구,면목본동,1126056500,31469,15483,15986,—,0.824,886,1457,9338,9362,7624,6496,72,22.9,36,18,18,0,0,0
서울,중랑구,면목제7동,1126057000,20408,10088,10320,—,1.175,795,975,5566,5904,5381,4006,69,33.8,40,18,10,1,0,0
서울,중랑구,면목제3.8동,1126057500,23347,11486,11861,—,1.394,740,1110,6251,6822,6312,4377,19,8.1,8,8,2,0,1,0
서울,중랑구,상봉제1동,1126058000,22733,10961,11772,—,0.858,1254,1620,6166,6651,5095,4660,27,11.9,11,8,7,0,0,1
서울,중랑구,상봉제2동,1126059000,21964,10285,11679,—,0.652,700,678,9976,5371,3779,6824,62,28.2,36,16,9,1,0,0
서울,중랑구,중화제1동,1126060000,17835,8789,9046,—,0.666,721,1041,4972,5041,4549,3519,25,14.0,10,9,5,1,0,0
서울,중랑구,중화제2동,1126061000,25574,12922,12652,—,0.953,975,1055,7200,7451,6529,5063,39,15.2,17,13,9,0,0,0
서울,중랑구,묵제1동,1126062000,33173,15687,17486,—,1.202,1353,2789,9085,10218,7364,7307,37,11.2,19,10,6,2,0,0
서울,중랑구,묵제2동,1126063000,17471,8494,8977,—,0.665,610,917,4775,5214,4450,3502,25,14.3,11,6,8,0,0,0
서울,중랑구,망우본동,1126065500,37949,18598,19351,—,2.933,2513,2376,10293,11108,8679,7956,71,18.7,31,20,12,5,1,0
서울,중랑구,망우제3동,1126066000,15157,7578,7579,—,0.986,423,765,3608,4464,4303,2556,32,21.1,15,9,7,1,0,0
서울,중랑구,신내1동,1126068000,36551,17529,19022,—,2.478,1856,3599,8180,10907,8973,6697,29,7.9,14,9,5,0,1,0
서울,중랑구,신내2동,1126069000,18847,8865,9982,—,0.93,852,1257,4552,5583,5088,3579,37,19.6,17,9,10,0,0,1
서울,성북구,성북동,1129052500,15514,7139,8375,—,2.404,518,942,4840,4674,3417,3648,14,9.0,7,4,3,0,0,0
서울,성북구,삼선동,1129055500,21504,10088,11416,—,0.908,639,1445,7040,6367,4533,5082,66,30.7,37,16,13,0,0,0
서울,성북구,동선동,1129057500,14922,5925,8997,—,0.728,320,883,7119,3499,2376,5551,66,44.2,37,17,10,1,0,0
서울,성북구,돈암제1동,1129058000,13638,6317,7321,—,0.459,593,950,3468,4023,3440,2692,11,8.1,6,4,1,0,0,0
서울,성북구,돈암제2동,1129059000,22770,10754,12016,—,0.521,1476,2393,5238,7755,4280,4581,11,4.8,5,3,3,0,0,0
서울,성북구,안암동,1129060000,15564,7804,7760,—,1.268,338,818,8035,3174,2385,4469,15,9.6,5,6,2,1,0,0
서울,성북구,보문동,1129061000,15611,7457,8154,—,0.587,781,941,5072,4763,3006,3648,20,12.8,7,6,5,0,0,2
서울,성북구,정릉제1동,1129062000,17433,8315,9118,—,0.388,1011,1599,4385,5617,3698,3618,22,12.6,11,5,5,0,0,1
서울,성북구,정릉제2동,1129063000,21380,10185,11195,—,1.12,969,1444,5419,6554,5348,4147,19,8.9,10,4,4,0,0,1
서울,성북구,정릉제3동,1129064000,13822,6775,7047,—,3.341,342,860,5071,3239,3397,2918,7,5.1,3,2,1,0,0,1
서울,성북구,정릉제4동,1129065000,23347,11051,12296,—,3.694,981,1719,5682,7299,5842,4408,22,9.4,11,6,5,0,0,0
서울,성북구,길음제1동,1129066000,35319,16714,18605,—,0.814,2556,5123,7266,13190,5445,7536,55,15.6,27,15,13,0,0,0
서울,성북구,길음제2동,1129068500,21369,10176,11193,—,0.613,1768,2135,5133,7439,3608,4718,29,13.6,8,8,9,3,0,1
서울,성북구,종암동,1129070500,36618,17989,18629,—,1.512,1733,3058,9861,11168,8164,7365,53,14.5,26,13,11,1,0,1
서울,성북구,월곡제1동,1129071500,24355,11690,12665,—,0.761,1306,2212,5563,7863,5715,4729,30,12.3,11,10,9,0,0,0
서울,성북구,월곡제2동,1129072500,18370,8660,9710,—,1.327,661,1216,5921,5022,4303,4447,30,16.3,16,8,6,0,0,0
서울,성북구,장위제1동,1129076000,22459,10944,11515,—,0.721,1157,1677,5675,7084,5014,4302,13,5.8,7,3,3,0,0,0
서울,성북구,장위제2동,1129077000,15636,7647,7989,—,0.662,721,866,4415,4566,3870,3149,28,17.9,17,6,5,0,0,0
서울,성북구,장위제3동,1129078000,18740,9135,9605,—,0.679,1632,1570,4889,6224,3208,4090,15,8.0,6,5,3,0,0,1
서울,성북구,석관동,1129081000,32735,16006,16729,—,1.722,1360,1853,8854,9468,8612,6470,33,10.1,15,9,9,0,0,0
서울,강북구,삼양동,1130553400,24161,11865,12296,—,0.947,987,1645,5737,7548,6209,4288,26,10.8,15,8,3,0,0,0
서울,강북구,미아동,1130553500,20093,9571,10522,—,0.85,397,1021,5841,5598,5508,4218,70,34.8,33,23,11,2,0,0
서울,강북구,송중동,1130554500,27132,12906,14226,—,1.057,995,1700,6846,8264,7084,5207,59,21.7,35,14,9,1,0,0
서울,강북구,송천동,1130555500,22652,11112,11540,—,0.935,680,1201,5190,6756,6741,3895,52,23.0,18,15,15,2,0,2
서울,강북구,삼각산동,1130557500,29798,14231,15567,—,0.584,1923,3474,6329,10603,5553,5842,44,14.8,24,11,9,0,0,0
서울,강북구,번1동,1130559500,15876,7796,8080,—,0.593,385,678,4940,4706,3910,3480,58,36.5,31,14,9,0,1,1
서울,강북구,번2동,1130560300,14115,6716,7399,—,1.007,346,742,2997,4065,4714,2252,11,7.8,6,2,3,0,0,0
서울,강북구,번3동,1130560800,15273,7017,8256,—,1.086,526,955,2956,4284,5269,2308,17,11.1,7,4,5,0,0,1
서울,강북구,수유1동,1130561500,19226,9405,9821,—,1.72,543,1120,5040,5481,5398,3620,15,7.8,7,2,6,0,0,0
서울,강북구,수유2동,1130562500,19744,9317,10427,—,0.603,649,1113,4462,5832,5989,3433,35,17.7,18,9,8,0,0,0
서울,강북구,수유3동,1130563500,22223,10711,11512,—,0.727,414,919,7028,6388,5661,4864,66,29.7,38,17,10,1,0,0
서울,강북구,우이동,1130564500,19344,9181,10163,—,10.643,614,1224,4250,5805,5832,3350,9,4.7,5,1,3,0,0,0
서울,강북구,인수동,1130566000,27872,13400,14472,—,2.846,839,1779,6179,8215,8408,4687,13,4.7,4,2,4,2,1,0
서울,도봉구,창제1동,1132051100,22562,10677,11885,—,1.088,915,1693,5605,7038,5571,4424,24,10.6,12,8,4,0,0,0
서울,도봉구,창제2동,1132051200,27407,13208,14199,—,0.679,1032,1826,6991,8391,6836,5328,19,6.9,9,5,4,0,0,0
서울,도봉구,창제3동,1132051300,12506,6240,6266,—,0.635,352,845,2653,3944,3568,1974,14,11.2,9,2,3,0,0,0
서울,도봉구,창제4동,1132051400,25798,12260,13538,—,1.109,1259,2118,6750,8087,5566,5389,40,15.5,18,15,7,0,0,0
서울,도봉구,창제5동,1132051500,23236,10997,12239,—,0.687,967,1592,6144,6908,5672,4681,45,19.4,18,15,9,2,0,0
서울,도봉구,도봉제1동,1132052100,19293,9665,9628,—,8.466,421,950,3689,5478,6904,2667,7,3.6,1,1,3,1,0,1
서울,도봉구,도봉제2동,1132052200,25671,12416,13255,—,1.189,1197,1370,5603,7353,7988,4410,29,11.3,13,8,7,0,0,0
서울,도봉구,쌍문제1동,1132066000,20459,9697,10762,—,1.155,733,1387,4811,6072,5738,3762,15,7.3,5,3,4,0,0,3
서울,도봉구,쌍문제2동,1132067000,17208,8212,8996,—,0.529,594,1040,4033,5195,4849,3018,36,20.9,18,8,9,0,0,0
서울,도봉구,쌍문제3동,1132068000,15843,7548,8295,—,0.497,524,842,4307,4662,4225,3187,38,24.0,17,11,8,1,1,0
서울,도봉구,쌍문제4동,1132068100,17522,8239,9283,—,0.574,788,1682,3823,5487,4273,3262,11,6.3,6,3,2,0,0,0
서울,도봉구,방학제1동,1132069000,27721,13660,14061,—,1.055,949,2013,6187,8595,7481,4878,68,24.5,34,17,15,0,0,0
서울,도봉구,방학제2동,1132070000,17385,8702,8683,—,1.103,467,1034,3547,5214,5436,2579,17,9.8,8,4,4,0,0,0
서울,도봉구,방학제3동,1132071000,25209,12094,13115,—,1.851,1173,2418,5056,7631,6770,4181,21,8.3,8,6,5,0,0,2
서울,노원구,월계1동,1135056000,20133,10319,9814,—,1.173,739,1357,6161,5657,4766,3880,43,21.4,23,11,8,0,0,1
서울,노원구,월계2동,1135057000,24502,11707,12795,—,1.982,1036,1837,5076,7524,7015,4191,13,5.3,7,3,3,0,0,0
서울,노원구,월계3동,1135058000,27617,13098,14519,—,1.162,1504,1674,7126,8020,7237,5424,18,6.5,9,5,4,0,0,0
서울,노원구,공릉1동,1135059500,35130,16901,18229,—,1.203,1159,2310,11209,9752,8149,7936,80,22.8,40,24,11,2,0,1
서울,노원구,공릉2동,1135060000,40678,19638,21040,—,7.228,2489,3982,12132,12442,7148,9278,33,8.1,15,10,7,0,1,0
서울,노원구,하계1동,1135061100,25059,11885,13174,—,1.434,813,2496,6902,7329,5588,4913,17,6.8,8,6,2,0,1,0
서울,노원구,하계2동,1135061200,19421,9228,10193,—,0.503,1051,2154,4668,6434,3632,3978,10,5.1,5,3,2,0,0,0
서울,노원구,중계본동,1135061900,21973,10606,11367,—,2.051,1003,3961,4223,8348,3002,4367,21,9.6,9,8,4,0,0,0
서울,노원구,중계1동,1135062100,25709,12543,13166,—,0.605,1548,5032,4299,10289,3207,5284,45,17.5,25,12,8,0,0,0
서울,노원구,중계4동,1135062400,18464,8840,9624,—,1.451,761,1779,3845,6012,4619,3150,24,13.0,12,6,5,0,0,1
서울,노원구,중계2.3동,1135062500,30976,13978,16998,—,0.942,1244,2301,7146,9336,8655,5789,37,11.9,20,10,7,0,0,0
서울,노원구,상계1동,1135063000,35794,17099,18695,—,4.979,1497,2671,8287,10842,9362,6461,41,11.5,22,12,6,0,0,1
서울,노원구,상계2동,1135064000,18502,9087,9415,—,0.588,553,1396,4720,5732,4431,3397,91,49.2,44,16,21,3,0,2
서울,노원구,상계3.4동,1135066500,26200,12995,13205,—,5.754,1088,1988,5386,8163,7301,4164,25,9.5,11,6,8,0,0,0
서울,노원구,상계5동,1135067000,21971,10638,11333,—,0.49,635,1514,4951,6711,6193,3593,34,15.5,16,13,5,0,0,0
서울,노원구,상계6.7동,1135069500,30044,13704,16340,—,1.419,1538,2254,8545,9391,6111,6745,150,49.9,91,30,28,0,1,0
서울,노원구,상계8동,1135070000,21207,10034,11173,—,0.659,1813,1555,6972,6215,3536,5253,37,17.4,23,7,7,0,0,0
서울,노원구,상계9동,1135071000,18835,8757,10078,—,0.833,895,1498,4812,5957,4323,3818,28,14.9,14,9,5,0,0,0
서울,노원구,상계10동,1135072000,17830,8209,9621,—,0.824,1015,1389,5102,5644,3431,4048,18,10.1,4,7,6,0,0,1
서울,은평구,녹번동,1138051000,35037,16421,18616,—,1.906,1613,2033,9509,10613,8602,7436,25,7.1,8,7,6,2,0,1
서울,은평구,불광제1동,1138052000,33540,15650,17890,—,3.33,1393,2078,9087,9868,8412,7045,44,13.1,25,9,9,0,0,1
서울,은평구,불광제2동,1138053000,26084,12510,13574,—,1.332,589,1261,7253,7339,7395,5078,40,15.3,16,11,13,0,0,0
서울,은평구,갈현제1동,1138055100,13933,6656,7277,—,0.949,335,862,3907,4106,3591,2865,49,35.2,25,14,8,0,1,1
서울,은평구,갈현제2동,1138055200,26554,12510,14044,—,1.048,753,1957,7058,8341,6327,5355,28,10.5,15,9,3,1,0,0
서울,은평구,구산동,1138056000,30488,14708,15780,—,1.346,1001,2241,7447,9527,7660,5864,19,6.2,8,5,4,1,0,1
서울,은평구,대조동,1138057000,26779,12291,14488,—,0.867,719,1271,9732,7175,6090,6979,137,51.2,68,32,33,3,0,0
서울,은평구,응암제1동,1138058000,31894,14789,17105,—,1.154,1707,2456,8980,10213,6415,7435,96,30.1,48,31,15,1,0,1
서울,은평구,응암제2동,1138059000,26693,12847,13846,—,0.743,2231,2736,6061,9345,4788,5790,19,7.1,9,6,3,0,0,0
서울,은평구,응암제3동,1138060000,22660,10894,11766,—,0.73,566,1122,6120,6383,6590,4312,47,20.7,21,10,14,1,0,0
서울,은평구,역촌동,1138062500,44213,20643,23570,—,1.082,1606,2996,11526,13836,10685,9222,55,12.4,26,15,12,2,0,0
서울,은평구,신사제1동,1138063100,25770,12213,13557,—,0.826,977,1608,6937,7782,6445,5241,39,15.1,17,11,10,0,0,0
서울,은평구,신사제2동,1138063200,19316,9482,9834,—,1.036,796,1350,5072,5824,4710,3840,16,8.3,8,6,2,0,0,0
서울,은평구,증산동,1138064000,15099,7242,7857,—,0.915,809,1073,3918,4730,3461,3077,23,15.2,10,6,7,0,0,0
서울,은평구,수색동,1138065000,21058,10124,10934,—,1.134,1744,1379,6020,6623,3799,4560,13,6.2,7,4,2,0,0,0
서울,은평구,진관동,1138069000,53508,24762,28746,—,12.846,2731,6491,12637,17627,10595,11617,68,12.7,33,17,17,0,1,0
서울,서대문구,천연동,1141052000,16465,7715,8750,—,0.889,939,1191,4232,5060,3732,3381,23,14.0,9,8,6,0,0,0
서울,서대문구,북아현동,1141055500,14984,7207,7777,—,0.442,1149,984,4491,4764,2580,3582,32,21.4,21,5,6,0,0,0
서울,서대문구,충현동,1141056500,19038,9063,9975,—,1.131,845,1241,5933,5691,3948,4504,24,12.6,10,6,7,0,0,1
서울,서대문구,신촌동,1141058500,20581,8735,11846,—,2.554,384,977,12385,3765,2327,8433,61,29.6,30,19,8,0,0,0
서울,서대문구,연희동,1141061500,32954,15549,17405,—,2.812,1028,1861,12509,8891,6650,8467,40,12.1,16,12,11,0,0,1
서울,서대문구,홍제제1동,1141062000,24185,11195,12990,—,1.553,1156,1624,6426,7454,5687,5100,33,13.6,17,9,7,0,0,0
서울,서대문구,홍제제3동,1141064000,17103,8081,9022,—,1.026,871,1018,4362,5070,4434,3283,41,24.0,28,8,5,0,0,0
서울,서대문구,홍제제2동,1141065500,11770,5468,6302,—,0.709,600,698,3066,3397,2988,2322,28,23.8,11,8,8,1,0,0
서울,서대문구,홍은제1동,1141066000,23338,11156,12182,—,1.543,1178,1512,6000,7051,5702,4650,18,7.7,7,5,5,0,0,1
서울,서대문구,홍은제2동,1141068500,27015,12878,14137,—,2.038,1118,2072,7281,8271,6224,5506,15,5.6,5,5,3,0,1,1
서울,서대문구,남가좌제1동,1141069000,17280,8236,9044,—,0.445,1762,2082,3694,6105,2687,3836,50,28.9,28,15,6,1,0,0
서울,서대문구,남가좌제2동,1141070000,28284,13463,14821,—,0.808,1902,2579,7590,8903,5597,6327,46,16.3,21,13,12,0,0,0
서울,서대문구,북가좌제1동,1141071000,17039,8162,8877,—,0.578,918,1870,3827,5691,3538,3404,6,3.5,2,2,0,0,0,1
서울,서대문구,북가좌제2동,1141072000,29456,14095,15361,—,0.791,967,1878,7910,8747,7586,5843,37,12.6,16,12,9,0,0,0
서울,마포구,아현동,1144055500,28578,13229,15349,—,0.728,2653,2390,8131,9545,4179,7377,73,25.5,36,22,14,1,0,0
서울,마포구,공덕동,1144056500,35734,16603,19131,—,1.014,1615,2040,11684,10722,6950,8936,63,17.6,38,18,7,0,0,0
서울,마포구,도화동,1144058500,20240,9574,10666,—,0.602,1209,1380,5925,5999,4218,4554,76,37.5,45,15,15,0,0,0
서울,마포구,용강동,1144059000,21199,9928,11271,—,0.772,1700,2265,5179,7443,3430,5001,39,18.4,18,11,8,2,0,0
서울,마포구,대흥동,1144060000,14161,6692,7469,—,0.832,447,893,5927,3968,2140,4174,86,60.7,51,18,14,2,0,0
서울,마포구,염리동,1144061000,16697,7952,8745,—,0.537,1142,1868,4689,5808,2356,4152,13,7.8,6,5,2,0,0,0
서울,마포구,신수동,1144063000,22086,10727,11359,—,0.816,1295,1735,6648,7158,3909,5068,18,8.1,6,6,5,1,0,0
서울,마포구,서강동,1144065500,24274,11565,12709,—,1.478,1324,1665,8561,7337,3982,6349,19,7.8,4,8,6,0,0,0
서울,마포구,서교동,1144066000,23368,10642,12726,—,1.639,572,961,10572,6416,3624,7588,178,76.2,121,31,24,0,0,0
서울,마포구,합정동,1144068000,15454,7024,8430,—,1.659,477,680,6030,4431,2860,4507,27,17.5,17,5,4,0,0,0
서울,마포구,망원제1동,1144069000,18345,8486,9859,—,1.084,567,896,6374,5448,3855,4784,57,31.1,33,12,12,0,0,0
서울,마포구,망원제2동,1144070000,17042,7864,9178,—,0.64,640,1227,5165,5411,3524,4156,19,11.1,8,4,7,0,0,0
서울,마포구,연남동,1144071000,13799,6389,7410,—,0.644,414,613,5517,3919,2587,3933,11,8.0,2,5,4,0,0,0
서울,마포구,성산제1동,1144072000,18234,8288,9946,—,0.86,554,1142,6115,5805,3490,4744,18,9.9,6,6,5,0,0,1
서울,마포구,성산제2동,1144073000,37809,16701,21108,—,1.953,1620,2510,13392,10691,7234,10555,39,10.3,19,12,7,0,0,1
서울,마포구,상암동,1144074000,28988,13477,15511,—,8.561,1534,3328,7725,9656,5075,6708,61,21.0,32,16,12,0,0,1
서울,양천구,목1동,1147051000,29841,14339,15502,—,1.557,2251,5119,5145,11561,4176,6320,129,43.2,66,34,26,1,0,0
서울,양천구,목2동,1147052000,27720,13263,14457,—,1.049,1036,2016,8838,8304,5428,6575,26,9.4,11,8,6,1,0,0
서울,양천구,목3동,1147053000,20497,9697,10800,—,0.498,893,1226,6299,6019,4472,4681,58,28.3,29,16,13,0,0,0
서울,양천구,목4동,1147054000,23446,11383,12063,—,0.559,865,2703,6094,8020,4061,4753,39,16.6,19,10,10,0,0,0
서울,양천구,목5동,1147055000,40317,19934,20383,—,1.796,2718,7302,6635,15284,6092,8293,53,13.1,23,17,12,0,0,0
서울,양천구,신월1동,1147056000,18415,9401,9014,—,0.625,483,992,4080,5583,5424,2987,21,11.4,10,6,5,0,0,0
서울,양천구,신월2동,1147057000,20397,9909,10488,—,0.611,1061,1689,4718,6277,5125,3842,18,8.8,11,3,3,1,0,0
서울,양천구,신월3동,1147058000,13430,7073,6357,—,0.923,523,822,3068,3972,3765,2189,13,9.7,6,3,2,0,0,1
서울,양천구,신월4동,1147059000,16537,7976,8561,—,0.452,869,1422,3520,5191,4216,2974,22,13.3,11,8,3,0,0,0
서울,양천구,신월5동,1147060000,13597,6695,6902,—,0.636,562,1078,3501,4177,3184,2648,11,8.1,3,4,3,1,0,0
서울,양천구,신월6동,1147061000,13549,6619,6930,—,0.471,1262,1319,3268,4416,2459,2870,23,17.0,14,4,3,0,0,0
서울,양천구,신월7동,1147061100,17842,8637,9205,—,1.22,627,919,4194,5128,5292,3085,19,10.6,10,4,5,0,0,0
서울,양천구,신정1동,1147062000,19334,9412,9922,—,0.736,1311,2980,3432,6947,3350,3853,69,35.7,33,20,16,0,0,0
서울,양천구,신정2동,1147063000,18650,9096,9554,—,0.645,1089,2832,3433,6679,3358,3610,37,19.8,18,9,10,0,0,0
서울,양천구,신정3동,1147064000,44056,21198,22858,—,2.821,2365,4517,10325,14459,9133,8439,36,8.2,18,13,4,0,1,0
서울,양천구,신정4동,1147065000,31161,15016,16145,—,0.991,847,1800,9502,9267,7451,6773,85,27.3,38,19,23,0,1,0
서울,양천구,신정6동,1147067000,23758,11481,12277,—,0.922,1645,3647,4522,8558,3789,4835,5,2.1,1,1,2,0,0,0
서울,양천구,신정7동,1147068000,27580,13152,14428,—,1.138,1480,3179,5272,9203,6339,5042,36,13.1,14,13,8,0,0,1
서울,강서구,염창동,1150051000,40967,19570,21397,—,1.671,3079,4214,12407,13148,5826,10443,52,12.7,26,14,10,1,0,1
서울,강서구,등촌제1동,1150052000,24852,11421,13431,—,0.656,1158,1079,10915,6633,3741,7957,49,19.7,23,13,10,1,0,0
서울,강서구,등촌제2동,1150053000,18830,9156,9674,—,0.891,781,1294,5688,5493,4093,4172,22,11.7,7,8,6,1,0,0
서울,강서구,등촌제3동,1150053500,28436,13333,15103,—,1.037,1350,1463,7431,7308,8456,5556,107,37.6,57,25,18,3,1,1
서울,강서구,화곡제1동,1150054000,49574,23886,25688,—,1.187,1526,2149,17802,13924,10702,12453,61,12.3,27,17,14,1,0,0
서울,강서구,화곡제2동,1150055000,16638,7986,8652,—,0.455,622,1178,4686,5270,3577,3514,18,10.8,6,6,6,0,0,0
서울,강서구,화곡제3동,1150056000,20398,9662,10736,—,0.52,751,1539,5491,5960,5211,4397,81,39.7,42,21,14,2,0,1
서울,강서구,화곡제4동,1150057000,18957,9165,9792,—,0.852,596,1149,4823,5987,4868,3659,33,17.4,17,6,8,1,0,1
서울,강서구,화곡본동,1150059000,31606,15301,16305,—,0.977,1011,1977,10695,9449,6361,7668,32,10.1,18,4,7,0,0,0
서울,강서구,화곡제6동,1150059100,25204,12022,13182,—,1.058,1311,1355,8670,7003,5135,6354,30,11.9,12,10,8,0,0,0
서울,강서구,화곡제8동,1150059300,22283,10709,11574,—,0.573,649,1271,6570,6705,5480,4734,50,22.4,27,12,11,0,0,0
서울,강서구,가양제1동,1150060300,33295,14915,18380,—,4.861,1223,1479,16168,8387,4327,11878,90,27.0,42,24,21,2,0,0
서울,강서구,가양제2동,1150060400,12787,6025,6762,—,0.696,374,380,3147,2733,5059,2293,33,25.8,23,6,4,0,0,0
서울,강서구,가양제3동,1150060500,13300,6142,7158,—,0.599,575,326,3857,3260,4236,2817,15,11.3,6,4,5,0,0,0
서울,강서구,발산제1동,1150061100,34517,16166,18351,—,2.944,1942,4450,7911,11706,6293,7053,115,33.3,58,28,21,4,2,0
서울,강서구,우장산동,1150061500,43565,20666,22899,—,1.239,2614,5235,10635,14887,7632,9688,44,10.1,21,11,11,1,0,0
서울,강서구,공항동,1150062000,28686,14464,14222,—,10.88,2041,2645,8017,9131,5090,6262,20,7.0,9,6,4,0,1,0
서울,강서구,방화제1동,1150063000,40415,19609,20806,—,1.473,2586,4122,9463,12773,8660,8098,104,25.7,58,24,19,3,0,0
서울,강서구,방화제2동,1150064000,22354,11028,11326,—,6.155,808,1182,6538,6100,6021,4554,14,6.3,10,2,2,0,0,0
서울,강서구,방화제3동,1150064100,21157,10121,11036,—,2.542,884,1150,4972,6064,6426,3903,16,7.6,6,5,5,0,0,0
서울,구로구,신도림동,1153051000,35718,17123,18595,—,1.37,2643,3609,9843,11632,5914,8525,64,17.9,35,17,12,0,0,0
서울,구로구,구로제1동,1153052000,20014,9777,10237,—,1.078,1339,1792,5804,6252,3583,4586,14,7.0,6,4,4,0,0,0
서울,구로구,구로제2동,1153053000,21586,10725,10861,—,1.801,516,1040,5275,6188,6506,3585,51,23.6,30,15,4,1,0,0
서울,구로구,구로제3동,1153054000,22634,11677,10957,—,1.038,727,1201,8696,6562,4132,5606,76,33.6,38,22,15,1,0,0
서울,구로구,구로제4동,1153055000,17537,8400,9137,—,0.514,456,684,4688,4867,5262,3343,71,40.5,33,19,19,0,0,0
서울,구로구,구로제5동,1153056000,28435,13826,14609,—,1.018,1313,1276,10045,7896,5915,7073,46,16.2,25,10,6,3,0,1
서울,구로구,가리봉동,1153059500,8871,4896,3975,—,0.406,168,240,3146,2284,2233,1690,12,13.5,5,3,2,0,0,2
서울,구로구,고척제1동,1153072000,26234,12998,13236,—,1.127,1796,1758,8002,7482,5457,5732,44,16.8,21,11,8,1,1,1
서울,구로구,고척제2동,1153073000,24683,12067,12616,—,0.992,1069,1849,5684,7507,6523,4365,39,15.8,20,10,6,3,0,0
서울,구로구,개봉제1동,1153074000,33128,16336,16792,—,1.121,1869,2075,8688,9680,8142,6441,39,11.8,17,9,10,0,0,2
서울,구로구,개봉제2동,1153075000,29083,13886,15197,—,0.812,1380,1828,7364,8442,7912,5752,50,17.2,23,17,10,0,0,0
서울,구로구,개봉제3동,1153076000,18482,8873,9609,—,0.844,647,1154,4183,5588,5290,3241,16,8.7,10,4,2,0,0,0
서울,구로구,오류제1동,1153077000,23027,10894,12133,—,0.744,854,1037,8838,5988,4867,6296,47,20.4,25,11,9,0,0,1
서울,구로구,오류제2동,1153078000,35329,16680,18649,—,3.064,1540,3544,8081,10994,8742,6670,31,8.8,12,11,7,1,0,0
서울,구로구,수궁동,1153079000,21589,10547,11042,—,2.643,843,1630,4950,6547,5736,3806,13,6.0,4,6,3,0,0,0
서울,구로구,항동,1153080000,15952,7686,8266,—,1.427,1794,1864,3622,5439,2397,3665,10,6.3,5,3,2,0,0,0
서울,금천구,가산동,1154551000,25639,13657,11982,—,2.233,558,558,14214,5517,3483,8030,89,34.7,42,28,18,0,0,0
서울,금천구,독산제1동,1154561000,47736,24118,23618,—,1.955,2518,2420,19530,12560,7621,12704,44,9.2,22,13,5,2,0,1
서울,금천구,독산제2동,1154562000,16964,8493,8471,—,0.613,511,873,4418,4951,4483,3016,18,10.6,7,7,4,0,0,0
서울,금천구,독산제3동,1154563000,22518,11317,11201,—,0.941,551,995,6662,6229,5939,4291,41,18.2,18,11,9,1,0,0
서울,금천구,독산제4동,1154564000,13775,6890,6885,—,0.617,367,671,3507,3989,3691,2379,20,14.5,6,9,4,1,0,0
서울,금천구,시흥제1동,1154567000,30949,15302,15647,—,1.47,1099,1869,8624,9003,7673,6052,92,29.7,45,23,18,1,1,2
서울,금천구,시흥제2동,1154568000,19668,9407,10261,—,1.174,951,1784,4005,6017,5188,3312,9,4.6,4,4,1,0,0,0
서울,금천구,시흥제3동,1154569000,9865,4859,5006,—,1.329,304,544,2318,2850,2913,1632,8,8.1,4,3,1,0,0,0
서울,금천구,시흥제4동,1154570000,18166,8996,9170,—,0.767,562,1105,3959,5348,5351,2841,24,13.2,12,5,7,0,0,0
서울,금천구,시흥제5동,1154571000,17088,8443,8645,—,1.42,555,980,3787,4931,5196,2676,29,17.0,16,6,7,0,0,0
서울,영등포구,영등포본동,1156051500,20189,10360,9829,—,0.804,975,1029,5685,5869,4929,3969,19,9.4,10,4,4,0,0,0
서울,영등포구,영등포동,1156053500,31213,15758,15455,—,1.409,952,842,17042,7018,3905,10848,123,39.4,65,30,19,4,2,2
서울,영등포구,여의동,1156054000,33914,15889,18025,—,8.168,2230,2883,8413,10840,7182,7445,199,58.7,116,53,29,0,1,0
서울,영등포구,당산제1동,1156055000,20973,10044,10929,—,0.74,907,871,8720,5368,3876,5945,42,20.0,20,13,8,1,0,0
서울,영등포구,당산제2동,1156056000,36222,16831,19391,—,1.627,2171,2252,14500,9821,5527,10902,98,27.1,56,25,16,0,0,1
서울,영등포구,도림동,1156058500,17519,8862,8657,—,0.547,659,782,5882,5005,3896,3957,17,9.7,7,3,7,0,0,0
서울,영등포구,문래동,1156060500,31057,15066,15991,—,1.734,2447,2903,8567,10204,5327,7373,58,18.7,28,17,10,0,0,3
서울,영등포구,양평제1동,1156061000,19636,9293,10343,—,0.86,1204,1125,7976,5589,2846,5904,23,11.7,8,8,6,1,0,0
서울,영등포구,양평제2동,1156062000,22354,10721,11633,—,2.88,1366,1291,9007,6264,3243,6504,24,10.7,8,8,7,0,0,1
서울,영등포구,신길제1동,1156063000,18870,9546,9324,—,0.808,563,815,7000,5087,4097,4389,25,13.2,9,10,4,1,1,0
서울,영등포구,신길제3동,1156065000,16048,7944,8104,—,0.478,865,1029,4349,4680,3831,3175,45,28.0,25,13,7,0,0,0
서울,영등포구,신길제4동,1156066000,11752,5769,5983,—,0.287,580,792,3021,3583,2820,2314,15,12.8,6,3,5,0,0,0
서울,영등포구,신길제5동,1156067000,9496,4583,4913,—,0.528,543,717,2208,2870,2399,1758,6,6.3,2,3,1,0,0,0
서울,영등포구,신길제6동,1156068000,17675,8514,9161,—,0.676,760,969,6222,4647,3804,4277,53,30.0,28,16,8,1,0,0
서울,영등포구,신길제7동,1156069000,19305,9515,9790,—,0.545,1700,1889,5297,6095,3169,4325,12,6.2,6,2,3,0,0,1
서울,영등포구,대림제1동,1156070000,13177,6518,6659,—,0.479,515,676,3375,3731,3726,2320,33,25.0,17,7,7,0,2,0
서울,영등포구,대림제2동,1156071000,11429,5521,5908,—,0.576,243,442,3576,3052,3177,2319,42,36.7,22,10,8,0,1,0
서울,영등포구,대림제3동,1156072000,20591,10190,10401,—,0.933,815,969,5674,5717,5563,3774,25,12.1,7,8,7,1,0,1
서울,동작구,노량진제1동,1159051000,33409,17147,16262,—,1.62,1457,1746,12676,8538,6855,7596,31,9.3,16,8,7,0,0,0
서울,동작구,노량진제2동,1159052000,7391,3940,3451,—,0.646,93,226,2962,1772,1811,1640,20,27.1,11,3,5,1,0,0
서울,동작구,상도제1동,1159053000,43946,21292,22654,—,1.424,1722,3113,16209,11587,8625,10537,58,13.2,27,17,13,1,0,0
서울,동작구,상도제2동,1159054000,26674,12613,14061,—,0.773,1738,2050,7820,8273,5128,6356,65,24.4,31,24,10,0,0,0
서울,동작구,상도제3동,1159055000,23306,11005,12301,—,0.67,650,1253,7607,6619,5441,5429,50,21.5,21,13,15,1,0,0
서울,동작구,상도제4동,1159056000,28593,13910,14683,—,0.964,1193,1657,8858,8417,6317,6297,22,7.7,10,6,6,0,0,0
서울,동작구,흑석동,1159060500,29799,14264,15535,—,1.717,2090,2314,8044,9437,5843,6432,47,15.8,22,12,12,0,0,0
서울,동작구,사당제1동,1159062000,22111,10652,11459,—,0.63,483,757,9754,5315,4400,6265,68,30.8,33,18,14,2,0,0
서울,동작구,사당제2동,1159063000,27574,13196,14378,—,2.732,1481,1752,7511,8422,6554,5844,69,25.0,32,20,16,0,0,0
서울,동작구,사당제3동,1159064000,23124,11120,12004,—,0.89,1482,1516,6279,6843,5441,4972,10,4.3,5,3,2,0,0,0
서울,동작구,사당제4동,1159065000,13488,6423,7065,—,0.425,436,634,4514,3728,3265,3160,50,37.1,22,14,14,0,0,0
서울,동작구,사당제5동,1159065100,13673,6534,7139,—,0.658,744,833,4374,3984,2777,3241,3,2.2,1,1,1,0,0,0
서울,동작구,대방동,1159066000,33405,15689,17716,—,1.58,1306,3252,10296,10350,6235,8012,48,14.4,26,14,7,0,0,0
서울,동작구,신대방제1동,1159067000,22734,10876,11858,—,0.681,1118,1977,6381,6954,4757,4919,32,14.1,16,9,6,0,0,1
서울,동작구,신대방제2동,1159068000,22097,10540,11557,—,1.028,1162,1695,7740,6255,4005,5606,41,18.6,23,11,5,0,1,0
서울,관악구,보라매동,1162052500,22885,11153,11732,—,0.758,633,1200,8104,6068,5312,5320,28,12.2,13,9,6,0,0,0
서울,관악구,청림동,1162054500,14099,6710,7389,—,0.315,862,935,3890,4274,3158,2972,16,11.3,6,7,3,0,0,0
서울,관악구,성현동,1162056500,29432,14135,15297,—,0.683,1626,2541,7491,9253,6512,5898,19,6.5,6,7,6,0,0,0
서울,관악구,행운동,1162057500,28396,13606,14790,—,0.72,660,1193,13374,6601,5064,8570,62,21.8,34,16,9,3,0,0
서울,관악구,낙성대동,1162058500,17678,8901,8777,—,2.331,417,766,10169,3404,2279,5784,34,19.2,15,12,6,1,0,0
서울,관악구,청룡동,1162059500,36134,17305,18829,—,1.212,824,1450,19421,7429,5446,11917,39,10.8,18,12,8,0,0,1
서울,관악구,은천동,1162060500,31236,15180,16056,—,0.731,1243,2197,10054,8765,6879,7139,35,11.2,15,10,9,1,0,0
서울,관악구,중앙동,1162061500,15205,7230,7975,—,0.378,241,510,7920,3105,2709,4971,92,60.5,52,24,14,1,0,0
서울,관악구,인헌동,1162062500,24891,11998,12893,—,0.703,590,1134,10686,6143,4802,6776,43,17.3,23,11,9,0,0,0
서울,관악구,남현동,1162063000,17072,8248,8824,—,4.215,559,698,7047,4253,3422,4534,39,22.8,19,12,7,0,0,0
서울,관악구,서원동,1162064500,22728,11952,10776,—,0.628,371,672,11410,5127,3912,6166,35,15.4,16,9,6,2,1,0
서울,관악구,신원동,1162065500,17109,8761,8348,—,0.574,257,619,7354,4132,3690,4221,15,8.8,7,2,6,0,0,0
서울,관악구,서림동,1162066500,23602,13198,10404,—,0.759,462,915,10605,5945,4311,5470,46,19.5,22,14,10,0,0,0
서울,관악구,신사동,1162068500,22010,10921,11089,—,0.603,352,844,10225,5142,4127,6171,28,12.7,12,9,5,1,0,0
서울,관악구,신림동,1162069500,23451,12718,10733,—,0.505,196,449,15512,4317,2222,8131,65,27.7,39,16,9,0,0,1
서울,관악구,난향동,1162071500,14222,6939,7283,—,0.796,672,1295,2955,4930,3310,2561,11,7.7,4,4,3,0,0,0
서울,관악구,조원동,1162072500,19935,9885,10050,—,0.645,723,721,9075,4672,3574,5743,37,18.6,18,11,7,1,0,0
서울,관악구,대학동,1162073500,25084,15367,9717,—,8.452,449,911,12067,6619,3674,5481,6,2.4,2,2,1,0,0,0
서울,관악구,삼성동,1162074500,19850,9809,10041,—,2.577,608,1004,4135,5780,6432,3003,5,2.5,2,1,2,0,0,0
서울,관악구,미성동,1162076500,28290,13805,14485,—,1.334,971,1859,7818,8179,7209,5640,29,10.3,17,5,6,1,0,0
서울,관악구,난곡동,1162077500,23988,11930,12058,—,1.01,605,1363,6423,6902,6480,4366,36,15.0,19,11,6,0,0,0
서울,서초구,서초1동,1165051000,19996,9554,10442,—,1.365,925,1741,5847,6630,3655,4825,92,46.0,43,21,23,2,1,0
서울,서초구,서초2동,1165052000,24862,11659,13203,—,1.229,1745,2473,7884,8165,3478,6895,163,65.6,95,31,35,0,0,0
서울,서초구,서초3동,1165053000,32129,15141,16988,—,2.996,1378,2616,10431,9890,5857,8297,115,35.8,53,26,31,3,0,1
서울,서초구,서초4동,1165053100,29895,14558,15337,—,0.872,2101,4088,6204,10846,4955,6284,340,113.7,249,51,39,1,0,0
서울,서초구,잠원동,1165054000,34587,16623,17964,—,1.829,2585,4184,8077,12430,5283,7601,141,40.8,110,21,10,0,0,0
서울,서초구,반포본동,1165055000,2606,1277,1329,—,1.041,286,358,515,911,396,511,1,3.8,1,0,0,0,0,0
서울,서초구,반포1동,1165056000,33069,16182,16887,—,1.005,2486,4283,7984,12169,4633,7899,161,48.7,125,23,10,1,0,0
서울,서초구,반포2동,1165057000,26431,12484,13947,—,1.182,2381,4204,4768,9672,4084,5446,38,14.4,27,6,5,0,0,0
서울,서초구,반포3동,1165058000,23489,11141,12348,—,1.303,1685,3065,5043,8606,3765,4908,53,22.6,26,10,17,0,0,0
서울,서초구,반포4동,1165058100,17732,8245,9487,—,1.451,1287,1987,3960,6103,3340,3895,72,40.6,41,18,11,0,0,1
서울,서초구,방배본동,1165059000,19706,9036,10670,—,0.656,1032,2479,4529,6783,3630,4275,36,18.3,15,8,10,1,0,0
서울,서초구,방배1동,1165060000,16385,7623,8762,—,0.695,780,1402,4581,5178,3465,3863,84,51.3,45,18,19,2,0,0
서울,서초구,방배2동,1165061000,17387,8086,9301,—,1.925,769,1421,4627,5244,4095,3722,42,24.2,20,9,12,0,0,1
서울,서초구,방배3동,1165062000,15344,7267,8077,—,2.4,920,1651,3303,5007,3388,3051,10,6.5,3,4,1,2,0,0
서울,서초구,방배4동,1165062100,25684,11679,14005,—,0.937,1529,2965,6471,8864,4388,6072,105,40.9,59,25,19,0,0,0
서울,서초구,양재1동,1165065100,40296,19003,21293,—,5.71,2322,3891,10107,12512,8735,8455,84,20.8,46,22,14,1,0,1
서울,서초구,양재2동,1165065200,20730,10322,10408,—,7.396,859,1308,6987,6445,3712,4939,44,21.2,17,16,11,0,0,0
서울,서초구,내곡동,1165066000,16600,7956,8644,—,13.074,1147,1710,3536,5118,3971,3262,18,10.8,7,6,4,1,0,0
서울,강남구,신사동,1168051000,14913,6984,7929,—,1.733,751,1432,3584,4925,3298,3170,463,310.5,374,54,35,0,0,0
서울,강남구,논현1동,1168052100,20595,9730,10865,—,1.24,475,822,8422,6435,3339,6333,332,161.2,267,31,27,4,0,0
서울,강남구,논현2동,1168053100,20074,9297,10777,—,1.433,765,1207,6721,6783,3470,5615,238,118.6,165,35,29,6,0,0
서울,강남구,압구정동,1168054500,25300,11726,13574,—,2.326,1643,2717,5156,8417,5698,5060,227,89.7,152,37,31,4,0,2
서울,강남구,청담동,1168056500,26480,12336,14144,—,2.364,1588,2460,6767,9017,4984,6324,297,112.2,238,26,26,3,0,1
서울,강남구,삼성1동,1168058000,12716,6165,6551,—,1.915,646,1114,3229,4082,2725,2661,97,76.3,56,24,12,3,0,0
서울,강남구,삼성2동,1168059000,30137,14327,15810,—,1.252,1644,3418,8120,11089,4424,7602,133,44.1,77,26,28,2,0,0
서울,강남구,대치1동,1168060000,23538,11823,11715,—,0.804,1306,5291,3328,9447,3098,4637,126,53.5,76,27,22,0,0,0
서울,강남구,대치2동,1168061000,38321,19471,18850,—,2.05,2087,7044,6501,14204,6420,7491,82,21.4,40,20,20,1,0,0
서울,강남구,대치4동,1168063000,18200,8662,9538,—,0.7,507,2136,5774,6510,2370,4815,120,65.9,62,32,22,2,0,0
서울,강남구,역삼1동,1168064000,34346,16800,17546,—,2.355,750,1358,15636,10788,4267,11373,515,149.9,372,92,45,3,1,0
서울,강남구,역삼2동,1168065000,35971,16690,19281,—,1.118,1731,5720,8618,14227,4219,9106,111,30.9,67,26,16,1,0,0
서울,강남구,도곡1동,1168065500,20798,9746,11052,—,1.005,1316,2523,5117,6984,3580,4739,92,44.2,50,15,19,3,1,2
서울,강남구,도곡2동,1168065600,30788,14156,16632,—,1.026,2027,4509,5764,10914,5734,6475,56,18.2,29,17,10,0,0,0
서울,강남구,개포1동,1168066000,26489,12748,13741,—,1.732,2166,3703,4989,9248,4649,5373,3,1.1,1,2,0,0,0,0
서울,강남구,개포2동,1168067000,39997,19363,20634,—,1.579,3620,5128,9436,13740,5873,8947,61,15.3,31,15,15,0,0,0
서울,강남구,개포3동,1168067500,15443,7412,8031,—,1.029,889,1611,3454,4831,3805,3184,36,23.3,22,7,7,0,0,0
서울,강남구,개포4동,1168069000,22941,11020,11921,—,1.576,1430,2098,5983,7504,4292,4983,38,16.6,19,10,8,0,0,0
서울,강남구,세곡동,1168070000,45665,21313,24352,—,5.883,3162,4941,12266,14147,8473,10772,39,8.5,21,8,8,0,0,2
서울,강남구,일원본동,1168072000,22256,11006,11250,—,2.414,1511,3210,4432,7698,4066,4539,18,8.1,10,5,2,0,0,0
서울,강남구,일원1동,1168073000,13986,6667,7319,—,0.941,461,881,3819,3837,3910,2904,20,14.3,7,7,6,0,0,0
서울,강남구,수서동,1168075000,13403,6009,7394,—,1.616,515,442,2735,3058,5559,2122,38,28.4,25,7,6,0,0,0
서울,송파구,풍납1동,1171051000,10508,5137,5371,—,1.053,400,585,2500,3051,3075,1853,16,15.2,6,4,5,1,0,0
서울,송파구,풍납2동,1171052000,23026,10861,12165,—,1.983,1323,1742,6850,6844,4730,5508,24,10.4,9,7,6,0,0,0
서울,송파구,거여1동,1171053100,11771,5791,5980,—,0.504,394,719,2979,3520,3127,2151,25,21.2,12,7,4,0,0,2
서울,송파구,거여2동,1171053200,22868,11013,11855,—,0.503,1406,1701,5493,7171,5372,4467,50,21.9,30,12,7,0,0,0
서울,송파구,마천1동,1171054000,15017,7639,7378,—,0.517,483,1065,3176,4470,4422,2307,14,9.3,8,2,4,0,0,0
서울,송파구,마천2동,1171055000,16801,8534,8267,—,0.953,458,908,3593,4985,5181,2491,40,23.8,17,11,10,0,0,2
서울,송파구,방이1동,1171056100,14705,7072,7633,—,0.583,767,1417,3851,4705,2843,3175,40,27.2,17,12,10,0,0,1
서울,송파구,방이2동,1171056200,26381,11813,14568,—,0.764,764,1067,11627,7070,4371,8705,74,28.1,37,21,15,0,0,0
서울,송파구,오륜동,1171056600,17354,8534,8820,—,3.122,1065,2417,3179,5733,3659,3296,19,10.9,11,5,3,0,0,0
서울,송파구,오금동,1171057000,36909,17820,19089,—,1.725,1946,3061,9051,11433,8345,7196,31,8.4,11,11,7,0,0,1
서울,송파구,송파1동,1171058000,22816,10502,12314,—,0.693,832,1074,9118,6225,4164,6598,55,24.1,24,12,16,3,0,0
서울,송파구,송파2동,1171059000,16890,8098,8792,—,0.596,1126,1734,4377,5368,3141,3793,35,20.7,19,10,6,0,0,0
서울,송파구,석촌동,1171060000,29892,14046,15846,—,0.928,950,1461,11343,8644,5542,8266,87,29.1,45,20,21,1,0,0
서울,송파구,삼전동,1171061000,28102,13137,14965,—,0.986,844,1640,10572,8431,4868,7881,50,17.8,22,15,9,3,0,0
서울,송파구,가락본동,1171062000,24551,12141,12410,—,1.045,1225,1472,7588,7343,4928,5394,83,33.8,33,22,17,8,1,2
서울,송파구,가락1동,1171063100,27101,13003,14098,—,1.361,2747,3135,6124,8812,4661,6095,47,17.3,24,11,11,0,0,0
서울,송파구,가락2동,1171063200,27872,13602,14270,—,0.937,1707,2845,7450,9010,4959,6099,69,24.8,37,20,12,0,0,0
서울,송파구,문정1동,1171064100,19580,9571,10009,—,0.664,1012,1334,6242,5512,3951,4484,32,16.3,17,9,6,0,0,0
서울,송파구,문정2동,1171064200,28540,13034,15506,—,2.346,1280,1511,11311,8096,4823,8971,80,28.0,49,16,11,2,0,0
서울,송파구,장지동,1171064600,30717,14670,16047,—,1.215,2206,2404,8560,9196,6085,6659,38,12.4,17,12,8,0,0,0
서울,송파구,위례동,1171064700,44813,21736,23077,—,2.595,5221,6799,10093,15761,4739,10180,27,6.0,12,7,6,1,0,0
서울,송파구,잠실본동,1171065000,26809,12672,14137,—,1.135,796,1381,10778,7684,4561,7760,161,60.1,90,32,36,2,0,0
서울,송파구,잠실2동,1171067000,34473,16465,18008,—,2.863,2960,5661,6264,13626,4436,7742,28,8.1,15,8,5,0,0,0
서울,송파구,잠실3동,1171068000,33389,15759,17630,—,1.507,2233,4245,6337,11549,6947,6619,58,17.4,31,13,13,0,0,0
서울,송파구,잠실4동,1171069000,32985,15855,17130,—,0.836,3347,3897,7124,11344,5414,7190,51,15.5,32,11,8,0,0,0
서울,송파구,잠실6동,1171071000,16099,7613,8486,—,1.392,1132,1732,3413,5317,3385,3331,98,60.9,60,21,15,1,0,0
서울,송파구,잠실7동,1171072000,9243,4296,4947,—,0.677,491,851,1874,2785,2494,1708,5,5.4,2,2,1,0,0,0
서울,강동구,강일동,1174051500,34173,16324,17849,—,2.177,2797,3752,7342,10706,7278,6635,38,11.1,19,12,7,0,0,0
서울,강동구,상일제1동,1174052500,38947,19059,19888,—,1.772,3768,5569,7359,13731,6213,8107,47,12.1,25,13,6,0,1,0
서울,강동구,상일제2동,1174052600,13118,6142,6976,—,1.08,1077,1601,3232,4112,2323,2852,10,7.6,6,3,0,0,0,0
서울,강동구,명일제1동,1174053000,24773,12136,12637,—,0.618,1915,2308,5852,7923,5167,5093,86,34.7,39,25,20,1,0,0
서울,강동구,명일제2동,1174054000,16844,8191,8653,—,0.933,843,2425,3644,5568,3323,3517,57,33.8,30,17,10,0,0,0
서울,강동구,고덕제1동,1174055000,23550,12130,11420,—,1.518,1764,4198,3926,8796,3562,4736,14,5.9,6,5,3,0,0,0
서울,강동구,고덕제2동,1174056000,26270,13031,13239,—,2.496,2489,3182,6094,8862,4139,5832,19,7.2,9,5,4,0,0,1
서울,강동구,암사제1동,1174057000,32412,15966,16446,—,0.727,1392,2165,8274,10111,7788,6311,78,24.1,38,21,19,0,0,0
서울,강동구,암사제2동,1174058000,14517,7056,7461,—,2.43,995,914,4299,4379,2969,3272,7,4.8,3,2,2,0,0,0
서울,강동구,암사제3동,1174059000,16835,8157,8678,—,1.789,1272,2009,3499,5613,3384,3424,12,7.1,5,4,3,0,0,0
서울,강동구,천호제1동,1174060000,23741,11590,12151,—,0.682,775,1313,6292,7007,6345,4545,41,17.3,16,12,11,1,0,0
서울,강동구,천호제2동,1174061000,36033,17431,18602,—,1.819,1549,1724,11583,10549,7768,8542,106,29.4,62,21,18,1,0,3
서울,강동구,천호제3동,1174062000,27770,13228,14542,—,0.536,1030,1145,10042,7609,5970,7260,57,20.5,33,14,8,1,0,0
서울,강동구,성내제1동,1174064000,18809,8957,9852,—,0.658,1079,1443,5274,5883,3839,4261,30,15.9,9,10,7,2,0,0
서울,강동구,성내제2동,1174065000,23768,11462,12306,—,0.623,800,1048,8392,6421,5374,5977,67,28.2,34,15,14,4,0,0
서울,강동구,성내제3동,1174066000,21559,10446,11113,—,0.639,798,1379,6148,6651,4856,4543,118,54.7,63,24,28,2,0,0
서울,강동구,길동,1174068500,46943,22707,24236,—,1.593,1998,2625,14303,13834,10662,10710,118,25.1,58,27,24,5,1,0
서울,강동구,둔촌제1동,1174069000,33034,16231,16803,—,0.892,3481,3361,8052,10985,5115,7603,39,11.8,25,9,5,0,0,0
서울,강동구,둔촌제2동,1174070000,25126,12282,12844,—,1.586,1537,1881,6852,7480,5468,5302,27,10.7,8,10,7,0,1,1
전남,목포시,용당1동,1211051000,8643,4359,4284,—,1.372,221,528,1218,2439,3451,939,21,24.3,12,6,3,0,0,0
전남,목포시,용당2동,1211052000,4262,2177,2085,—,0.875,92,231,558,1152,1812,430,12,28.2,8,1,3,0,0,0
전남,목포시,연동,1211053500,3555,1778,1777,—,0.51,52,195,412,956,1592,316,9,25.3,7,1,1,0,0,0
전남,목포시,산정동,1211054500,8406,4081,4325,—,0.73,372,903,1520,2698,2161,1284,7,8.3,4,3,0,0,0,0
전남,목포시,연산동,1211055400,9494,4656,4838,—,3.072,879,1386,2102,3321,1321,2016,4,4.2,2,0,1,0,1,0
전남,목포시,원산동,1211055800,10844,5343,5501,—,0.618,387,1115,2155,3586,2598,1672,28,25.8,14,7,6,1,0,0
전남,목포시,대성동,1211056500,4346,2193,2153,—,0.429,271,398,777,1408,1152,697,2,4.6,1,0,1,0,0,0
전남,목포시,목원동,1211059500,5786,2953,2833,—,1.452,88,249,758,1531,2605,523,34,58.8,16,8,7,0,0,2
전남,목포시,동명동,1211064000,4263,2175,2088,—,0.74,81,217,503,1189,1895,401,3,7.0,1,1,0,1,0,0
전남,목포시,삼학동,1211064500,5182,2542,2640,—,1.098,172,537,799,1585,1674,725,4,7.7,1,1,1,1,0,0
전남,목포시,만호동,1211065500,2225,1154,1071,—,1.019,33,66,211,629,1078,167,5,22.5,1,0,2,1,0,1
전남,목포시,유달동,1211066000,3546,1979,1567,—,15.558,72,163,573,987,1439,303,0,0.0,0,0,0,0,0,0
전남,목포시,죽교동,1211069500,2459,1262,1197,—,1.32,46,175,350,657,984,236,2,8.1,2,0,0,0,0,0
전남,목포시,북항동,1211070500,7870,3906,3964,—,0.733,309,757,1409,2463,2175,1132,5,6.4,1,3,0,1,0,0
전남,목포시,용해동,1211074500,14881,7311,7570,—,2.394,714,2069,2823,5180,3019,2645,16,10.8,7,5,2,1,0,1
전남,목포시,이로동,1211075000,9605,4719,4886,—,1.802,534,1238,1702,3132,2323,1574,2,2.1,0,0,1,0,1,0
전남,목포시,상동,1211075600,20832,10134,10698,—,3.13,1289,2062,4300,6976,4579,3664,18,8.6,6,4,2,1,2,3
전남,목포시,하당동,1211075700,14346,7365,6981,—,1.352,760,1401,4024,4962,2190,3032,63,43.9,30,13,6,5,1,1
전남,목포시,신흥동,1211075800,15572,7695,7877,—,1.65,705,1653,3577,5231,2982,2809,23,14.8,7,8,5,1,0,0
전남,목포시,삼향동,1211078000,4147,2065,2082,—,7.645,144,423,770,1358,1092,648,3,7.2,0,0,0,1,0,2
전남,목포시,옥암동,1211079000,10073,4785,5288,—,2.502,546,1327,2151,3621,1658,1995,14,13.9,6,2,3,2,0,0
전남,목포시,부흥동,1211080000,7435,3594,3841,—,0.674,247,672,1738,2567,1557,1335,6,8.1,3,2,1,0,0,0
전남,목포시,부주동,1211081000,21209,10722,10487,—,3.978,1410,3189,4894,8010,2414,4241,5,2.4,2,2,0,0,0,1
전남,여수시,돌산읍,1213025000,2239,1146,1093,—,76.154,27,57,150,447,1273,97,5,22.3,3,1,1,0,0,0
전남,여수시,돌산읍우두출장소,1213025100,7821,4067,3754,—,—,236,595,1031,2388,2811,924,—,—,—,—,—,—,—,—
전남,여수시,돌산읍죽포출장소,1213025200,1704,834,870,—,—,18,41,141,330,984,94,—,—,—,—,—,—,—,—
전남,여수시,소라면,1213031000,20864,10537,10327,—,61.455,1447,2339,4085,6709,4372,3453,9,4.3,3,4,2,0,0,0
전남,여수시,율촌면,1213032000,5997,3087,2910,—,53.935,154,309,733,1586,2604,546,5,8.3,2,1,1,1,0,0
전남,여수시,화양면,1213033000,5779,2977,2802,—,71.921,104,182,565,1350,2863,397,3,5.2,1,0,1,0,0,1
전남,여수시,남면,1213034000,2497,1299,1198,—,45.537,33,80,161,519,1409,117,0,0.0,0,0,0,0,0,0
전남,여수시,화정면,1213035000,1250,652,598,—,29.553,10,21,74,230,768,48,0,0.0,0,0,0,0,0,0
전남,여수시,화정면개도출장소,1213035600,737,389,348,—,—,4,36,39,176,390,39,—,—,—,—,—,—,—,—
전남,여수시,삼산면,1213036000,1946,1108,838,—,30.031,29,75,186,515,861,123,0,0.0,0,0,0,0,0,0
전남,여수시,동문동,1213051500,3871,1924,1947,—,0.867,119,267,592,988,1575,454,6,15.5,3,1,1,0,0,0
전남,여수시,한려동,1213053500,2508,1240,1268,—,0.967,48,110,452,650,1056,307,3,12.0,3,0,0,0,0,0
전남,여수시,중앙동,1213057000,3512,1700,1812,—,0.841,53,168,460,921,1576,333,21,59.8,11,5,5,0,0,0
전남,여수시,충무동,1213060000,3231,1649,1582,—,1.32,48,128,440,759,1551,295,17,52.6,6,7,3,0,0,1
전남,여수시,광림동,1213062500,5748,2974,2774,—,3.274,208,337,940,1579,2177,683,1,1.7,0,0,0,1,0,0
전남,여수시,서강동,1213063500,3650,1794,1856,—,0.657,125,162,636,914,1486,460,31,84.9,18,8,4,0,1,0
전남,여수시,대교동,1213065500,4374,2169,2205,—,1.756,87,173,518,1099,2071,418,13,29.7,9,2,2,0,0,0
전남,여수시,국동,1213067000,9543,4786,4757,—,2.095,299,728,1447,2672,3433,1128,7,7.3,2,3,2,0,0,0
전남,여수시,월호동,1213068500,6891,3398,3493,—,6.942,351,589,1154,1944,2207,966,1,1.5,1,0,0,0,0,0
전남,여수시,여서동,1213070000,15005,7297,7708,—,2.673,492,1296,2803,4454,4479,2151,38,25.3,18,11,7,2,0,0
전남,여수시,문수동,1213071000,17971,9051,8920,—,2.19,938,1905,3470,5916,4307,2914,25,13.9,14,6,3,0,0,1
전남,여수시,미평동,1213073000,10966,5856,5110,—,2.952,415,894,2542,3339,2712,1566,9,8.2,3,1,1,1,0,2
전남,여수시,둔덕동,1213074000,9080,4549,4531,—,4.056,408,909,1875,3055,2017,1432,4,4.4,1,2,0,0,0,1
전남,여수시,만덕동,1213076500,9883,4945,4938,—,16.537,636,1066,1788,3015,2605,1551,1,1.0,0,1,0,0,0,0
전남,여수시,쌍봉동,1213078000,31122,15912,15210,—,6.743,1987,3330,7726,10515,5088,5735,71,22.8,38,19,9,1,1,1
전남,여수시,시전동,1213079000,42978,21450,21528,—,6.306,4366,5211,10837,14544,5220,8919,28,6.5,11,10,5,2,0,0
전남,여수시,여천동,1213080000,18432,9769,8663,—,7.974,610,1374,4240,5897,4351,2620,20,10.9,7,3,7,0,1,1
전남,여수시,주삼동,1213081000,7313,3791,3522,—,11.118,482,1006,1511,2714,1182,1304,3,4.1,0,1,0,0,0,2
전남,여수시,삼일동,1213082000,1913,1049,864,—,72.712,26,72,244,493,837,138,2,10.5,2,0,0,0,0,0
전남,여수시,묘도동,1213083000,1032,542,490,—,12.344,5,53,102,253,488,64,0,0.0,0,0,0,0,0,0
전남,순천시,승주읍,1215025000,2273,1150,1123,—,92.406,22,72,169,464,1258,122,1,4.4,1,0,0,0,0,0
전남,순천시,해룡면,1215031000,3992,2083,1909,—,50.819,45,151,421,955,1931,261,29,72.6,12,10,5,1,0,1
전남,순천시,해룡면상삼출장소,1215031500,17510,8680,8830,—,—,988,1933,4820,6266,2023,3534,—,—,—,—,—,—,—,—
전남,순천시,해룡면신대출장소,1215031600,32652,16545,16107,—,—,4153,5708,8298,11667,1670,7706,—,—,—,—,—,—,—,—
전남,순천시,서면,1215032000,14924,7554,7370,—,102.847,1109,1211,3158,4414,3756,2456,1,0.7,1,0,0,0,0,0
전남,순천시,황전면,1215033000,2527,1288,1239,—,98.659,20,65,146,464,1538,102,0,0.0,0,0,0,0,0,0
전남,순천시,월등면,1215034000,1559,777,782,—,43.735,13,35,106,301,894,77,2,12.8,2,0,0,0,0,0
전남,순천시,주암면,1215035000,2746,1404,1342,—,94.423,29,73,207,499,1585,127,1,3.6,1,0,0,0,0,0
전남,순천시,송광면,1215036000,1318,705,613,—,109.932,4,20,78,267,776,48,0,0.0,0,0,0,0,0,0
전남,순천시,외서면,1215037000,724,372,352,—,34.99,9,16,39,116,446,24,0,0.0,0,0,0,0,0,0
전남,순천시,낙안면,1215038000,2750,1378,1372,—,63.21,39,93,220,515,1569,152,1,3.6,0,0,0,0,0,0
전남,순천시,별량면,1215039000,4916,2504,2412,—,69.249,70,179,456,1049,2566,277,4,8.1,1,1,1,0,0,1
전남,순천시,상사면,1215040000,2755,1401,1354,—,59.864,48,90,338,632,1287,218,1,3.6,0,0,0,0,0,1
전남,순천시,향동,1215051500,3058,1482,1576,—,18.4,70,193,455,735,1340,318,1,3.3,0,0,1,0,0,0
전남,순천시,매곡동,1215054000,6181,2994,3187,—,1.417,330,513,1631,1573,1681,1132,14,22.7,6,3,3,1,1,0
전남,순천시,삼산동,1215055000,28541,14130,14411,—,17.545,1960,2835,7228,8540,5660,5286,18,6.3,8,6,3,1,0,0
전남,순천시,조곡동,1215056000,6941,3446,3495,—,2.124,419,561,1560,2101,1718,1197,3,4.3,1,1,0,0,0,1
전남,순천시,덕연동,1215057000,38748,19254,19494,—,5.148,1787,4078,8607,12858,7669,6567,70,18.1,34,24,7,3,1,0
전남,순천시,풍덕동,1215058000,6619,3242,3377,—,2.941,197,457,1141,1798,2408,870,22,33.2,9,6,4,2,0,1
전남,순천시,남제동,1215059000,7281,3666,3615,—,2.599,193,433,1179,1955,2781,811,11,15.1,4,5,0,0,0,1
전남,순천시,저전동,1215060000,2448,1194,1254,—,1.003,70,134,395,620,1021,296,3,12.3,2,0,1,0,0,0
전남,순천시,장천동,1215061000,1689,904,785,—,0.501,25,46,273,453,686,181,27,159.9,10,6,8,1,1,0
전남,순천시,중앙동,1215062000,2332,1207,1125,—,0.475,52,106,390,647,912,271,8,34.3,3,2,2,0,0,0
전남,순천시,도사동,1215063500,16557,8276,8281,—,25.078,1118,1897,3230,5394,3526,2810,3,1.8,0,1,0,1,0,1
전남,순천시,왕조1동,1215066100,45956,22729,23227,—,9.35,3884,4946,12407,15114,6184,9464,76,16.5,32,22,14,5,2,0
전남,순천시,왕조2동,1215066500,16402,8010,8392,—,1.258,899,1818,4325,5725,2122,3236,37,22.6,18,12,2,2,1,0
전남,나주시,남평읍,1217025000,11548,5800,5748,—,53.387,730,957,1878,3485,3402,1673,18,15.6,7,5,3,0,0,2
전남,나주시,세지면,1217031000,2245,1181,1064,—,29.965,29,76,222,462,1174,137,2,8.9,1,0,1,0,0,0
전남,나주시,왕곡면,1217032000,2518,1334,1184,—,30.033,44,72,291,553,1262,182,0,0.0,0,0,0,0,0,0
전남,나주시,반남면,1217033000,1207,623,584,—,20.48,12,26,90,260,671,55,0,0.0,0,0,0,0,0,0
전남,나주시,공산면,1217034000,1988,1030,958,—,32.467,30,100,172,422,1048,121,4,20.1,3,1,0,0,0,0
전남,나주시,동강면,1217035000,2148,1088,1060,—,46.501,22,67,183,428,1209,118,2,9.3,2,0,0,0,0,0
전남,나주시,다시면,1217036000,3172,1638,1534,—,55.341,39,94,305,682,1682,191,4,12.6,3,1,0,0,0,0
전남,나주시,문평면,1217037000,1664,867,797,—,47.703,12,33,138,327,955,75,0,0.0,0,0,0,0,0,0
전남,나주시,노안면,1217038000,4049,2144,1905,—,42.407,51,98,366,879,2117,236,3,7.4,1,0,1,0,0,1
전남,나주시,금천면,1217039000,6759,3444,3315,—,26.5,501,434,1585,1777,1898,1157,3,4.4,1,0,0,0,0,1
전남,나주시,산포면,1217040000,2962,1581,1381,—,20.99,32,101,336,735,1395,220,2,6.8,0,0,0,0,0,0
전남,나주시,다도면,1217042000,1731,907,824,—,72.545,20,45,141,384,904,100,0,0.0,0,0,0,0,0,0
전남,나주시,봉황면,1217043000,3652,1966,1686,—,59.338,42,110,332,788,1917,200,2,5.5,2,0,0,0,0,0
전남,나주시,송월동,1217051000,11294,5653,5641,—,4.741,1006,1065,3253,3523,1730,2384,3,2.7,1,1,1,0,0,0
전남,나주시,영강동,1217052000,2410,1215,1195,—,7.012,78,122,459,698,809,310,1,4.1,1,0,0,0,0,0
전남,나주시,금남동,1217054000,4089,2057,2032,—,11.73,122,240,609,1103,1627,439,0,0.0,0,0,0,0,0,0
전남,나주시,성북동,1217055000,7831,3922,3909,—,8.192,348,833,1662,2403,1888,1265,43,54.9,21,12,6,0,1,1
전남,나주시,영산동,1217058000,2666,1397,1269,—,13.232,35,118,285,608,1292,203,1,3.8,1,0,0,0,0,0
전남,나주시,이창동,1217060000,3059,1644,1415,—,15.326,92,135,542,805,1191,344,15,49.0,5,4,4,0,0,2
전남,나주시,빛가람동,1217062000,39675,19600,20075,—,7.414,5007,5801,11405,13233,2744,10015,39,9.8,17,11,8,1,1,0
전남,광양시,광양읍,1219025000,49628,25559,24069,—,54.843,2931,5048,10764,16585,10105,8329,44,8.9,18,13,8,2,0,3
전남,광양시,봉강면,1219031000,1936,1013,923,—,55.313,34,81,227,458,870,144,0,0.0,0,0,0,0,0,0
전남,광양시,옥룡면,1219032000,2755,1391,1364,—,64.789,28,91,265,607,1375,190,0,0.0,0,0,0,0,0,0
전남,광양시,옥곡면,1219033000,4712,2409,2303,—,40.542,172,255,834,1443,1424,575,3,6.4,2,0,1,0,0,0
전남,광양시,진상면,1219034000,2387,1234,1153,—,64.827,23,54,185,506,1301,118,1,4.2,1,0,0,0,0,0
전남,광양시,진월면,1219035000,2409,1205,1204,—,38.151,42,65,196,486,1312,143,0,0.0,0,0,0,0,0,0
전남,광양시,다압면,1219036000,1531,769,762,—,62.446,21,53,111,325,816,74,0,0.0,0,0,0,0,0,0
전남,광양시,골약동,1219051500,13139,6807,6332,—,40.293,2566,1270,4469,3492,883,3218,0,0.0,0,0,0,0,0,0
전남,광양시,중마동,1219053000,56887,30284,26603,—,10.339,4032,6970,14645,21231,5573,10713,72,12.7,31,25,11,1,2,1
전남,광양시,광영동,1219054000,9854,5268,4586,—,3.32,363,887,1767,3408,2192,1267,9,9.1,4,3,2,0,0,0
전남,광양시,금호동,1219055000,9423,5181,4242,—,25.856,428,1036,2218,2754,1989,1189,6,6.4,2,2,2,0,0,0
전남,광양시,태인동,1219057000,1391,771,620,—,6.149,24,57,169,368,599,87,1,7.2,1,0,0,0,0,0
광주,동구,충장동,1221052500,5883,2843,3040,—,1.068,95,138,2900,1275,1179,1927,55,93.5,29,17,6,1,0,1
광주,동구,동명동,1221054500,3434,1766,1668,—,0.447,48,166,1264,751,1018,700,6,17.5,2,1,2,0,0,0
광주,동구,계림1동,1221056000,9708,5070,4638,—,0.624,836,561,2635,2785,2193,1868,18,18.5,6,4,1,4,0,2
광주,동구,계림2동,1221057000,14458,6978,7480,—,0.556,1728,1409,3604,4403,2586,3106,18,12.4,10,5,2,0,0,0
광주,동구,산수1동,1221059000,7469,3684,3785,—,0.569,358,613,1676,2211,2024,1275,20,26.8,12,5,3,0,0,0
광주,동구,산수2동,1221060000,9136,4405,4731,—,0.882,420,674,1754,2574,2917,1374,13,14.2,5,4,2,0,0,0
광주,동구,지산1동,1221062000,3900,2033,1867,—,0.346,83,293,1294,940,1032,711,5,12.8,1,2,1,1,0,0
광주,동구,지산2동,1221063000,4018,2080,1938,—,2.404,96,295,1132,1057,1155,665,3,7.5,2,0,1,0,0,0
광주,동구,서남동,1221065500,3477,1756,1721,—,1.537,33,152,1760,654,696,979,24,69.0,14,5,1,0,1,1
광주,동구,학동,1221068500,6952,3264,3688,—,0.681,484,571,1639,1976,1798,1332,49,70.5,30,10,5,1,0,1
광주,동구,학운동,1221071000,10292,4803,5489,—,11.292,314,776,1802,2671,3851,1423,8,7.8,3,1,2,0,0,1
광주,동구,지원1동,1221073000,8648,4182,4466,—,1.13,546,713,1870,2486,2335,1502,14,16.2,5,2,5,0,0,1
광주,동구,지원2동,1221074000,17953,8629,9324,—,26.522,1493,1453,4347,5606,3654,3543,5,2.8,1,1,0,0,0,2
광주,서구,양동,1224057500,2653,1288,1365,—,0.503,56,91,375,646,1267,274,15,56.5,9,2,1,1,0,2
광주,서구,양3동,1224059000,3986,1930,2056,—,0.283,187,335,687,1189,1275,596,2,5.0,1,0,1,0,0,0
광주,서구,농성1동,1224065000,11181,5467,5714,—,0.929,494,556,3176,3311,2846,2293,60,53.7,41,8,6,2,0,2
광주,서구,농성2동,1224066000,4110,2137,1973,—,0.449,74,149,1077,1132,1288,737,12,29.2,7,4,1,0,0,0
광주,서구,광천동,1224073000,4875,2442,2433,—,1.141,356,409,1173,1666,931,956,35,71.8,19,7,5,2,1,0
광주,서구,유덕동,1224074000,9763,5037,4726,—,6.126,462,987,2404,3467,1709,1744,11,11.3,4,3,3,0,0,0
광주,서구,치평동,1224074500,28760,13630,15130,—,2.715,1364,2555,8681,9241,4666,6574,158,54.9,85,35,20,6,1,2
광주,서구,상무1동,1224075100,24477,12349,12128,—,1.466,1105,2095,7603,7879,4105,5284,23,9.4,9,8,4,0,1,0
광주,서구,상무2동,1224075200,21767,10669,11098,—,1.669,630,1340,6325,5966,5653,4238,30,13.8,12,7,6,3,0,0
광주,서구,화정1동,1224076000,15415,7480,7935,—,0.877,597,922,4940,4504,3408,3436,11,7.1,4,1,2,1,0,1
광주,서구,화정2동,1224077000,18973,9431,9542,—,0.885,1611,2607,3709,6305,3565,3715,35,18.4,13,11,8,2,1,0
광주,서구,화정3동,1224078000,8486,4104,4382,—,0.708,284,731,1798,2447,2468,1370,21,24.7,6,7,6,1,0,0
광주,서구,화정4동,1224079000,18721,8979,9742,—,1.09,1404,1858,4174,5529,4340,3382,30,16.0,14,10,6,0,0,0
광주,서구,서창동,1224080000,7299,3733,3566,—,19.229,517,624,1554,2355,1595,1184,3,4.1,0,2,0,0,0,0
광주,서구,금호1동,1224082100,20816,9917,10899,—,1.94,1188,1927,4710,6452,4697,3644,42,20.2,16,16,8,0,1,0
광주,서구,금호2동,1224082400,25407,12328,13079,—,1.435,1503,3131,5869,9324,3666,4896,30,11.8,18,7,2,1,0,0
광주,서구,풍암동,1224083000,32862,16159,16703,—,4.777,1559,3810,7536,12150,5418,6159,40,12.2,17,14,7,1,0,0
광주,서구,동천동,1224084000,14683,6935,7748,—,1.21,776,2115,2885,5287,2595,2726,19,12.9,7,7,3,2,0,0
광주,남구,양림동,1227051000,6058,2707,3351,—,0.619,173,590,1087,1774,1963,957,7,11.6,3,2,1,0,1,0
광주,남구,방림1동,1227052000,6097,2869,3228,—,0.363,377,653,1255,1934,1506,1146,13,21.3,5,4,1,3,0,0
광주,남구,방림2동,1227053000,8823,4119,4704,—,0.742,447,755,1746,2534,2610,1384,4,4.5,2,1,1,0,0,0
광주,남구,봉선1동,1227053700,13333,6192,7141,—,0.748,586,1431,2984,4109,3278,2501,38,28.5,17,11,7,2,0,0
광주,남구,봉선2동,1227053800,27101,12595,14506,—,1.883,2061,5007,4388,9751,4408,5279,55,20.3,24,18,9,0,0,1
광주,남구,사직동,1227054500,4309,2248,2061,—,0.581,168,231,853,1229,1454,612,6,13.9,1,2,2,0,0,0
광주,남구,월산동,1227060500,11033,5492,5541,—,0.88,870,785,2637,3303,2661,2032,13,11.8,5,5,1,0,0,0
광주,남구,월산4동,1227063000,7447,3818,3629,—,0.64,142,433,1660,2118,2411,1132,10,13.4,5,2,0,1,0,1
광주,남구,월산5동,1227064000,5406,2693,2713,—,0.401,97,258,1174,1417,1920,763,19,35.1,9,4,5,0,0,0
광주,남구,백운1동,1227067000,11079,5164,5915,—,0.451,503,1092,2184,3301,3158,1862,13,11.7,6,4,2,0,0,0
광주,남구,백운2동,1227068000,6696,3320,3376,—,0.466,365,473,1877,1910,1582,1363,13,19.4,3,4,0,1,1,1
광주,남구,주월1동,1227069000,19897,9508,10389,—,1.55,1093,2073,4459,6405,4400,3700,44,22.1,18,14,4,2,0,1
광주,남구,주월2동,1227070000,6871,3366,3505,—,0.817,219,483,1237,1964,2337,971,7,10.2,3,1,2,0,0,1
광주,남구,진월동,1227070500,26794,12364,14430,—,2.742,1242,3664,5608,8635,5673,4997,67,25.0,35,19,9,1,1,0
광주,남구,효덕동,1227071000,14725,6949,7776,—,6.649,797,1647,3458,4443,3409,2975,18,12.2,6,7,2,1,1,1
광주,남구,송암동,1227072000,20375,9962,10413,—,5.702,2202,2675,4836,6762,2737,4448,20,9.8,9,5,3,0,0,3
광주,남구,대촌동,1227073000,9007,4415,4592,—,34.869,708,697,1809,2595,2477,1440,4,4.4,2,1,1,0,0,0
광주,북구,중흥1동,1230051000,4007,2079,1928,—,0.694,127,141,1369,1039,1048,920,2,5.0,1,0,1,0,0,0
광주,북구,중흥동,1230053500,14827,7647,7180,—,0.864,912,1062,4620,4319,3107,3113,17,11.5,6,5,3,1,0,2
광주,북구,중앙동,1230055500,3423,1812,1611,—,0.673,212,163,1059,1027,710,737,13,38.0,5,4,0,0,1,2
광주,북구,임동,1230057000,13908,6828,7080,—,1.269,1343,891,4156,4032,2651,3082,6,4.3,3,3,0,0,0,0
광주,북구,신안동,1230058000,11699,6176,5523,—,1.157,443,587,3534,3372,2863,2214,12,10.3,3,0,1,1,0,3
광주,북구,용봉동,1230059000,35625,17675,17950,—,3.187,1623,3092,10520,10481,6963,7054,27,7.6,8,12,5,0,0,0
광주,북구,운암1동,1230060100,17394,8343,9051,—,0.875,986,2127,3638,5508,3866,3164,40,23.0,21,11,4,1,0,1
광주,북구,운암2동,1230060200,10251,5119,5132,—,1.404,310,740,2074,2913,3247,1531,30,29.3,14,5,3,3,0,2
광주,북구,운암3동,1230060300,20068,9715,10353,—,1.282,1886,2073,5338,5938,3445,4157,29,14.5,10,11,4,2,1,0
광주,북구,동림동,1230061500,20799,10097,10702,—,3.279,1316,1876,4805,6887,4198,3931,18,8.7,7,6,2,0,0,2
광주,북구,우산동,1230062000,15188,7377,7811,—,0.92,1165,1339,3220,4458,3941,2716,37,24.4,22,9,6,0,0,0
광주,북구,풍향동,1230063500,4844,2423,2421,—,0.607,320,440,996,1607,1139,846,13,26.8,7,6,0,0,0,0
광주,북구,문화동,1230065000,22051,10752,11299,—,3.162,1686,1696,5265,6580,5064,4109,12,5.4,5,3,0,2,0,0
광주,북구,문흥1동,1230065600,14024,6758,7266,—,2.232,592,1524,2910,4332,3341,2315,11,7.8,7,2,2,0,0,0
광주,북구,문흥2동,1230065700,13807,6510,7297,—,0.665,523,1089,3483,4055,3505,2514,28,20.3,12,11,5,0,0,0
광주,북구,두암1동,1230066100,6595,3280,3315,—,0.533,146,403,1385,1815,2231,923,35,53.1,18,11,3,2,0,1
광주,북구,두암2동,1230066200,13809,6774,7035,—,1.588,383,999,2737,4088,4218,2077,38,27.5,19,11,5,2,1,0
광주,북구,두암3동,1230066300,11398,5463,5935,—,1.384,203,545,1867,2937,4559,1336,26,22.8,11,9,5,1,0,0
광주,북구,삼각동,1230066600,12698,6591,6107,—,3.293,657,1308,3005,4324,2283,2261,9,7.1,4,3,0,0,0,0
광주,북구,일곡동,1230066900,26584,12950,13634,—,3.061,1321,3548,6225,9485,3874,5031,31,11.7,13,8,7,0,1,1
광주,북구,매곡동,1230067300,12492,5992,6500,—,1.746,727,1379,2788,4083,2503,2281,24,19.2,9,10,3,0,0,0
광주,북구,오치1동,1230067600,9660,4946,4714,—,2.292,299,749,2305,2983,2381,1592,7,7.2,2,2,2,0,0,0
광주,북구,오치2동,1230067700,10937,5350,5587,—,0.615,301,605,2382,3060,3453,1634,49,44.8,22,14,6,2,1,1
광주,북구,석곡동,1230068500,2098,1071,1027,—,48.443,36,92,251,462,963,178,0,0.0,0,0,0,0,0,0
광주,북구,건국동,1230069500,22187,11128,11059,—,26.637,1987,2704,5281,7621,3146,4441,24,10.8,8,8,3,2,1,0
광주,북구,양산동,1230069600,34676,17400,17276,—,5.956,2320,3702,8534,11931,5686,6857,69,19.9,32,21,9,3,0,3
광주,북구,신용동,1230069700,31533,15584,15949,—,1.94,3076,4458,7815,11640,2900,7142,31,9.8,13,7,4,3,0,0
광주,광산구,송정1동,1233051500,9605,4915,4690,—,1.473,345,850,2234,3144,2224,1554,5,5.2,1,1,0,2,0,0
광주,광산구,송정2동,1233052500,5767,2920,2847,—,1.33,240,290,1459,1613,1680,945,57,98.8,30,14,11,1,0,0
광주,광산구,도산동,1233054000,13739,6954,6785,—,3.999,836,1290,3338,4578,2638,2490,10,7.3,5,2,1,1,0,0
광주,광산구,신흥동,1233055000,3951,1971,1980,—,5.437,174,331,816,1183,1095,622,0,0.0,0,0,0,0,0,0
광주,광산구,어룡동,1233056500,37046,19035,18011,—,17.36,3411,4140,10179,12363,4738,7901,20,5.4,8,7,4,0,0,1
광주,광산구,우산동,1233058000,27447,14015,13432,—,4.559,1934,1963,7316,8697,5265,5168,24,8.7,12,6,3,0,0,1
광주,광산구,월곡1동,1233060000,8952,4529,4423,—,0.64,374,769,2097,2759,1984,1447,17,19.0,7,4,4,0,0,1
광주,광산구,월곡2동,1233061000,13687,6845,6842,—,1.043,617,1391,3195,4730,2499,2425,36,26.3,19,13,2,0,1,0
광주,광산구,비아동,1233062000,7037,3708,3329,—,4.31,369,758,1397,2652,1234,1140,8,11.4,3,2,3,0,0,0
광주,광산구,첨단1동,1233062400,26648,13216,13432,—,2.44,1584,2852,7680,8894,3287,5493,54,20.3,23,15,6,2,1,1
광주,광산구,첨단2동,1233062600,39916,20220,19696,—,3.589,2293,4446,12308,13882,4090,8737,45,11.3,18,14,8,0,1,3
광주,광산구,신가동,1233063000,18174,9185,8989,—,1.454,1351,2577,4415,7009,1794,3758,36,19.8,17,10,6,1,1,0
광주,광산구,운남동,1233063500,27665,13437,14228,—,2.738,1480,3140,6791,9946,4110,5543,39,14.1,13,11,8,4,1,1
광주,광산구,수완동,1233063700,71925,35381,36544,—,4.567,5408,13000,16643,27900,5664,15991,104,14.5,49,37,10,2,2,0
광주,광산구,하남동,1233064000,26404,13787,12617,—,15.663,2037,3402,7169,9511,2653,5627,11,4.2,5,1,2,1,0,2
광주,광산구,임곡동,1233065000,1817,961,856,—,29.53,27,97,172,395,902,101,2,11.0,2,0,0,0,0,0
광주,광산구,동곡동,1233066000,1531,801,730,—,16.116,18,49,169,348,786,108,1,6.5,1,0,0,0,0,0
광주,광산구,평동,1233067000,4881,2716,2165,—,28.889,233,195,1039,1406,1547,609,6,12.3,1,2,1,0,0,2
광주,광산구,삼도동,1233068000,1970,1032,938,—,38.643,26,99,194,421,989,121,3,15.2,0,0,0,0,0,2
광주,광산구,본량동,1233069000,1770,913,857,—,33.217,19,61,156,435,911,124,0,0.0,0,0,0,0,0,0
광주,광산구,신창동,1233070000,32831,16826,16005,—,4.092,2228,4642,8920,12540,2798,7203,31,9.4,12,11,5,0,0,1
전남,담양군,담양읍,1271025000,15090,7498,7592,—,28.619,953,1281,2758,4443,4367,2229,33,21.9,15,9,7,1,0,0
전남,담양군,봉산면,1271031000,2546,1332,1214,—,19.972,65,104,297,635,1127,229,0,0.0,0,0,0,0,0,0
전남,담양군,고서면,1271032000,2778,1399,1379,—,26.565,52,125,299,628,1322,206,2,7.2,2,0,0,0,0,0
전남,담양군,가사문학면,1271033500,1162,585,577,—,42.529,22,40,125,266,575,88,1,8.6,0,0,0,0,0,1
전남,담양군,창평면,1271034000,3328,1699,1629,—,33.321,59,170,378,827,1482,293,7,21.0,2,2,1,0,0,2
전남,담양군,대덕면,1271035000,1817,924,893,—,53.319,36,85,209,412,810,150,4,22.0,1,0,0,0,0,0
전남,담양군,무정면,1271036000,2272,1179,1093,—,38.908,58,61,343,486,1064,166,0,0.0,0,0,0,0,0,0
전남,담양군,금성면,1271037000,2405,1231,1174,—,37.035,47,90,260,599,1143,189,1,4.2,1,0,0,0,0,0
전남,담양군,용면,1271038000,1699,863,836,—,61.884,39,68,156,412,798,134,0,0.0,0,0,0,0,0,0
전남,담양군,월산면,1271039000,2169,1128,1041,—,49.548,44,98,215,556,1007,180,0,0.0,0,0,0,0,0,0
전남,담양군,수북면,1271040000,4654,2380,2274,—,28.845,132,325,630,1299,1723,484,4,8.6,2,0,1,0,0,1
전남,담양군,대전면,1271041000,3960,1967,1993,—,29.629,104,314,478,1055,1556,399,4,10.1,2,1,1,0,0,0
전남,곡성군,곡성읍,1272025000,8064,3921,4143,—,53.52,342,672,1343,2297,2695,1106,12,14.9,5,4,2,1,0,0
전남,곡성군,오곡면,1272031000,1753,873,880,—,63.04,40,93,162,415,860,119,0,0.0,0,0,0,0,0,0
전남,곡성군,삼기면,1272032000,1665,840,825,—,37.293,30,46,158,361,882,116,0,0.0,0,0,0,0,0,0
전남,곡성군,석곡면,1272033000,2177,1056,1121,—,52.753,42,78,204,494,1084,158,3,13.8,1,1,1,0,0,0
전남,곡성군,목사동면,1272034000,1354,697,657,—,46.285,16,52,114,266,724,85,0,0.0,0,0,0,0,0,0
전남,곡성군,죽곡면,1272035000,1973,973,1000,—,103.544,46,68,182,416,1009,147,0,0.0,0,0,0,0,0,0
전남,곡성군,고달면,1272036000,1074,564,510,—,42.312,14,31,96,202,584,49,0,0.0,0,0,0,0,0,0
전남,곡성군,옥과면,1272037000,4117,2082,2035,—,30.026,121,323,709,1146,1378,529,11,26.7,6,3,2,0,0,0
전남,곡성군,입면,1272038000,2318,1199,1119,—,32.024,36,111,322,641,942,200,2,8.6,1,1,0,0,0,0
전남,곡성군,겸면,1272039000,1657,816,841,—,38.516,19,76,159,384,798,117,1,6.0,0,0,0,0,0,1
전남,곡성군,오산면,1272040000,1534,808,726,—,45.99,51,54,154,344,724,110,0,0.0,0,0,0,0,0,0
전남,구례군,구례읍,1273025000,10809,5269,5540,—,44.987,461,910,1674,3182,3512,1425,23,21.3,9,5,6,1,0,2
전남,구례군,문척면,1273031000,1315,683,632,—,33.488,21,65,130,335,585,93,0,0.0,0,0,0,0,0,0
전남,구례군,간전면,1273032000,1411,691,720,—,73.96,22,66,112,332,691,101,0,0.0,0,0,0,0,0,0
전남,구례군,토지면,1273033000,2444,1206,1238,—,95.867,34,83,223,592,1185,166,0,0.0,0,0,0,0,0,0
전남,구례군,마산면,1273034000,2357,1148,1209,—,31.66,37,136,234,599,1077,206,1,4.2,0,0,1,0,0,0
전남,구례군,광의면,1273035000,2170,1062,1108,—,33.377,44,90,182,455,1172,140,0,0.0,0,0,0,0,0,0
전남,구례군,용방면,1273036000,1292,632,660,—,24.597,21,47,108,315,662,99,2,15.5,1,0,1,0,0,0
전남,구례군,산동면,1273037000,2829,1364,1465,—,99.743,52,134,240,669,1368,197,1,3.5,1,0,0,0,0,0
전남,고흥군,고흥읍,1274025000,12310,6044,6266,—,48.259,760,1295,2248,3640,3381,1876,31,25.2,16,7,5,1,1,1
전남,고흥군,도양읍,1274025300,9109,4486,4623,—,36.248,358,577,1099,2427,3743,937,15,16.5,6,5,2,2,0,0
전남,고흥군,도양읍소록출장소,1274025400,484,252,232,—,—,21,28,40,74,313,40,—,—,—,—,—,—,—,—
전남,고흥군,도양읍시산출장소,1274025500,190,99,91,—,—,3,6,20,59,83,13,—,—,—,—,—,—,—,—
전남,고흥군,풍양면,1274031000,2855,1475,1380,—,51.781,29,69,162,584,1711,114,0,0.0,0,0,0,0,0,0
전남,고흥군,도덕면,1274032000,2648,1341,1307,—,43.788,39,76,191,532,1480,128,1,3.8,1,0,0,0,0,0
전남,고흥군,금산면,1274033000,3876,1934,1942,—,67.897,52,129,265,754,2234,183,1,2.6,1,0,0,0,0,0
전남,고흥군,도화면,1274034000,3484,1733,1751,—,69.233,72,95,267,730,1968,176,2,5.7,1,0,1,0,0,0
전남,고흥군,포두면,1274035000,4423,2165,2258,—,112.562,58,152,336,929,2447,235,1,2.3,1,0,0,0,0,0
전남,고흥군,봉래면,1274036000,1772,901,871,—,30.18,38,56,126,378,977,90,1,5.6,1,0,0,0,0,0
전남,고흥군,점암면,1274037000,2574,1306,1268,—,71.65,38,78,212,486,1467,131,0,0.0,0,0,0,0,0,0
전남,고흥군,과역면,1274038000,3002,1451,1551,—,43.657,39,99,222,623,1653,167,4,13.3,2,1,1,0,0,0
전남,고흥군,남양면,1274039000,2130,1052,1078,—,39.865,34,88,138,430,1211,130,0,0.0,0,0,0,0,0,0
전남,고흥군,동강면,1274040000,2805,1401,1404,—,41.259,66,87,242,598,1504,164,4,14.3,2,1,1,0,0,0
전남,고흥군,대서면,1274041000,2046,1019,1027,—,34.214,34,53,140,368,1210,92,0,0.0,0,0,0,0,0,0
전남,고흥군,두원면,1274042000,2792,1373,1419,—,61.278,45,80,141,524,1701,132,0,0.0,0,0,0,0,0,0
전남,고흥군,영남면,1274044000,1144,564,580,—,45.392,23,24,63,234,669,48,0,0.0,0,0,0,0,0,0
전남,고흥군,동일면,1274045000,1367,719,648,—,22.622,20,46,97,280,748,61,0,0.0,0,0,0,0,0,0
전남,보성군,보성읍,1275025000,8819,4327,4492,—,48.682,452,775,1544,2582,2681,1256,16,18.1,8,4,3,0,0,0
전남,보성군,벌교읍,1275025300,11077,5402,5675,—,102.333,301,734,1188,2749,4993,993,22,19.9,10,5,4,1,0,2
전남,보성군,노동면,1275031000,1120,563,557,—,46.668,16,47,94,238,597,76,0,0.0,0,0,0,0,0,0
전남,보성군,미력면,1275032000,1376,717,659,—,30.438,29,52,143,310,683,94,1,7.3,0,0,0,1,0,0
전남,보성군,겸백면,1275033000,1088,554,534,—,47.375,36,36,70,234,587,56,0,0.0,0,0,0,0,0,0
전남,보성군,율어면,1275034000,1122,571,551,—,48.98,17,51,92,249,571,70,0,0.0,0,0,0,0,0,0
전남,보성군,복내면,1275035000,1566,754,812,—,67.684,37,62,144,304,836,115,1,6.4,0,0,1,0,0,0
전남,보성군,문덕면,1275036000,948,477,471,—,59.788,20,47,81,228,467,71,0,0.0,0,0,0,0,0,0
전남,보성군,조성면,1275037000,3403,1652,1751,—,43.794,65,113,293,767,1789,223,2,5.9,0,0,1,0,0,1
전남,보성군,득량면,1275038000,2559,1282,1277,—,74.075,45,88,211,556,1367,159,1,3.9,1,0,0,0,0,0
전남,보성군,득량면예당출장소,1275038500,1117,532,585,—,—,29,65,133,264,504,99,—,—,—,—,—,—,—,—
전남,보성군,회천면,1275039000,2935,1452,1483,—,54.425,72,118,270,636,1449,212,1,3.4,1,0,0,0,0,0
전남,보성군,웅치면,1275040000,1032,528,504,—,39.213,20,20,88,198,575,60,0,0.0,0,0,0,0,0,0
전남,화순군,화순읍,1276025000,38812,18906,19906,—,69.151,2031,3832,8212,12223,9159,6474,67,17.3,25,16,11,4,0,9
전남,화순군,한천면,1276031000,914,479,435,—,64.942,20,22,86,223,449,65,1,10.9,0,0,0,0,0,1
전남,화순군,한천면영외출장소,1276031500,398,189,209,—,—,4,12,14,80,247,15,—,—,—,—,—,—,—,—
전남,화순군,춘양면,1276032000,1594,836,758,—,50.426,21,47,132,299,880,104,2,12.5,1,0,0,0,0,1
전남,화순군,청풍면,1276033000,942,494,448,—,50.05,4,25,61,183,535,39,1,10.6,1,0,0,0,0,0
전남,화순군,이양면,1276034000,1644,836,808,—,90.918,29,25,140,324,919,93,0,0.0,0,0,0,0,0,0
전남,화순군,능주면,1276035000,2779,1376,1403,—,15.851,73,153,320,680,1262,250,3,10.8,2,0,1,0,0,0
전남,화순군,도곡면,1276036000,2678,1383,1295,—,38.398,64,102,272,634,1284,200,5,18.7,1,0,1,0,0,2
전남,화순군,도암면,1276037000,1291,668,623,—,50.74,15,37,100,244,724,76,0,0.0,0,0,0,0,0,0
전남,화순군,이서면,1276038000,984,503,481,—,53.28,18,45,86,214,496,70,0,0.0,0,0,0,0,0,0
전남,화순군,백아면,1276039500,1504,782,722,—,84.94,19,54,106,279,850,72,0,0.0,0,0,0,0,0,0
전남,화순군,동복면,1276040000,1428,690,738,—,62.52,19,37,122,262,793,82,0,0.0,0,0,0,0,0,0
전남,화순군,사평면,1276041500,2007,1041,966,—,85.96,38,56,207,408,1021,146,1,5.0,1,0,0,0,0,0
전남,화순군,동면,1276042000,2885,1484,1401,—,67.089,47,83,288,697,1384,209,1,3.5,1,0,0,0,0,0
전남,장흥군,장흥읍,1277025000,14670,7187,7483,—,56.151,867,1492,2727,4358,4008,2210,35,23.9,18,8,6,1,1,1
전남,장흥군,관산읍,1277025300,4243,2092,2151,—,71.187,80,189,370,907,2181,257,4,9.4,2,1,1,0,0,0
전남,장흥군,대덕읍,1277025600,2845,1408,1437,—,57.668,59,128,249,667,1444,190,2,7.0,1,0,1,0,0,0
전남,장흥군,용산면,1277031000,2036,1032,1004,—,73.111,49,72,174,457,1089,116,1,4.9,1,0,0,0,0,0
전남,장흥군,안양면,1277032000,2553,1277,1276,—,50.667,54,88,229,605,1290,196,1,3.9,0,0,0,1,0,0
전남,장흥군,장동면,1277033000,1087,540,547,—,44.396,21,21,100,205,612,60,0,0.0,0,0,0,0,0,0
전남,장흥군,장평면,1277034000,1871,938,933,—,77.243,33,58,164,407,993,103,0,0.0,0,0,0,0,0,0
전남,장흥군,유치면,1277035000,899,457,442,—,121.558,3,15,63,199,479,35,0,0.0,0,0,0,0,0,0
전남,장흥군,부산면,1277036000,1305,655,650,—,37.843,17,42,99,297,696,76,0,0.0,0,0,0,0,0,0
전남,장흥군,회진면,1277037000,2368,1177,1191,—,26.497,43,125,209,527,1203,154,3,12.7,2,0,1,0,0,0
전남,강진군,강진읍,1278025000,12344,5951,6393,—,50.46,725,1143,2140,3463,3770,1756,27,21.9,13,8,4,0,1,1
전남,강진군,군동면,1278031000,4734,2380,2354,—,60.116,319,326,800,1166,1662,567,1,2.1,0,0,0,0,0,0
전남,강진군,칠량면,1278032000,1983,992,991,—,60.787,44,78,170,420,1047,124,1,5.0,1,0,0,0,0,0
전남,강진군,대구면,1278033000,990,489,501,—,34.604,18,37,75,213,538,52,0,0.0,0,0,0,0,0,0
전남,강진군,도암면,1278034000,2247,1107,1140,—,69.139,49,73,170,444,1270,131,0,0.0,0,0,0,0,0,0
전남,강진군,신전면,1278035000,1580,796,784,—,41.03,37,74,108,343,856,81,1,6.3,0,0,1,0,0,0
전남,강진군,성전면,1278036000,2530,1267,1263,—,63.998,60,91,270,550,1298,172,1,4.0,1,0,0,0,0,0
전남,강진군,작천면,1278037000,1629,834,795,—,43.941,42,62,135,315,884,80,0,0.0,0,0,0,0,0,0
전남,강진군,병영면,1278038000,1416,682,734,—,26.58,28,53,137,312,720,98,3,21.2,2,0,1,0,0,0
전남,강진군,옴천면,1278039000,564,290,274,—,29.407,12,36,36,119,296,34,0,0.0,0,0,0,0,0,0
전남,강진군,마량면,1278040000,1586,789,797,—,19.77,39,53,155,418,748,137,3,18.9,2,0,1,0,0,0
전남,해남군,해남읍,1279025000,23433,11565,11868,—,65.739,1540,2586,4533,7318,5582,3797,41,17.5,21,13,5,1,1,0
전남,해남군,삼산면,1279031000,2629,1338,1291,—,51.5,45,88,279,619,1272,190,0,0.0,0,0,0,0,0,0
전남,해남군,화산면,1279032000,2788,1438,1350,—,57.969,69,84,244,642,1420,175,2,7.2,2,0,0,0,0,0
전남,해남군,현산면,1279033000,2499,1257,1242,—,89.929,41,89,183,522,1361,127,0,0.0,0,0,0,0,0,0
전남,해남군,송지면,1279034000,5338,2709,2629,—,82.403,151,265,546,1335,2418,393,5,9.4,3,1,1,0,0,0
전남,해남군,북평면,1279035000,2397,1184,1213,—,49.766,28,88,207,529,1280,150,4,16.7,2,1,1,0,0,0
전남,해남군,북일면,1279036000,1774,879,895,—,40.111,30,57,135,371,971,97,1,5.6,1,0,0,0,0,0
전남,해남군,옥천면,1279037000,2715,1378,1337,—,60.787,51,119,271,659,1321,202,3,11.0,1,0,0,0,1,0
전남,해남군,계곡면,1279038000,2004,983,1021,—,77.883,52,89,132,429,1090,121,0,0.0,0,0,0,0,0,0
전남,해남군,마산면,1279039000,2209,1160,1049,—,66.083,46,105,217,514,1078,150,1,4.5,0,0,0,0,0,1
전남,해남군,황산면,1279040000,4134,2074,2060,—,96.232,81,186,359,927,2113,267,4,9.7,3,1,0,0,0,0
전남,해남군,산이면,1279041000,3347,1760,1587,—,115.344,96,155,342,805,1594,237,1,3.0,1,0,0,0,0,0
전남,해남군,문내면,1279042000,3485,1783,1702,—,56.017,95,178,306,793,1709,229,6,17.2,4,1,1,0,0,0
전남,해남군,화원면,1279043000,3131,1694,1437,—,90.301,60,127,307,814,1468,209,3,9.6,2,0,1,0,0,0
전남,영암군,영암읍,1280025000,7630,3813,3817,—,61.577,309,711,1232,2139,2470,979,16,21.0,8,4,3,1,0,0
전남,영암군,삼호읍,1280025300,15077,8133,6944,—,83.839,962,1747,2951,5565,2638,2481,20,13.3,7,6,6,1,0,0
전남,영암군,삼호읍서부출장소,1280025400,5777,3542,2235,—,—,241,499,1305,2409,764,736,—,—,—,—,—,—,—,—
전남,영암군,덕진면,1280031000,1631,839,792,—,25.794,29,71,159,374,782,122,1,6.1,0,0,0,0,0,1
전남,영암군,금정면,1280032000,1922,1001,921,—,72.179,30,48,152,461,984,112,1,5.2,1,0,0,0,0,0
전남,영암군,신북면,1280033000,3306,1691,1615,—,48.405,66,112,327,781,1645,236,4,12.1,2,1,1,0,0,0
전남,영암군,시종면,1280034000,3153,1653,1500,—,61.227,81,106,309,697,1623,197,5,15.9,3,1,1,0,0,0
전남,영암군,도포면,1280035000,2001,1047,954,—,35.368,26,67,217,455,980,121,0,0.0,0,0,0,0,0,0
전남,영암군,군서면,1280036000,2956,1465,1491,—,54.495,51,104,317,683,1432,208,0,0.0,0,0,0,0,0,0
전남,영암군,서호면,1280037000,1752,853,899,—,44.101,26,68,146,391,936,108,0,0.0,0,0,0,0,0,0
전남,영암군,학산면,1280038000,2746,1347,1399,—,60.933,62,127,337,679,1237,255,4,14.6,3,0,1,0,0,0
전남,영암군,미암면,1280039000,2033,1040,993,—,40.872,34,74,202,473,1014,128,2,9.8,0,1,1,0,0,0
전남,무안군,무안읍,1281025000,10458,5213,5245,—,35.547,522,1008,1942,3141,2920,1485,26,24.9,12,6,5,0,1,2
전남,무안군,일로읍,1281025300,25631,12735,12896,—,66.788,3741,3812,5637,8233,3125,5603,10,3.9,6,3,1,0,0,0
전남,무안군,삼향읍,1281025600,4883,2581,2302,—,45.121,97,255,601,1252,2062,417,46,94.2,22,11,6,1,0,2
전남,무안군,삼향읍남악출장소,1281025800,32363,15933,16430,—,—,2521,5063,9264,11582,2506,7896,—,—,—,—,—,—,—,—
전남,무안군,몽탄면,1281032000,2717,1370,1347,—,63.178,27,89,242,584,1398,154,0,0.0,0,0,0,0,0,0
전남,무안군,청계면,1281033000,6326,3393,2933,—,67.19,86,322,1393,1524,2388,758,5,7.9,2,1,2,0,0,0
전남,무안군,현경면,1281034000,4207,2187,2020,—,57.846,62,134,374,986,2111,273,1,2.4,1,0,0,0,0,0
전남,무안군,망운면,1281035000,1843,949,894,—,19.02,39,56,186,451,898,140,2,10.9,1,0,1,0,0,0
전남,무안군,해제면,1281036000,4359,2257,2102,—,70.615,66,150,362,1011,2262,253,5,11.5,3,1,1,0,0,0
전남,무안군,운남면,1281037000,2750,1437,1313,—,36.123,29,120,302,657,1281,208,2,7.3,2,0,0,0,0,0
전남,함평군,함평읍,1282025000,8116,4067,4049,—,40.324,393,669,1353,2302,2677,1055,19,23.4,8,5,5,1,0,0
전남,함평군,손불면,1282031000,3050,1574,1476,—,55.064,84,131,269,739,1513,204,1,3.3,1,0,0,0,0,0
전남,함평군,신광면,1282032000,1579,807,772,—,40.642,38,50,165,329,824,129,0,0.0,0,0,0,0,0,0
전남,함평군,학교면,1282033000,3322,1700,1622,—,46.027,58,153,342,754,1652,247,2,6.0,1,0,0,0,0,1
전남,함평군,엄다면,1282034000,1721,845,876,—,23.065,44,63,157,391,853,115,0,0.0,0,0,0,0,0,0
전남,함평군,대동면,1282035000,3060,1606,1454,—,55.788,75,215,370,739,1327,252,0,0.0,0,0,0,0,0,0
전남,함평군,나산면,1282036000,2585,1328,1257,—,55.645,47,111,269,584,1266,189,1,3.9,1,0,0,0,0,0
전남,함평군,해보면,1282037000,2923,1494,1429,—,38.548,86,136,393,761,1195,301,5,17.1,1,1,1,1,0,0
전남,함평군,월야면,1282038000,3397,1804,1593,—,34.319,95,175,390,863,1512,260,3,8.8,1,1,1,0,0,0
전남,영광군,영광읍,1283025000,23541,11513,12028,—,46.15,1884,2357,4986,7107,5422,4053,58,24.6,28,15,11,0,2,1
전남,영광군,백수읍,1283025300,4433,2206,2227,—,92.116,137,201,529,1023,2078,341,0,0.0,0,0,0,0,0,0
전남,영광군,홍농읍,1283025600,7099,3744,3355,—,38.361,596,503,1741,2001,1713,1135,5,7.0,3,1,1,0,0,0
전남,영광군,대마면,1283031000,1614,847,767,—,34.659,55,66,232,367,715,149,0,0.0,0,0,0,0,0,0
전남,영광군,묘량면,1283032000,1722,861,861,—,44.512,86,76,202,357,812,167,0,0.0,0,0,0,0,0,0
전남,영광군,불갑면,1283033000,1456,768,688,—,36.854,60,89,161,340,650,143,0,0.0,0,0,0,0,0,0
전남,영광군,군서면,1283034000,2262,1172,1090,—,25.587,81,136,280,582,963,195,0,0.0,0,0,0,0,0,0
전남,영광군,군남면,1283035000,2273,1102,1171,—,48.604,77,78,194,477,1225,163,0,0.0,0,0,0,0,0,0
전남,영광군,염산면,1283036000,3806,1910,1896,—,77.796,99,116,375,837,1939,270,4,10.5,2,1,1,0,0,0
전남,영광군,법성면,1283037000,4830,2424,2406,—,34.89,192,240,716,1216,1993,506,4,8.3,2,1,1,0,0,0
전남,영광군,낙월면,1283038000,462,274,188,—,15.221,20,12,60,163,166,48,0,0.0,0,0,0,0,0,0
전남,영광군,낙월면안마출장소,1283038500,221,137,84,—,—,7,7,13,71,93,16,—,—,—,—,—,—,—,—
전남,장성군,장성읍,1284025000,15030,7441,7589,—,68.591,817,1464,2570,4497,4407,2187,26,17.3,10,8,5,2,0,1
전남,장성군,진원면,1284031000,3558,1781,1777,—,28.789,158,317,464,986,1296,423,0,0.0,0,0,0,0,0,0
전남,장성군,남면,1284032000,3603,1968,1635,—,27.653,124,186,538,958,1411,351,0,0.0,0,0,0,0,0,0
전남,장성군,동화면,1284033000,1809,950,859,—,29.063,58,44,210,434,825,142,1,5.5,0,0,1,0,0,0
전남,장성군,삼서면,1284034000,2934,1572,1362,—,47.024,110,137,351,772,1222,258,2,6.8,1,1,0,0,0,0
전남,장성군,삼계면,1284035000,5206,2820,2386,—,65.702,333,387,1308,1412,1356,748,6,11.5,2,2,1,0,0,1
전남,장성군,황룡면,1284036000,3704,1923,1781,—,44.61,114,175,519,1031,1441,372,2,5.4,1,0,1,0,0,0
전남,장성군,서삼면,1284037000,1467,760,707,—,33.857,57,71,191,346,639,136,0,0.0,0,0,0,0,0,0
전남,장성군,북일면,1284038000,1301,667,634,—,30.446,34,41,148,243,667,111,0,0.0,0,0,0,0,0,0
전남,장성군,북이면,1284039000,2564,1266,1298,—,55.534,61,109,271,576,1286,203,3,11.7,2,0,1,0,0,0
전남,장성군,북하면,1284040000,1903,967,936,—,84.759,20,75,189,442,949,146,0,0.0,0,0,0,0,0,0
전남,완도군,완도읍,1285025000,16662,8392,8270,—,54.495,1000,1608,2701,5122,4774,2323,25,15.0,11,9,4,1,0,0
전남,완도군,금일읍,1285025300,3298,1698,1600,—,42.786,144,183,343,849,1468,293,3,9.1,2,1,0,0,0,0
전남,완도군,노화읍,1285025600,3670,1890,1780,—,41.021,147,319,397,1048,1421,355,5,13.6,2,2,1,0,0,0
전남,완도군,노화읍넙도출장소,1285029000,685,383,302,—,—,30,28,69,199,292,49,—,—,—,—,—,—,—,—
전남,완도군,군외면,1285031000,2838,1450,1388,—,44.877,52,70,249,644,1511,195,1,3.5,1,0,0,0,0,0
전남,완도군,신지면,1285032000,2992,1538,1454,—,37.503,67,145,269,754,1412,217,1,3.3,1,0,0,0,0,0
전남,완도군,고금면,1285033000,3668,1816,1852,—,47.776,90,200,328,833,1881,252,5,13.6,2,2,1,0,0,0
전남,완도군,약산면,1285034000,2127,1101,1026,—,29.419,53,103,171,458,1109,118,0,0.0,0,0,0,0,0,0
전남,완도군,청산면,1285035000,1823,929,894,—,43.995,36,54,165,429,930,121,2,11.0,1,0,1,0,0,0
전남,완도군,청산면모도출장소,1285035500,217,120,97,—,—,4,5,13,54,114,10,—,—,—,—,—,—,—,—
전남,완도군,소안면,1285036000,2215,1103,1112,—,34.354,67,135,205,558,1070,160,1,4.5,1,0,0,0,0,0
전남,완도군,금당면,1285037000,790,402,388,—,20.249,23,34,76,183,384,56,0,0.0,0,0,0,0,0,0
전남,완도군,보길면,1285038000,2369,1215,1154,—,37.359,124,228,240,654,899,223,0,0.0,0,0,0,0,0,0
전남,완도군,생일면,1285039000,717,382,335,—,19.498,21,25,77,189,323,60,0,0.0,0,0,0,0,0,0
전남,진도군,진도읍,1286025000,10132,5060,5072,—,43.877,629,999,1909,2935,2780,1498,23,22.7,10,6,5,2,0,0
전남,진도군,군내면,1286031000,2726,1405,1321,—,60.806,73,156,266,661,1261,205,0,0.0,0,0,0,0,0,0
전남,진도군,고군면,1286032000,3202,1591,1611,—,48.9,90,218,332,788,1460,268,1,3.1,1,0,0,0,0,0
전남,진도군,의신면,1286033000,3194,1641,1553,—,66.753,79,122,316,777,1536,216,2,6.3,1,0,0,0,0,1
전남,진도군,임회면,1286034000,3092,1532,1560,—,71.242,65,141,292,712,1530,220,2,6.5,2,0,0,0,0,0
전남,진도군,지산면,1286035000,2784,1395,1389,—,90.999,58,117,225,575,1500,148,1,3.6,1,0,0,0,0,0
전남,진도군,조도면,1286036000,2028,1083,945,—,76.255,44,110,192,535,927,140,1,4.9,1,0,0,0,0,0
전남,진도군,조도면가사출장소,1286036500,231,134,97,—,—,10,4,18,64,113,10,—,—,—,—,—,—,—,—
전남,진도군,조도면거차출장소,1286036600,384,202,182,—,—,8,35,37,118,148,34,—,—,—,—,—,—,—,—
전남,신안군,지도읍,1287025000,4820,2535,2285,—,83.128,149,291,637,1251,1960,470,8,16.6,4,2,2,0,0,0
전남,신안군,지도읍선도출장소,1287025100,255,132,123,—,—,8,8,22,70,113,18,—,—,—,—,—,—,—,—
전남,신안군,압해읍,1287025300,6608,3503,3105,—,70.767,216,462,914,1824,2414,707,6,9.1,2,1,1,0,0,2
전남,신안군,압해읍매화출장소,1287025400,284,148,136,—,—,10,17,17,65,142,17,—,—,—,—,—,—,—,—
전남,신안군,압해읍고이도출장소,1287025500,269,146,123,—,—,10,19,30,71,105,25,—,—,—,—,—,—,—,—
전남,신안군,증도면,1287031000,1588,870,718,—,65.466,32,69,164,474,643,118,0,0.0,0,0,0,0,0,0
전남,신안군,증도면병풍출장소,1287031500,313,181,132,—,—,8,7,43,80,134,19,—,—,—,—,—,—,—,—
전남,신안군,임자면,1287032000,3470,1856,1614,—,60.371,128,259,469,1028,1225,340,1,2.9,1,0,0,0,0,0
전남,신안군,자은면,1287033000,2731,1426,1305,—,64.069,93,161,343,729,1063,254,1,3.7,1,0,0,0,0,0
전남,신안군,비금면,1287034000,3715,1998,1717,—,63.4,110,229,448,1043,1478,341,2,5.4,0,0,1,1,0,0
전남,신안군,비금면수치도출장소,1287034500,143,84,59,—,—,0,11,16,42,65,11,—,—,—,—,—,—,—,—
전남,신안군,도초면,1287035000,2448,1314,1134,—,63.572,77,205,306,624,1003,216,1,4.1,1,0,0,0,0,0
전남,신안군,도초면우이도출장소,1287035500,234,133,101,—,—,9,11,27,62,86,23,—,—,—,—,—,—,—,—
전남,신안군,흑산면,1287036000,2168,1260,908,—,74.397,67,110,331,657,768,189,1,4.6,1,0,0,0,0,0
전남,신안군,흑산면가거도출장소,1287036500,352,223,129,—,—,6,11,52,146,91,21,—,—,—,—,—,—,—,—
전남,신안군,흑산면태도출장소,1287036600,210,118,92,—,—,9,21,26,63,69,18,—,—,—,—,—,—,—,—
전남,신안군,흑산면홍도출장소,1287036700,468,262,206,—,—,22,35,78,165,118,54,—,—,—,—,—,—,—,—
전남,신안군,흑산면대둔도출장소,1287036800,294,181,113,—,—,6,20,25,98,119,17,—,—,—,—,—,—,—,—
전남,신안군,하의면,1287037000,1693,938,755,—,53.464,50,101,184,447,726,125,0,0.0,0,0,0,0,0,0
전남,신안군,신의면,1287038000,1593,860,733,—,39.376,47,137,223,478,541,174,0,0.0,0,0,0,0,0,0
전남,신안군,장산면,1287039000,1666,917,749,—,42.061,50,106,157,442,743,132,0,0.0,0,0,0,0,0,0
전남,신안군,안좌면,1287040000,3841,2023,1818,—,94.944,178,240,539,972,1495,405,1,2.6,1,0,0,0,0,0
전남,신안군,팔금면,1287041000,1028,527,501,—,28.915,29,47,97,242,506,69,0,0.0,0,0,0,0,0,0
전남,신안군,암태면,1287042000,2193,1160,1033,—,45.337,86,125,210,527,974,167,2,9.1,0,1,0,1,0,0
부산,중구,중앙동,2611051000,3139,1471,1668,—,0.722,30,52,1674,691,534,1129,10,31.9,2,4,1,0,0,2
부산,중구,동광동,2611052000,2245,1162,1083,—,0.157,38,80,330,583,990,230,8,35.6,1,1,4,1,1,0
부산,중구,대청동,2611053000,5432,2585,2847,—,0.35,68,231,1272,1460,1918,911,23,42.3,13,4,5,1,0,0
부산,중구,보수동,2611054500,9697,4579,5118,—,0.416,177,454,2356,2527,3307,1644,12,12.4,6,2,4,0,0,0
부산,중구,부평동,2611056000,3938,1901,2037,—,0.223,50,148,689,1073,1620,494,20,50.8,9,6,5,0,0,0
부산,중구,광복동,2611057000,828,408,420,—,0.219,20,40,109,230,340,105,18,217.4,9,8,1,0,0,0
부산,중구,남포동,2611058000,732,431,301,—,0.224,2,14,63,186,366,43,43,587.4,27,11,5,0,0,0
부산,중구,영주제1동,2611059000,4189,2142,2047,—,0.188,83,161,1207,1158,1255,737,4,9.5,2,1,0,0,0,1
부산,중구,영주제2동,2611060000,5926,2829,3097,—,0.457,111,298,869,1651,2416,681,1,1.7,1,0,0,0,0,0
부산,서구,동대신제1동,2614051000,4979,2389,2590,—,0.209,233,328,983,1440,1582,807,5,10.0,2,1,2,0,0,0
부산,서구,동대신제2동,2614052000,6102,2917,3185,—,0.465,108,368,940,1705,2430,753,8,13.1,0,4,3,0,0,1
부산,서구,동대신제3동,2614053000,6914,3202,3712,—,1.264,213,492,1627,1955,2138,1303,5,7.2,0,0,2,2,0,0
부산,서구,서대신제1동,2614054000,14431,6774,7657,—,0.631,908,1361,3114,4483,3571,2802,32,22.2,18,9,5,0,0,0
부산,서구,서대신제3동,2614056000,7118,3266,3852,—,0.749,316,732,1319,2253,1937,1227,12,16.9,3,4,4,0,1,0
부산,서구,서대신제4동,2614057000,6789,3249,3540,—,3.88,313,743,1230,2089,1822,1124,0,0.0,0,0,0,0,0,0
부산,서구,부민동,2614059000,7282,3432,3850,—,0.424,246,601,2229,1898,1814,1628,7,9.6,1,3,1,0,0,1
부산,서구,아미동,2614061500,5963,2919,3044,—,0.672,103,139,1316,1341,2555,884,12,20.1,5,2,3,0,0,0
부산,서구,초장동,2614063000,3431,1724,1707,—,0.456,39,125,440,861,1604,325,0,0.0,0,0,0,0,0,0
부산,서구,충무동,2614064000,9223,4409,4814,—,0.37,287,491,2033,2534,3039,1536,41,44.5,24,10,5,1,0,0
부산,서구,남부민제1동,2614065000,4088,2023,2065,—,0.5,66,124,562,1043,1840,444,4,9.8,2,0,1,0,0,1
부산,서구,남부민제2동,2614066000,7130,3504,3626,—,0.6,122,305,934,1877,3203,697,5,7.0,3,1,1,0,0,0
부산,서구,암남동,2614068000,17514,8443,9071,—,3.768,935,1248,3666,5122,4895,2917,7,4.0,3,1,1,0,0,1
부산,동구,초량제1동,2617051000,4784,2420,2364,—,0.258,72,233,1256,1346,1480,855,4,8.4,2,0,1,1,0,0
부산,동구,초량제2동,2617052000,4862,2436,2426,—,0.357,64,202,775,1358,2005,584,25,51.4,15,5,4,1,0,0
부산,동구,초량제3동,2617053000,13033,6232,6801,—,1.259,981,991,3991,4112,2157,3301,15,11.5,6,4,2,0,0,1
부산,동구,초량제6동,2617055000,4758,2300,2458,—,1.241,73,248,682,1287,2039,522,1,2.1,1,0,0,0,0,0
부산,동구,수정제1동,2617056000,3949,1950,1999,—,0.197,104,287,801,1198,1264,598,1,2.5,0,0,0,1,0,0
부산,동구,수정제2동,2617057000,8486,4005,4481,—,0.895,264,415,1618,2299,3163,1233,38,44.8,24,6,7,0,0,1
부산,동구,수정제4동,2617059000,3202,1575,1627,—,0.74,50,110,422,838,1480,285,5,15.6,0,1,3,0,0,0
부산,동구,수정제5동,2617060000,4368,2094,2274,—,0.697,43,220,588,1165,1948,438,1,2.3,0,0,1,0,0,0
부산,동구,좌천동,2617064500,10537,5041,5496,—,0.578,339,500,2108,2905,3714,1577,4,3.8,0,0,1,0,2,1
부산,동구,범일제1동,2617065000,10068,4885,5183,—,1.103,190,419,1749,2596,4142,1275,18,17.9,7,4,6,0,0,1
부산,동구,범일제2동,2617066000,6085,3057,3028,—,0.883,190,300,1624,1843,1625,1211,44,72.3,16,13,10,1,1,1
부산,동구,범일제5동,2617068000,8983,4421,4562,—,1.264,967,542,2656,2679,1620,2004,1,1.1,1,0,0,0,0,0
부산,영도구,남항동,2620053000,9722,4841,4881,—,0.775,210,448,1586,2671,3879,1220,38,39.1,26,6,3,0,1,2
부산,영도구,영선제1동,2620054000,3510,1666,1844,—,0.181,101,210,526,899,1440,424,18,51.3,8,5,4,1,0,0
부산,영도구,영선제2동,2620055000,6878,3323,3555,—,0.788,179,431,1016,1837,2714,808,4,5.8,1,2,1,0,0,0
부산,영도구,신선동,2620058500,6336,3116,3220,—,1.077,94,242,760,1632,3006,575,2,3.2,2,0,0,0,0,0
부산,영도구,봉래제1동,2620059000,6314,3102,3212,—,0.3,211,307,1317,1577,2355,935,18,28.5,7,3,7,0,1,0
부산,영도구,봉래제2동,2620060500,6866,3331,3535,—,0.6,371,469,1159,2054,2239,995,2,2.9,2,0,0,0,0,0
부산,영도구,청학제1동,2620063000,4991,2453,2538,—,0.777,159,333,737,1443,1885,634,0,0.0,0,0,0,0,0,0
부산,영도구,청학제2동,2620064000,15382,7514,7868,—,1.814,535,1116,2509,4542,5255,2068,16,10.4,7,3,5,0,0,1
부산,영도구,동삼제1동,2620065000,26912,13061,13851,—,3.251,1061,1997,4941,7924,8663,3961,34,12.6,17,7,8,1,0,1
부산,영도구,동삼제2동,2620066000,5222,2815,2407,—,4.037,308,360,1491,1461,1247,885,1,1.9,0,0,0,0,0,1
부산,영도구,동삼제3동,2620067000,8037,3913,4124,—,0.908,129,285,1023,2071,3728,787,2,2.5,2,0,0,0,0,0
부산,부산진구,부전제1동,2623051000,13909,6876,7033,—,1.176,482,395,6285,3253,2660,4115,127,91.3,72,22,27,3,0,1
부산,부산진구,부전제2동,2623052000,12393,6054,6339,—,0.73,657,615,5283,3304,1778,3535,304,245.3,213,46,36,3,1,0
부산,부산진구,연지동,2623054000,25237,11998,13239,—,1.11,1744,2269,4900,7950,6527,4383,31,12.3,15,9,6,0,0,1
부산,부산진구,초읍동,2623055000,21313,10264,11049,—,5.711,1046,1466,3843,6219,6979,3215,22,10.3,7,6,8,0,0,1
부산,부산진구,양정제1동,2623056000,18575,8592,9983,—,1.131,689,1188,4888,5309,4976,3687,36,19.4,19,10,6,1,0,0
부산,부산진구,양정제2동,2623057000,21128,9842,11286,—,0.911,1685,1266,8221,5860,3110,6213,33,15.6,13,9,8,0,1,1
부산,부산진구,전포제1동,2623060000,20311,9736,10575,—,1.744,982,1194,8473,5339,3287,5738,18,8.9,7,4,5,1,0,1
부산,부산진구,전포제2동,2623061000,22789,10660,12129,—,1.202,934,1199,6926,6145,6060,5039,23,10.1,10,6,7,0,0,0
부산,부산진구,부암제1동,2623064000,23910,11476,12434,—,0.757,1556,1886,6078,7385,5239,4958,12,5.0,3,3,3,2,0,1
부산,부산진구,부암제3동,2623066000,23642,11488,12154,—,1.711,1673,2206,5207,7588,5056,4357,8,3.4,3,3,1,0,0,1
부산,부산진구,당감제1동,2623067000,19861,9331,10530,—,2.348,542,1371,3718,5909,6390,2918,33,16.6,20,7,6,0,0,0
부산,부산진구,당감제2동,2623068000,11437,5418,6019,—,0.861,745,835,2911,3296,2861,2309,12,10.5,5,2,1,3,0,1
부산,부산진구,당감제4동,2623070000,9690,4637,5053,—,0.905,282,712,1693,3028,2964,1403,34,35.1,17,9,8,0,0,0
부산,부산진구,가야제1동,2623071000,15893,7994,7899,—,2.146,368,1105,3881,4396,4699,2534,22,13.8,10,7,5,0,0,0
부산,부산진구,가야제2동,2623072000,17499,8372,9127,—,1.165,901,1381,3654,5065,5058,2957,5,2.9,3,2,0,0,0,0
부산,부산진구,개금제1동,2623074000,18151,8786,9365,—,0.537,915,1315,5959,5095,3660,4244,72,39.7,36,16,15,2,0,2
부산,부산진구,개금제2동,2623075000,9477,4496,4981,—,0.891,307,676,2035,2610,2964,1484,11,11.6,3,4,3,0,0,0
부산,부산진구,개금제3동,2623076000,25184,11941,13243,—,2.085,904,1963,4889,7456,7525,3988,12,4.8,5,4,2,0,0,1
부산,부산진구,범천제1동,2623077000,12340,5658,6682,—,0.546,380,478,4931,3158,2608,3475,49,39.7,21,11,11,3,1,1
부산,부산진구,범천제2동,2623078000,21445,10219,11226,—,1.643,1179,1069,5893,5800,5796,4446,6,2.8,4,1,1,0,0,0
부산,동래구,수민동,2626051000,28865,13855,15010,—,1.226,1623,2556,5931,8772,7749,5013,70,24.3,34,15,16,2,1,1
부산,동래구,복산동,2626052000,7716,3728,3988,—,0.822,181,438,1185,2050,3129,876,11,14.3,5,2,4,0,0,0
부산,동래구,명륜동,2626054500,24876,12239,12637,—,1.366,2022,3607,4638,9060,4164,4905,47,18.9,17,16,10,1,1,2
부산,동래구,온천제1동,2626055000,33980,15960,18020,—,2.215,2587,2511,9794,10780,6229,8035,85,25.0,38,25,14,2,0,5
부산,동래구,온천제2동,2626056000,23772,11346,12426,—,2.516,2254,2620,4701,7647,5100,4502,47,19.8,21,14,10,0,0,1
부산,동래구,온천제3동,2626057000,35383,17086,18297,—,1.667,1657,2565,8678,10536,9143,6592,69,19.5,28,16,16,4,1,2
부산,동래구,사직제1동,2626058000,11592,5520,6072,—,0.414,796,1273,2338,3763,2709,2165,67,57.8,29,18,17,2,0,1
부산,동래구,사직제2동,2626059000,24094,11447,12647,—,2.033,1687,3653,4410,8678,4088,4505,10,4.2,4,3,3,0,0,0
부산,동래구,사직제3동,2626060000,16361,8102,8259,—,0.706,926,2098,2789,5495,3955,2911,21,12.8,10,5,5,1,0,0
부산,동래구,안락제1동,2626074000,12845,6231,6614,—,0.783,428,849,2315,3591,4462,1810,34,26.5,10,10,7,4,0,2
부산,동래구,안락제2동,2626075000,25144,12076,13068,—,1.442,1250,2395,4810,7805,6796,4146,44,17.5,16,14,10,1,1,1
부산,동래구,명장제1동,2626076100,12868,6168,6700,—,0.876,611,1008,2304,3777,4032,1994,15,11.7,9,3,2,0,0,0
부산,동래구,명장제2동,2626076200,13016,6223,6793,—,0.882,486,839,2423,3633,4396,1906,12,9.2,5,3,4,0,0,0
부산,남구,대연제1동,2629051000,14997,7552,7445,—,0.85,205,963,5364,3547,4018,2981,68,45.3,33,16,16,3,0,0
부산,남구,대연제3동,2629053000,36689,17887,18802,—,4.293,2230,3897,11855,10920,5798,8763,66,18.0,33,20,10,0,0,1
부산,남구,대연제4동,2629054000,13458,6487,6971,—,0.989,1033,1055,2956,3884,3624,2452,11,8.2,4,3,3,1,0,0
부산,남구,대연제5동,2629055000,15632,7474,8158,—,1.281,543,1254,4430,4405,3937,3244,46,29.4,19,9,18,0,0,0
부산,남구,대연제6동,2629056000,15565,7424,8141,—,0.667,1317,1923,3388,5097,2919,3150,26,16.7,9,8,5,1,0,2
부산,남구,용호제1동,2629057000,41472,19765,21707,—,1.435,2162,4634,7214,13682,10471,6734,61,14.7,31,17,12,0,0,1
부산,남구,용호제2동,2629058000,18829,9017,9812,—,2.22,1139,1869,3413,5992,4993,3171,2,1.1,1,0,1,0,0,0
부산,남구,용호제3동,2629059000,9846,4668,5178,—,1.9,208,604,1704,2682,3748,1328,33,33.5,18,8,6,0,0,0
부산,남구,용호제4동,2629060000,7440,3569,3871,—,1.235,231,502,1367,2275,2459,1081,19,25.5,7,7,4,0,1,0
부산,남구,용당동,2629061000,7469,3799,3670,—,3.584,285,629,1466,2290,2132,1024,4,5.4,1,0,1,0,0,1
부산,남구,감만제1동,2629062000,7359,3762,3597,—,2.888,239,543,1395,2287,2265,1028,1,1.4,0,0,0,1,0,0
부산,남구,감만제2동,2629063000,5950,2916,3034,—,0.495,107,325,860,1663,2460,633,10,16.8,6,2,1,0,0,1
부산,남구,우암동,2629064500,17364,8493,8871,—,1.467,971,1121,3908,5068,4958,2967,12,6.9,5,3,3,0,0,1
부산,남구,문현제1동,2629068000,10056,4851,5205,—,1.123,284,829,1739,3098,3145,1426,7,7.0,3,3,1,0,0,0
부산,남구,문현제2동,2629069000,7986,3945,4041,—,0.542,284,366,2389,2140,2232,1687,11,13.8,4,2,4,0,0,0
부산,남구,문현제3동,2629070000,15706,7647,8059,—,0.626,881,1297,3340,5026,3964,2719,24,15.3,14,5,5,0,0,0
부산,남구,문현제4동,2629071000,9142,4442,4700,—,0.765,352,497,2116,2592,2797,1485,8,8.8,4,2,2,0,0,0
부산,북구,구포제1동,2632051000,14415,7238,7177,—,1.134,629,682,3110,4039,4425,2194,38,26.4,12,12,13,0,1,0
부산,북구,구포제2동,2632052000,22225,11332,10893,—,1.672,709,1462,4649,6604,6426,3277,22,9.9,8,4,7,1,0,2
부산,북구,구포제3동,2632052100,16531,8511,8020,—,2.433,340,1030,3085,5033,5068,2091,12,7.3,6,4,2,0,0,0
부산,북구,금곡동,2632053000,33374,15964,17410,—,8.618,1080,2300,5759,9483,11126,4413,23,6.9,9,6,6,0,0,2
부산,북구,화명제1동,2632054100,38467,18759,19708,—,4.648,2771,4090,8764,12189,7030,7137,14,3.6,4,6,4,0,0,0
부산,북구,화명제2동,2632054200,16429,7955,8474,—,5.679,939,1323,3745,4834,3893,2768,17,10.3,10,2,4,0,0,0
부산,북구,화명제3동,2632054300,27527,13359,14168,—,2.74,1621,3165,6123,9212,5225,5052,83,30.2,44,16,18,3,0,1
부산,북구,덕천제1동,2632055000,13910,6802,7108,—,1.307,690,606,3480,3673,4236,2351,24,17.3,10,6,5,0,1,2
부산,북구,덕천제2동,2632056000,10472,5240,5232,—,1.851,177,440,2380,2868,3548,1571,97,92.6,55,23,11,5,0,1
부산,북구,덕천제3동,2632056100,9157,4476,4681,—,0.969,189,510,1772,2553,3232,1224,1,1.1,1,0,0,0,0,0
부산,북구,만덕제1동,2632057100,15683,7581,8102,—,5.062,1276,1029,3607,4506,3935,2990,13,8.3,6,3,3,0,0,1
부산,북구,만덕제2동,2632057200,25202,12164,13038,—,2.571,1593,2208,5131,7571,6576,4319,33,13.1,15,7,7,0,0,3
부산,북구,만덕제3동,2632057300,16677,7944,8733,—,1.362,626,1236,3076,4829,5260,2470,10,6.0,3,4,2,0,0,1
부산,해운대구,우제1동,2635051000,23492,11185,12307,—,6.23,1260,1944,5376,7628,5550,4561,27,11.5,12,6,6,0,1,1
부산,해운대구,우제2동,2635052000,29584,13966,15618,—,4.111,2141,3222,5880,10005,6096,5604,147,49.7,98,24,20,2,0,2
부산,해운대구,우제3동,2635052500,27939,13119,14820,—,0.936,2141,3331,4903,9520,6007,5196,49,17.5,27,12,10,0,0,0
부산,해운대구,중제1동,2635053000,27346,13023,14323,—,1.503,1722,2621,6168,9354,5442,5468,99,36.2,50,23,20,4,0,1
부산,해운대구,중제2동,2635054000,15244,7264,7980,—,1.391,941,1272,3042,5136,3595,2747,7,4.6,2,3,0,0,0,2
부산,해운대구,좌제1동,2635055100,16884,7863,9021,—,0.598,777,1748,4177,5627,3307,3518,114,67.5,55,27,27,3,1,0
부산,해운대구,좌제2동,2635055200,29750,13691,16059,—,1.481,1346,2465,7770,9296,6336,6244,45,15.1,18,14,11,2,0,0
부산,해운대구,좌제3동,2635055300,14792,6834,7958,—,0.722,734,1400,2938,4561,3908,2450,3,2.0,1,1,1,0,0,0
부산,해운대구,좌제4동,2635055400,21475,10128,11347,—,6.566,1212,2529,4551,7130,4327,3976,1,0.5,0,0,1,0,0,0
부산,해운대구,송정동,2635056000,8988,4303,4685,—,4.211,253,484,1646,2612,3118,1269,6,6.7,2,2,2,0,0,0
부산,해운대구,반여제1동,2635057000,34584,16929,17655,—,4.945,2203,3660,7229,11586,7135,6163,59,17.1,33,16,8,1,0,1
부산,해운대구,반여제2동,2635058000,10687,5206,5481,—,0.778,263,456,1866,3096,3922,1339,28,26.2,16,6,6,0,0,0
부산,해운대구,반여제3동,2635059000,6928,3342,3586,—,1.863,82,251,1091,1894,2880,775,5,7.2,2,1,2,0,0,0
부산,해운대구,반여제4동,2635059500,14175,6912,7263,—,1.06,716,1386,2772,4580,3414,2335,1,0.7,1,0,0,0,0,0
부산,해운대구,반송제1동,2635061000,11119,5544,5575,—,7.601,148,422,1631,3020,4748,1113,20,18.0,10,4,4,0,0,2
부산,해운대구,반송제2동,2635062000,19633,9513,10120,—,4.102,398,972,2646,5302,8248,2012,27,13.8,14,9,4,0,0,0
부산,해운대구,재송제1동,2635065000,35882,17667,18215,—,2.639,2626,4924,7273,12740,6194,7151,49,13.7,23,13,10,1,0,1
부산,해운대구,재송제2동,2635066000,21225,10221,11004,—,1.443,556,1482,4266,6546,6280,3317,21,9.9,10,4,4,1,0,2
부산,사하구,괴정제1동,2638051000,16241,7661,8580,—,1.133,478,1221,2830,4803,5457,2377,42,25.9,24,8,9,1,0,0
부산,사하구,괴정제2동,2638052000,14228,6883,7345,—,1.361,604,1195,2673,4282,4345,2208,2,1.4,0,0,0,2,0,0
부산,사하구,괴정제3동,2638053000,11077,5250,5827,—,1.275,244,631,2022,3096,4082,1553,46,41.5,21,12,12,0,0,1
부산,사하구,괴정제4동,2638054000,11579,5659,5920,—,0.863,855,1217,2138,3745,2852,2002,9,7.8,4,1,3,0,0,1
부산,사하구,당리동,2638055000,22886,11072,11814,—,3.91,705,1950,4168,6932,6976,3479,81,35.4,38,22,16,5,0,0
부산,사하구,하단제1동,2638056100,20512,10248,10264,—,8.222,636,1411,5527,5938,5275,3798,41,20.0,26,6,1,3,0,3
부산,사하구,하단제2동,2638056200,25167,12821,12346,—,4.673,800,1838,8321,6795,5540,4956,30,11.9,13,8,6,0,0,1
부산,사하구,신평제1동,2638057100,14596,7443,7153,—,1.757,591,961,2472,4542,4559,1968,13,8.9,4,6,2,1,0,0
부산,사하구,신평제2동,2638057200,16523,8211,8312,—,2.619,885,1278,3753,5167,3915,2912,18,10.9,6,5,5,0,0,2
부산,사하구,장림제1동,2638058000,13320,6873,6447,—,2.44,1021,1200,2877,4579,2670,2414,11,8.3,5,1,2,1,0,1
부산,사하구,장림제2동,2638059000,24331,12218,12113,—,2.33,879,2122,4902,7801,6343,3869,46,18.9,21,11,7,4,0,2
부산,사하구,다대제1동,2638060100,34181,16949,17232,—,5.465,1382,3243,5959,11150,9236,5092,50,14.6,26,11,9,1,0,3
부산,사하구,다대제2동,2638060200,24233,11841,12392,—,2.042,881,1906,4074,7370,7513,3320,23,9.5,10,7,5,0,0,0
부산,사하구,구평동,2638061000,12032,6120,5912,—,3.62,1031,1036,2709,3917,2410,2255,4,3.3,1,1,0,0,0,2
부산,사하구,감천제1동,2638062000,15596,7578,8018,—,2.207,391,1067,2418,4468,5612,1940,16,10.3,6,4,2,1,0,3
부산,사하구,감천제2동,2638063000,4682,2358,2324,—,0.929,49,133,542,1215,2237,391,4,8.5,2,0,1,0,0,1
부산,금정구,서제1동,2641051000,3830,2013,1817,—,0.32,27,85,513,1045,1721,343,3,7.8,1,1,0,0,0,1
부산,금정구,서제2동,2641052000,7456,3734,3722,—,0.415,123,370,1133,2013,2940,828,33,44.3,16,10,5,1,0,1
부산,금정구,서제3동,2641053000,9497,4693,4804,—,1.012,166,365,1422,2489,3925,1043,14,14.7,8,2,3,0,0,0
부산,금정구,금사회동동,2641055500,6540,3387,3153,—,5.26,112,254,962,1687,2733,698,8,12.2,2,2,2,1,0,1
부산,금정구,부곡제1동,2641057000,6797,3228,3569,—,0.667,130,336,955,1817,2881,735,9,13.2,4,1,2,0,0,1
부산,금정구,부곡제2동,2641058000,16397,7708,8689,—,1.145,582,1333,3869,4899,4387,3032,35,21.3,13,10,10,2,0,0
부산,금정구,부곡제3동,2641059000,14264,6717,7547,—,8.794,590,1186,3190,4240,3888,2525,28,19.6,13,9,4,1,0,1
부산,금정구,부곡제4동,2641059100,10881,5129,5752,—,0.467,286,578,1991,3041,3928,1528,11,10.1,5,2,2,0,0,1
부산,금정구,장전제1동,2641060000,18141,9596,8545,—,2.453,531,1357,8394,3741,3133,4288,20,11.0,6,7,7,0,0,0
부산,금정구,장전제2동,2641061000,26186,12511,13675,—,3.412,1958,2677,6182,8156,5611,5334,49,18.7,25,8,12,1,0,2
부산,금정구,선두구동,2641063500,1920,1018,902,—,12.211,23,63,246,463,861,165,1,5.2,0,0,0,0,0,0
부산,금정구,청룡노포동,2641066500,8807,4260,4547,—,10.676,289,590,1467,2280,3285,1085,5,5.7,2,2,0,0,0,1
부산,금정구,남산동,2641067000,25578,12451,13127,—,4.563,526,1536,5698,7010,8291,3797,42,16.4,16,11,12,1,0,2
부산,금정구,구서제1동,2641068000,18226,8513,9713,—,1.982,849,1733,3726,5768,4545,3173,66,36.2,32,17,13,3,0,1
부산,금정구,구서제2동,2641069000,29960,14253,15707,—,3.267,1387,2765,6016,8874,8135,4788,42,14.0,16,12,10,1,0,3
부산,금정구,금성동,2641070000,861,429,432,—,8.111,16,85,106,230,332,101,0,0.0,0,0,0,0,0,0
부산,강서구,대저1동,2644051000,5275,2893,2382,—,18.144,80,178,711,1230,2486,465,5,9.5,3,1,1,0,0,0
부산,강서구,대저2동,2644052000,5821,3257,2564,—,29.89,267,343,1320,1399,1962,736,5,8.6,3,1,1,0,0,0
부산,강서구,강동동,2644053000,22066,11206,10860,—,17.74,4393,2003,5894,6443,2471,5161,1,0.5,0,1,0,0,0,0
부산,강서구,명지1동,2644053500,54366,27229,27137,—,12.192,6998,7450,13808,18590,5429,13208,63,11.6,30,18,11,3,0,0
부산,강서구,명지2동,2644054500,29356,14686,14670,—,1.669,2719,5350,5376,11185,3340,6133,29,9.9,13,7,6,2,0,0
부산,강서구,가락동,2644055000,1961,1059,902,—,19.615,13,41,187,439,1035,117,0,0.0,0,0,0,0,0,0
부산,강서구,녹산동,2644056000,17013,9608,7405,—,55.102,1224,1576,4128,5920,3023,3019,7,4.1,4,1,1,1,0,0
부산,강서구,가덕도동,2644058000,3997,2132,1865,—,27.495,76,119,548,1111,1640,369,1,2.5,0,0,1,0,0,0
부산,강서구,신호동,2644059000,14927,7938,6989,—,6.638,893,1845,3078,5410,2697,2600,10,6.7,5,3,2,0,0,0
부산,연제구,거제제1동,2647061000,27564,13194,14370,—,1.284,1593,3221,5540,9209,6130,5099,29,10.5,12,10,3,3,0,0
부산,연제구,거제제2동,2647062000,25015,11933,13082,—,1.809,2675,3461,5192,9012,3407,5332,21,8.4,9,6,4,0,1,1
부산,연제구,거제제3동,2647063000,8812,4048,4764,—,0.509,248,477,1774,2389,3182,1347,17,19.3,7,4,6,0,0,0
부산,연제구,거제제4동,2647064000,9176,4372,4804,—,0.531,375,811,1673,2781,2671,1404,4,4.4,1,0,2,0,0,1
부산,연제구,연산제1동,2647065000,15242,7436,7806,—,0.751,828,1187,3265,4588,4114,2654,18,11.8,9,4,4,1,0,0
부산,연제구,연산제2동,2647066000,22975,10702,12273,—,1.09,1714,1433,7108,6383,4951,5486,34,14.8,21,6,7,0,0,0
부산,연제구,연산제3동,2647067000,9932,4738,5194,—,1.02,699,535,2180,2922,2877,1768,19,19.1,10,4,5,0,0,0
부산,연제구,연산제4동,2647068000,17361,8352,9009,—,0.767,588,1038,4380,4853,5104,3294,67,38.6,32,18,12,2,0,2
부산,연제구,연산제5동,2647069000,17003,8060,8943,—,0.696,510,612,6709,4553,3554,4674,117,68.8,58,25,24,4,0,3
부산,연제구,연산제6동,2647070000,14921,7084,7837,—,1.225,681,886,3117,4110,4925,2403,18,12.1,8,4,4,0,0,1
부산,연제구,연산제8동,2647072000,12623,6140,6483,—,0.736,786,1057,2423,3877,3396,2091,11,8.7,3,4,3,1,0,0
부산,연제구,연산제9동,2647073000,30979,14609,16370,—,1.567,1309,2493,6156,9605,8612,5126,45,14.5,20,12,8,1,0,4
부산,수영구,남천제1동,2650066000,16223,7472,8751,—,1.233,953,1479,3851,5052,3730,3268,76,46.8,32,20,20,2,0,2
부산,수영구,남천제2동,2650067000,13249,6122,7127,—,0.528,772,1264,2528,4323,3288,2312,6,4.5,1,3,2,0,0,0
부산,수영구,수영동,2650073000,13343,6363,6980,—,0.77,381,563,2870,3428,5008,2106,48,36.0,20,11,16,0,0,0
부산,수영구,망미제1동,2650074000,24771,11700,13071,—,1.868,958,1876,4535,6963,8397,3825,21,8.5,10,7,4,0,0,0
부산,수영구,망미제2동,2650075000,9460,4577,4883,—,0.831,352,626,1852,2842,3007,1495,7,7.4,4,2,1,0,0,0
부산,수영구,광안제1동,2650076000,24211,11167,13044,—,1.085,617,1329,8371,6274,6075,5966,26,10.7,11,8,5,0,1,1
부산,수영구,광안제2동,2650077000,17626,8132,9494,—,0.644,650,1172,5135,5134,4337,3981,39,22.1,14,12,10,1,0,2
부산,수영구,광안제3동,2650078000,8924,4217,4707,—,0.558,133,333,3166,2197,2490,2139,64,71.7,33,11,13,2,1,2
부산,수영구,광안제4동,2650079000,14681,6684,7997,—,1.459,855,1065,3590,4541,3610,3031,26,17.7,13,5,4,1,1,1
부산,수영구,민락동,2650080000,26848,12862,13986,—,1.675,1598,1793,6259,8276,6869,4990,23,8.6,10,7,5,0,0,1
부산,사상구,삼락동,2653058000,4703,2429,2274,—,7.068,118,215,719,1278,1793,518,2,4.3,0,0,0,0,0,1
부산,사상구,모라제1동,2653059100,24987,12335,12652,—,1.699,851,1723,4986,7247,7568,3740,29,11.6,14,8,7,0,0,0
부산,사상구,모라제3동,2653059300,8454,3988,4466,—,3.67,91,250,895,2150,4063,691,5,5.9,2,1,1,0,0,1
부산,사상구,덕포제1동,2653060000,11384,5699,5685,—,0.579,791,824,2536,3358,2814,1911,29,25.5,11,7,9,1,0,1
부산,사상구,덕포제2동,2653061000,11459,5757,5702,—,1.548,371,830,2217,3315,3451,1679,8,7.0,3,2,1,0,0,1
부산,사상구,괘법동,2653062000,24141,12347,11794,—,3.456,785,985,8360,6200,5542,5338,46,19.1,26,12,4,1,0,1
부산,사상구,감전동,2653064500,11158,5823,5335,—,3.898,243,457,2187,3109,3822,1457,25,22.4,13,4,2,2,0,3
부산,사상구,주례제1동,2653065000,15890,7969,7921,—,1.311,919,1124,3486,4808,3981,2648,3,1.9,1,1,1,0,0,0
부산,사상구,주례제2동,2653066000,20482,10207,10275,—,2.36,618,1684,5822,5705,4910,3919,8,3.9,2,2,1,0,2,1
부산,사상구,주례제3동,2653066100,11467,5532,5935,—,1.158,356,820,2470,3272,3422,1814,42,36.6,24,9,6,0,0,1
부산,사상구,학장동,2653067000,24912,12264,12648,—,5.568,831,1913,4489,7902,7347,3661,33,13.2,11,7,6,3,0,3
부산,사상구,엄궁동,2653068000,22875,11321,11554,—,4.21,1001,2286,4572,7604,5085,3714,17,7.4,6,5,6,0,0,0
부산,기장군,기장읍,2671025000,50783,24856,25927,—,41.249,2170,3635,10094,15734,14654,7825,82,16.1,39,21,15,1,0,5
부산,기장군,장안읍,2671025300,8402,4560,3842,—,50.936,350,370,1658,2286,2941,996,9,10.7,4,2,2,0,1,0
부산,기장군,정관읍,2671025600,77316,38335,38981,—,37.102,6003,12726,14152,29590,11482,15641,79,10.2,40,20,15,2,0,0
부산,기장군,일광읍,2671025900,31931,15732,16199,—,35.82,3184,3073,7854,9964,5762,6639,30,9.4,16,6,6,1,0,0
부산,기장군,철마면,2671033000,7050,3505,3545,—,54.512,132,395,874,1829,3086,679,2,2.8,1,0,1,0,0,0
대구,중구,동인동,2711051700,11000,5438,5562,—,0.967,623,663,3978,3033,2068,2646,17,15.5,7,5,2,3,0,0
대구,중구,삼덕동,2711054500,7449,3642,3807,—,0.641,383,543,3284,1945,983,2137,88,118.1,65,17,2,1,0,0
대구,중구,성내1동,2711056500,5538,2652,2886,—,0.756,124,245,2768,1199,950,1737,144,260.0,96,31,14,1,0,0
대구,중구,성내2동,2711057500,9263,4410,4853,—,0.919,684,547,3664,2506,1383,2632,49,52.9,29,5,9,3,2,0
대구,중구,성내3동,2711058500,13680,6820,6860,—,0.742,2144,1085,4537,3872,1510,3451,15,11.0,8,4,2,0,0,0
대구,중구,대신동,2711059500,7230,3485,3745,—,0.488,564,552,1713,2183,1717,1377,23,31.8,12,5,6,0,0,0
대구,중구,남산1동,2711064000,5059,2368,2691,—,0.418,308,352,1588,1468,1038,1213,33,65.2,17,9,4,2,0,1
대구,중구,남산2동,2711065000,7424,3473,3951,—,0.39,734,596,2225,2185,1277,1757,65,87.6,31,18,16,0,0,0
대구,중구,남산3동,2711066000,5800,2658,3142,—,0.406,280,483,1118,1803,1657,976,5,8.6,2,0,3,0,0,0
대구,중구,남산4동,2711067000,15856,7388,8468,—,0.447,1327,1342,3808,4850,3574,3139,13,8.2,5,3,4,1,0,0
대구,중구,대봉1동,2711068000,7652,3524,4128,—,0.56,516,771,1805,2384,1701,1562,22,28.8,13,7,2,0,0,0
대구,중구,대봉2동,2711069000,5943,2820,3123,—,0.273,531,471,1674,1890,1026,1298,5,8.4,1,0,4,0,0,0
대구,동구,신암1동,2714051000,10786,5351,5435,—,0.604,837,628,2620,3059,2857,1881,26,24.1,14,4,6,1,0,1
대구,동구,신암2동,2714052000,11425,5380,6045,—,0.361,911,979,2514,3531,2739,2097,30,26.3,14,4,10,1,0,0
대구,동구,신암3동,2714053000,11174,5494,5680,—,0.599,1168,723,3195,3118,2295,2328,23,20.6,16,3,3,0,0,0
대구,동구,신암4동,2714054000,18410,9062,9348,—,1.161,1200,889,5846,5057,3951,3829,18,9.8,10,4,3,0,1,0
대구,동구,신암5동,2714054100,7319,3462,3857,—,0.544,385,399,1630,2012,2251,1186,30,41.0,17,7,6,0,0,0
대구,동구,신천1.2동,2714055500,10985,5075,5910,—,0.466,266,619,2199,3043,3856,1637,30,27.3,18,5,6,1,0,0
대구,동구,신천3동,2714057000,14952,7382,7570,—,0.715,1093,1301,4083,4740,2752,3098,21,14.0,9,7,5,0,0,0
대구,동구,신천4동,2714058000,13095,6366,6729,—,0.792,912,751,4554,3737,2312,3232,23,17.6,13,7,3,0,0,0
대구,동구,효목1동,2714059000,11467,5681,5786,—,1.459,218,522,2079,3094,4431,1414,7,6.1,4,1,2,0,0,0
대구,동구,효목2동,2714060000,14206,6708,7498,—,0.758,680,934,3324,4076,3978,2498,26,18.3,12,5,6,0,0,1
대구,동구,도평동,2714061500,3374,1834,1540,—,19.846,66,142,779,800,1220,377,0,0.0,0,0,0,0,0,0
대구,동구,불로.봉무동,2714062000,19392,9528,9864,—,7.63,1187,2205,3687,6509,4326,3320,30,15.5,13,7,9,0,0,0
대구,동구,지저동,2714064000,12295,6048,6247,—,2.227,309,618,2273,3295,4393,1547,11,8.9,5,3,2,1,0,0
대구,동구,동촌동,2714065500,13783,6929,6854,—,4.443,436,746,2859,3880,4470,1935,8,5.8,2,1,4,0,0,1
대구,동구,방촌동,2714067000,16700,8049,8651,—,1.22,460,1012,3091,4562,5786,2195,54,32.3,30,11,11,0,1,1
대구,동구,해안동,2714068500,12875,6387,6488,—,13.209,356,703,2459,3490,4539,1698,1,0.8,1,0,0,0,0,0
대구,동구,안심1동,2714072000,37124,17968,19156,—,3.475,1784,3431,7557,11335,9873,6169,77,20.7,39,19,17,0,0,2
대구,동구,안심2동,2714073000,16987,8474,8513,—,13.277,1192,1047,4398,5218,3678,3098,1,0.6,0,0,0,0,0,0
대구,동구,안심3동,2714074200,19884,9637,10247,—,5.845,1322,2475,4619,6785,3543,4003,13,6.5,4,3,6,0,0,0
대구,동구,안심4동,2714074700,26286,12839,13447,—,2.561,1307,2656,5929,8706,5667,4702,50,19.0,25,10,12,2,0,0
대구,동구,혁신동,2714075500,16509,8085,8424,—,17.002,1516,2020,4211,5670,2280,3926,16,9.7,7,4,4,0,0,0
대구,동구,공산동,2714076000,19671,9524,10147,—,82.926,982,1226,3414,5857,6350,2772,12,6.1,5,4,2,0,0,1
대구,서구,내당1동,2717051000,14720,7220,7500,—,0.568,1041,1013,3932,4460,2999,2866,26,17.7,10,6,6,2,0,1
대구,서구,내당2.3동,2717052500,8107,3900,4207,—,0.495,155,322,1439,2285,3035,962,24,29.6,7,7,6,1,1,2
대구,서구,내당4동,2717054000,14114,6687,7427,—,0.809,283,824,3105,3966,4558,2176,26,18.4,14,8,3,1,0,0
대구,서구,비산1동,2717055000,7702,3866,3836,—,0.432,130,373,1244,2241,2795,853,8,10.4,4,2,2,0,0,0
대구,서구,비산2.3동,2717056500,7527,3666,3861,—,0.553,113,292,1095,1939,3198,729,22,29.2,12,3,6,0,0,1
대구,서구,비산4동,2717058000,8120,3920,4200,—,0.432,137,405,1418,2307,2887,975,12,14.8,5,2,4,1,0,0
대구,서구,비산5동,2717059000,4726,2380,2346,—,0.343,85,175,664,1258,1975,472,24,50.8,13,4,6,0,0,1
대구,서구,비산6동,2717060000,6292,3048,3244,—,0.27,107,252,1040,1802,2327,719,14,22.3,5,4,5,0,0,0
대구,서구,비산7동,2717061000,9324,4902,4422,—,2.573,308,453,1871,2731,2921,1251,9,9.7,4,1,3,0,0,1
대구,서구,평리1동,2717062000,6112,3058,3054,—,0.364,104,305,1019,1700,2264,689,6,9.8,3,0,3,0,0,0
대구,서구,평리2동,2717063000,6827,3293,3534,—,0.277,234,582,1166,2120,2032,1010,7,10.3,4,1,1,1,0,0
대구,서구,평리3동,2717064000,12071,5982,6089,—,0.776,740,765,2556,3573,3264,1961,17,14.1,7,3,4,1,0,2
대구,서구,평리4동,2717065000,15008,7462,7546,—,0.742,494,1062,2959,4511,4332,2211,42,28.0,19,9,11,2,0,0
대구,서구,평리5동,2717066000,10510,5239,5271,—,0.405,1536,750,3338,2926,1389,2417,16,15.2,8,5,3,0,0,0
대구,서구,평리6동,2717066100,5393,2789,2604,—,0.743,359,274,1413,1526,1307,921,2,3.7,0,1,0,0,0,1
대구,서구,상중이동,2717067500,16829,8324,8505,—,6.749,504,1382,3136,5058,5020,2370,6,3.6,2,0,2,0,1,1
대구,서구,원대동,2717069500,9937,4964,4973,—,0.619,458,490,2334,2917,2816,1608,9,9.1,5,1,3,0,0,0
대구,남구,이천동,2720051500,14228,6683,7545,—,1.039,908,1032,3217,4420,3660,2595,15,10.5,6,4,5,0,0,0
대구,남구,봉덕1동,2720053000,7645,3683,3962,—,0.486,156,334,1637,2237,2570,1188,28,36.6,9,10,7,1,0,0
대구,남구,봉덕2동,2720054000,12827,6053,6774,—,3.015,921,1045,2531,3849,3494,2206,9,7.0,4,3,2,0,0,0
대구,남구,봉덕3동,2720055000,13976,6596,7380,—,3.057,421,1033,2677,4170,4494,2172,17,12.2,8,3,6,0,0,0
대구,남구,대명1동,2720056000,9228,4493,4735,—,0.459,195,610,2150,2624,2811,1536,14,15.2,8,2,4,0,0,0
대구,남구,대명2동,2720057100,15249,7200,8049,—,0.872,839,979,5342,4122,3068,3687,23,15.1,11,4,7,0,0,1
대구,남구,대명3동,2720058600,12297,5983,6314,—,0.928,390,587,3631,3303,3351,2377,13,10.6,4,4,1,1,0,2
대구,남구,대명4동,2720059000,8980,4237,4743,—,0.757,185,439,1878,2363,3196,1342,20,22.3,8,5,5,1,0,0
대구,남구,대명5동,2720060000,8992,4270,4722,—,0.737,534,532,3071,2555,1734,2150,24,26.7,9,10,3,0,0,2
대구,남구,대명6동,2720061000,10271,4914,5357,—,1.565,438,570,2541,3100,2757,1911,7,6.8,3,1,2,0,0,1
대구,남구,대명9동,2720064000,13111,6342,6769,—,3.127,292,704,3221,3925,3861,2381,11,8.4,6,2,2,1,0,0
대구,남구,대명10동,2720065000,7805,3619,4186,—,0.515,132,320,1803,2085,2727,1321,38,48.7,20,5,10,1,1,1
대구,남구,대명11동,2720066000,7113,3317,3796,—,0.844,136,272,1314,1912,2716,961,38,53.4,20,6,10,2,0,0
대구,북구,고성동,2723051000,14592,7220,7372,—,0.518,2100,1245,4940,4232,1556,3753,7,4.8,4,2,1,0,0,0
대구,북구,칠성동,2723052600,23907,11373,12534,—,1.385,1584,2389,6349,7669,4445,5190,35,14.6,9,11,13,1,0,1
대구,북구,침산1동,2723055000,3424,1824,1600,—,1.464,86,154,562,917,1294,363,0,0.0,0,0,0,0,0,0
대구,북구,침산2동,2723056000,17825,8484,9341,—,0.85,1368,2263,4071,6055,2965,3654,38,21.3,22,8,6,1,0,1
대구,북구,침산3동,2723057000,17655,8356,9299,—,1.042,980,1878,3428,5842,4093,3019,31,17.6,15,10,3,1,0,0
대구,북구,산격1동,2723061000,7354,3581,3773,—,0.864,85,275,995,1865,3256,683,12,16.3,6,1,4,0,0,1
대구,북구,산격2동,2723062000,9351,4545,4806,—,2.344,270,665,1945,2699,2737,1358,12,12.8,5,4,2,0,0,1
대구,북구,산격3동,2723063000,8380,4353,4027,—,1.267,128,427,3640,1682,1967,1922,36,43.0,22,7,6,1,0,0
대구,북구,산격4동,2723063100,6931,3603,3328,—,0.713,115,343,1543,1892,2393,912,12,17.3,6,3,3,0,0,0
대구,북구,대현동,2723064500,15532,7844,7688,—,0.851,439,1042,4189,4231,4375,2494,29,18.7,11,5,8,2,0,3
대구,북구,복현1동,2723067100,7117,4013,3104,—,0.36,90,297,3561,1491,1234,1627,28,39.3,14,7,4,2,0,0
대구,북구,복현2동,2723067200,28702,14180,14522,—,1.8,1651,2985,7342,8888,5567,5319,21,7.3,9,6,5,1,0,0
대구,북구,검단동,2723068000,5381,2604,2777,—,3.753,106,277,918,1495,2041,692,4,7.4,1,1,1,0,0,0
대구,북구,무태조야동,2723069500,32466,16562,15904,—,22.78,1870,3238,6320,12042,6440,5367,31,9.5,12,8,9,1,0,0
대구,북구,관문동,2723071500,31924,15782,16142,—,14.763,2385,3401,6304,11107,6134,5740,14,4.4,7,3,4,0,0,0
대구,북구,태전1동,2723072500,21082,10488,10594,—,2.503,682,1587,5686,6211,4941,3733,17,8.1,8,5,3,1,0,0
대구,북구,태전2동,2723073500,21552,10445,11107,—,2.061,842,1845,4872,6718,5220,3532,53,24.6,27,14,8,1,0,2
대구,북구,구암동,2723074500,30182,14655,15527,—,4.178,1172,3426,6471,10933,5361,5139,6,2.0,3,2,1,0,0,0
대구,북구,관음동,2723075000,13683,6868,6815,—,3.055,360,967,2700,4245,3853,1822,29,21.2,14,4,8,1,1,0
대구,북구,읍내동,2723077000,24548,12159,12389,—,5.668,1072,1955,5737,7639,5643,3958,22,9.0,10,4,6,1,0,1
대구,북구,동천동,2723078000,24591,11803,12788,—,1.059,1176,2933,5629,9269,3607,4543,104,42.3,47,29,25,2,0,1
대구,북구,노원동,2723079000,10938,5594,5344,—,3.041,442,567,2246,3151,3356,1571,38,34.7,18,10,7,2,0,0
대구,북구,국우동,2723080000,29097,14402,14695,—,16.84,1716,3260,7478,10405,4145,5891,20,6.9,9,3,4,2,0,1
대구,수성구,범어1동,2726051000,22730,10873,11857,—,1.18,2336,3179,4730,8083,3129,4744,74,32.6,41,11,19,1,0,1
대구,수성구,범어2동,2726052000,15392,7303,8089,—,1.005,1067,1725,3920,4983,2702,3390,45,29.2,26,9,9,0,0,0
대구,수성구,범어3동,2726053000,17014,8121,8893,—,0.581,1705,2270,4110,6003,2010,3774,66,38.8,33,18,13,1,0,0
대구,수성구,범어4동,2726054000,18388,9037,9351,—,1.187,1284,4175,2545,7500,2113,3629,34,18.5,13,10,11,0,0,0
대구,수성구,만촌1동,2726055000,20173,9759,10414,—,2.688,1209,1995,3965,6358,4989,3265,40,19.8,16,8,12,3,0,1
대구,수성구,만촌2동,2726056000,13052,6527,6525,—,1.943,677,1702,2871,4428,2455,2427,43,32.9,24,8,10,1,0,0
대구,수성구,만촌3동,2726056100,20532,10646,9886,—,1.688,1388,4004,3417,8149,2531,3993,25,12.2,12,6,6,1,0,0
대구,수성구,수성1가동,2726057000,16922,7598,9324,—,0.636,910,1948,3172,5556,4108,2920,62,36.6,35,13,13,0,0,0
대구,수성구,수성2.3가동,2726058000,10138,4915,5223,—,0.657,638,1384,1755,3510,2168,1726,65,64.1,39,10,12,4,0,0
대구,수성구,수성4가동,2726059000,12800,5868,6932,—,0.611,431,1027,2574,4041,3508,2080,34,26.6,14,10,9,1,0,0
대구,수성구,황금1동,2726060100,20792,9935,10857,—,2.565,1567,3170,3625,7345,3635,3732,32,15.4,15,6,11,0,0,0
대구,수성구,황금2동,2726060200,11754,5637,6117,—,1.184,691,967,3011,3724,2575,2375,36,30.6,21,7,6,0,0,2
대구,수성구,중동,2726061000,14395,7028,7367,—,0.944,1152,1208,3449,4823,2784,2932,39,27.1,20,8,8,1,0,2
대구,수성구,상동,2726062000,13954,6779,7175,—,1.322,485,998,2836,4182,4179,2192,13,9.3,3,4,6,0,0,0
대구,수성구,파동,2726063000,17209,8233,8976,—,5.391,1184,1270,3796,5510,4128,3163,11,6.4,5,3,3,0,0,0
대구,수성구,두산동,2726064000,14799,7164,7635,—,1.853,855,1251,3993,4876,2672,3191,24,16.2,9,8,5,0,0,1
대구,수성구,지산1동,2726065100,18605,8809,9796,—,2.883,398,1244,3882,5454,5823,2746,39,21.0,17,7,12,0,0,1
대구,수성구,지산2동,2726065200,18120,8411,9709,—,1.634,730,1515,3652,5543,5019,2922,36,19.9,19,6,11,0,0,0
대구,수성구,범물1동,2726066100,9655,4293,5362,—,5.777,155,437,1313,2331,4356,992,25,25.9,11,6,7,0,0,0
대구,수성구,범물2동,2726066200,15530,7404,8126,—,2.113,723,1625,2972,4987,3842,2540,33,21.2,21,6,6,0,0,0
대구,수성구,고산1동,2726067000,31015,14849,16166,—,8.588,1708,4184,6414,10653,5604,5691,58,18.7,29,12,14,0,0,1
대구,수성구,고산2동,2726068000,25478,12451,13027,—,24.237,1529,2655,5740,8207,5304,4452,20,7.8,9,5,5,0,0,0
대구,수성구,고산3동,2726069000,29123,13874,15249,—,5.274,1179,2986,6260,9654,6235,4952,64,22.0,32,12,18,1,1,0
대구,달서구,성당동,2729051500,19860,9604,10256,—,1.979,697,1762,3680,6050,5813,3067,38,19.1,20,7,8,0,0,2
대구,달서구,두류1.2동,2729053500,15672,7695,7977,—,1.272,663,770,4587,4282,4106,3120,24,15.3,11,4,5,1,0,1
대구,달서구,두류3동,2729055000,8926,4295,4631,—,1.199,331,568,2198,2545,2493,1578,37,41.5,20,9,6,1,0,0
대구,달서구,감삼동,2729055500,31140,15131,16009,—,1.139,2374,2943,8454,9834,5193,6579,82,26.3,40,20,14,2,2,0
대구,달서구,죽전동,2729056300,14360,7072,7288,—,0.782,701,814,4177,4123,3263,2802,54,37.6,31,11,8,2,0,0
대구,달서구,장기동,2729056800,15315,7433,7882,—,2.749,730,1288,3650,4935,3324,2701,18,11.8,6,3,8,0,0,1
대구,달서구,용산1동,2729057100,27731,13825,13906,—,1.452,1054,2518,6608,9316,5343,4689,33,11.9,14,12,6,0,0,1
대구,달서구,용산2동,2729057200,24557,12138,12419,—,1.534,771,2028,5353,8331,5183,3901,14,5.7,5,5,4,0,0,0
대구,달서구,이곡1동,2729057600,19612,9759,9853,—,1.796,651,1532,4891,6519,3853,3277,45,22.9,26,14,4,1,0,0
대구,달서구,이곡2동,2729057700,14032,7091,6941,—,2.252,419,906,3144,4399,3584,2093,43,30.6,23,11,8,1,0,0
대구,달서구,신당동,2729058500,27830,14035,13795,—,9.174,678,1943,9183,7601,5916,5366,17,6.1,6,5,4,1,0,0
대구,달서구,본리동,2729059000,23007,11295,11712,—,1.073,1724,2373,5430,7695,3934,4512,20,8.7,9,5,5,1,0,0
대구,달서구,월성1동,2729060100,39351,19168,20183,—,1.925,3251,7344,7514,15581,3898,8186,67,17.0,35,18,11,0,0,0
대구,달서구,월성2동,2729060200,13411,6326,7085,—,7.588,246,772,1991,3822,5267,1509,13,9.7,6,2,5,0,0,0
대구,달서구,진천동,2729061500,49166,23873,25293,—,5.306,2828,4753,10945,15887,10490,8718,80,16.3,43,18,15,1,1,2
대구,달서구,유천동,2729061700,32805,16240,16565,—,1.307,4207,5763,7081,12118,2404,7482,24,7.3,10,7,5,2,0,0
대구,달서구,상인1동,2729062400,31859,15260,16599,—,1.489,1552,3510,6580,10181,7140,5279,79,24.8,36,22,18,1,0,1
대구,달서구,상인2동,2729062500,16964,8373,8591,—,0.953,653,1109,4606,4736,4115,2993,58,34.2,27,17,12,1,0,0
대구,달서구,상인3동,2729062600,9436,4501,4935,—,3.295,124,344,1224,2348,4304,906,9,9.5,6,1,2,0,0,0
대구,달서구,도원동,2729062800,30780,14601,16179,—,11.143,1005,2539,5816,9340,8626,4562,32,10.4,17,6,8,0,1,0
대구,달서구,송현1동,2729063000,15862,7981,7881,—,2.448,379,808,3423,4675,4979,2374,10,6.3,4,3,2,0,0,1
대구,달서구,송현2동,2729064000,17635,8361,9274,—,0.965,657,959,3708,4975,5658,2738,65,36.9,32,14,14,2,1,2
대구,달서구,본동,2729065000,13266,6518,6748,—,1.051,498,944,3036,4210,3323,2235,10,7.5,2,2,3,3,0,0
대구,달성군,화원읍,2771025000,45281,22259,23022,—,25.884,2149,3635,9330,14087,11309,6862,66,14.6,32,15,16,1,0,1
대구,달성군,논공읍,2771025300,4117,2239,1878,—,43.872,162,183,605,1213,1477,424,14,34.0,5,3,3,1,0,2
대구,달성군,논공읍공단출장소,2771025400,10638,5753,4885,—,—,350,842,1964,3990,2294,1363,—,—,—,—,—,—,—,—
대구,달성군,다사읍,2771025600,51458,25263,26195,—,36.67,3928,6830,10876,17667,8398,9897,94,18.3,45,24,21,1,0,2
대구,달성군,다사읍서재출장소,2771025700,37423,18996,18427,—,—,4005,4634,8427,13768,4367,7816,—,—,—,—,—,—,—,—
대구,달성군,유가읍,2771025900,31265,15908,15357,—,55.966,3522,4938,6899,11397,3157,6810,8,2.6,4,2,1,1,0,0
대구,달성군,옥포읍,2771026200,22134,11113,11021,—,47.255,1478,1970,3766,7011,5745,3451,13,5.9,6,4,3,0,0,0
대구,달성군,현풍읍,2771026500,20879,11052,9827,—,24.236,1380,1937,5467,6446,4199,3725,54,25.9,25,15,12,1,0,1
대구,달성군,가창면,2771031000,6686,3281,3405,—,109.988,149,431,751,1628,3009,643,6,9.0,2,1,1,0,0,2
대구,달성군,하빈면,2771033000,3081,1688,1393,—,37.573,35,84,307,682,1492,174,2,6.5,1,0,1,0,0,0
대구,달성군,구지면,2771038000,18827,9973,8854,—,39.48,2173,1899,4651,6260,2733,3703,12,6.4,6,3,3,0,0,0
대구,군위군,군위읍,2772025000,7871,4102,3769,—,82.609,268,524,1060,2223,2921,847,12,15.2,5,3,4,0,0,0
대구,군위군,소보면,2772031000,2205,1177,1028,—,99.276,27,31,132,435,1267,107,0,0.0,0,0,0,0,0,0
대구,군위군,효령면,2772032000,3641,1920,1721,—,96.214,54,92,293,729,1992,193,1,2.7,1,0,0,0,0,0
대구,군위군,부계면,2772033000,2111,1115,996,—,64.877,25,48,164,446,1139,93,0,0.0,0,0,0,0,0,0
대구,군위군,우보면,2772034000,1925,996,929,—,60.237,20,25,119,359,1146,78,1,5.2,1,0,0,0,0,0
대구,군위군,의흥면,2772035000,2218,1104,1114,—,54.207,23,38,128,405,1334,108,2,9.0,1,0,1,0,0,0
대구,군위군,산성면,2772036000,1195,618,577,—,36.754,17,19,53,215,730,34,0,0.0,0,0,0,0,0,0
대구,군위군,삼국유사면,2772037000,1327,715,612,—,114.554,4,19,56,247,798,48,1,7.5,0,0,1,0,0,0
인천,중구,신포동,2812551000,4405,2240,2165,—,2.053,109,302,784,1345,1496,587,10,22.7,2,6,2,0,0,0
인천,중구,연안동,2812552000,4904,2644,2260,—,6.082,110,217,805,1430,1798,538,9,18.4,3,3,2,0,0,1
인천,중구,신흥동,2812553000,14099,7136,6963,—,3.912,647,1035,3490,4307,3474,2531,8,5.7,2,3,1,0,0,0
인천,중구,도원동,2812554000,3344,1723,1621,—,0.229,43,142,527,913,1394,355,0,0.0,0,0,0,0,0,0
인천,중구,율목동,2812555000,3027,1583,1444,—,0.204,67,124,607,857,1056,403,6,19.8,2,0,1,1,1,1
인천,중구,동인천동,2812556000,5161,2733,2428,—,0.604,98,214,871,1460,1974,610,22,42.6,12,7,0,1,0,1
인천,중구,개항동,2812557000,6402,3286,3116,—,2.914,105,276,1295,1799,2314,877,1,1.6,0,0,1,0,0,0
인천,동구,만석동,2812558000,6011,3094,2917,—,1.23,162,479,1011,1950,1875,837,2,3.3,2,0,0,0,0,0
인천,동구,화수1.화평동,2812559000,5092,2591,2501,—,0.258,97,321,845,1422,1901,627,10,19.6,3,2,5,0,0,0
인천,동구,화수2동,2812560000,6501,3158,3343,—,0.623,98,419,1092,1828,2487,815,5,7.7,4,1,0,0,0,0
인천,동구,송현1.2동,2812561000,9298,4543,4755,—,0.333,360,698,1942,2940,2605,1554,16,17.2,7,6,3,0,0,0
인천,동구,송현3동,2812562000,2540,1320,1220,—,2.289,38,104,391,733,1038,264,1,3.9,1,0,0,0,0,0
인천,동구,송림1동,2812563000,6631,3240,3391,—,0.173,521,452,2070,1963,1219,1544,1,1.5,0,1,0,0,0,0
인천,동구,송림2동,2812564000,1139,574,565,—,0.192,10,71,132,277,541,93,13,114.1,10,1,2,0,0,0
인천,동구,송림3.5동,2812565000,5018,2485,2533,—,0.493,169,434,916,1672,1426,745,8,15.9,1,4,3,0,0,0
인천,동구,송림4동,2812566000,5869,3007,2862,—,0.722,432,483,1483,1967,1077,1189,2,3.4,0,1,0,0,1,0
인천,동구,송림6동,2812567000,7694,3874,3820,—,0.531,440,672,1694,2534,1845,1365,25,32.5,13,8,3,0,1,0
인천,동구,금창동,2812568000,2082,1041,1041,—,0.309,41,77,309,526,941,200,3,14.4,1,1,1,0,0,0
인천,중구,영종동,2815551000,31155,16804,14351,—,30.382,2248,2312,8641,10486,5051,6104,4,1.3,1,2,1,0,0,0
인천,중구,영종1동,2815552000,35805,17789,18016,—,2.169,4072,4686,9417,12578,3583,8656,23,6.4,12,6,3,0,0,0
인천,중구,영종2동,2815553000,27545,13804,13741,—,3.372,3400,3760,7256,9659,2422,6663,24,8.7,13,6,4,1,0,0
인천,중구,운서1동,2815554000,17525,9065,8460,—,59.305,713,2002,5184,6263,2339,3787,30,17.1,19,7,3,0,0,1
인천,중구,운서2동,2815555000,23300,12431,10869,—,8.448,1168,1150,12488,5646,1926,7046,8,3.4,5,2,1,0,0,0
인천,중구,용유동,2815556000,3329,1866,1463,—,27.327,29,68,334,867,1572,208,0,0.0,0,0,0,0,0,0
인천,미추홀구,숭의2동,2817751000,13417,6739,6678,—,0.517,675,963,3089,4156,3399,2316,13,9.7,7,1,2,1,1,1
인천,미추홀구,숭의1.3동,2817752000,17506,8674,8832,—,0.814,1136,1191,4917,5486,3425,3705,19,10.9,7,7,2,1,0,1
인천,미추홀구,숭의4동,2817753000,17288,8659,8629,—,0.765,1023,1316,4093,5387,4127,3152,6,3.5,4,1,1,0,0,0
인천,미추홀구,용현1.4동,2817754000,17171,9533,7638,—,1.443,345,1083,6328,3711,4453,2903,9,5.2,7,2,0,0,0,0
인천,미추홀구,용현2동,2817755000,22548,11214,11334,—,0.534,2145,1682,6253,6717,4386,4692,17,7.5,9,4,3,0,0,1
인천,미추홀구,용현3동,2817756000,6519,3469,3050,—,0.439,156,237,1527,1771,2228,897,14,21.5,5,3,4,2,0,0
인천,미추홀구,용현5동,2817757000,44022,21882,22140,—,2.111,2268,4571,10726,14602,8451,8598,76,17.3,41,20,13,0,0,0
인천,미추홀구,학익1동,2817758000,41456,20591,20865,—,4.458,3155,4286,10629,13757,6851,8482,15,3.6,5,4,5,0,0,1
인천,미추홀구,학익2동,2817759000,17534,8457,9077,—,0.813,593,1330,3929,5415,4720,2935,38,21.7,19,12,5,1,0,0
인천,미추홀구,도화1동,2817760000,20271,10107,10164,—,1.076,997,1425,4983,6346,4865,3714,21,10.4,9,4,6,0,0,2
인천,미추홀구,도화2.3동,2817761000,28759,14544,14215,—,2.864,2195,2515,7112,9309,5554,5775,31,10.8,14,10,7,0,0,0
인천,미추홀구,주안1동,2817762000,19903,10648,9255,—,0.654,749,973,7106,6459,3209,4601,54,27.1,30,11,6,1,1,1
인천,미추홀구,주안2동,2817763000,23286,11614,11672,—,0.945,1632,1486,5999,6988,5382,4469,7,3.0,3,2,2,0,0,0
인천,미추홀구,주안3동,2817764000,12045,6011,6034,—,0.451,728,849,2978,3724,2921,2276,11,9.1,7,1,2,0,0,1
인천,미추홀구,주안4동,2817765000,19648,9680,9968,—,0.986,1355,1265,4761,5883,4916,3684,24,12.2,8,6,3,4,0,1
인천,미추홀구,주안5동,2817766000,18917,9458,9459,—,1.15,812,1053,5000,5726,4722,3489,24,12.7,13,8,2,0,0,0
인천,미추홀구,주안6동,2817767000,20887,10352,10535,—,0.635,1045,1838,5115,6765,4622,4049,64,30.6,28,18,14,1,0,2
인천,미추홀구,주안7동,2817768000,12020,5803,6217,—,0.472,441,733,2404,3619,3711,1808,42,34.9,20,13,9,0,0,0
인천,미추홀구,주안8동,2817769000,18365,8953,9412,—,0.719,555,1404,3880,5799,4972,2931,31,16.9,9,9,7,3,0,2
인천,미추홀구,관교동,2817770000,13744,6773,6971,—,0.945,434,1133,2923,4226,3776,2299,6,4.4,2,2,2,0,0,0
인천,미추홀구,문학동,2817771000,13817,7673,6144,—,1.715,424,1033,3325,5364,2528,2393,3,2.2,1,1,1,0,0,0
인천,연수구,옥련1동,2818563000,17146,8404,8742,—,2.187,649,1520,3715,5453,4135,2815,44,25.7,23,13,7,0,0,1
인천,연수구,옥련2동,2818564000,19543,9593,9950,—,1.885,1086,1871,4483,6240,4046,3499,8,4.1,1,2,2,0,0,0
인천,연수구,선학동,2818575000,17404,9016,8388,—,2.352,788,1038,4067,5214,4522,2790,15,8.6,7,6,2,0,0,0
인천,연수구,연수1동,2818576100,15975,8761,7214,—,1.62,398,987,4077,5140,3677,2478,14,8.8,6,6,2,0,0,0
인천,연수구,연수2동,2818576200,19014,9369,9645,—,1.022,769,1367,5310,5558,4257,3641,46,24.2,24,10,9,0,0,2
인천,연수구,연수3동,2818576300,14194,6737,7457,—,0.908,421,922,3437,3966,3961,2459,11,7.7,4,4,1,1,1,0
인천,연수구,청학동,2818576600,21590,11251,10339,—,2.383,575,1319,4756,6654,5835,3103,22,10.2,11,5,4,1,0,0
인천,연수구,동춘1동,2818578000,25243,12315,12928,—,3.834,2002,2583,5966,8409,4104,5050,3,1.2,1,2,0,0,0,0
인천,연수구,동춘2동,2818579000,16306,7884,8422,—,1.236,780,1442,4224,5072,3243,3103,33,20.2,18,7,7,0,1,0
인천,연수구,동춘3동,2818579500,17263,8371,8892,—,0.72,870,2489,3574,5893,3019,3211,28,16.2,13,9,6,0,0,0
인천,연수구,송도1동,2818582000,36089,17640,18449,—,5.561,2096,4841,9908,11847,4886,7995,111,30.8,62,25,20,1,0,0
인천,연수구,송도2동,2818583000,37506,18314,19192,—,3.715,3531,7195,6936,14813,3140,8237,102,27.2,57,29,14,1,0,0
인천,연수구,송도3동,2818584000,49964,24401,25563,—,28.982,5041,6698,14417,17116,4235,12562,40,8.0,26,8,6,0,0,0
인천,연수구,송도4동,2818585000,56283,27693,28590,—,6.802,7160,7623,13648,21249,3939,13678,28,5.0,15,6,7,0,0,0
인천,연수구,송도5동,2818586000,46849,23241,23608,—,8.57,5902,5663,12440,16657,3804,11404,14,3.0,6,5,3,0,0,0
인천,남동구,구월1동,2820051000,30042,14584,15458,—,2.823,1662,3064,7342,9759,5819,6195,164,54.6,92,37,26,5,0,1
인천,남동구,구월2동,2820052000,36439,17858,18581,—,0.821,2515,4432,8154,12217,6522,7209,59,16.2,26,17,10,3,0,1
인천,남동구,구월3동,2820052100,28050,14221,13829,—,0.74,826,1552,10973,8453,4354,7306,40,14.3,17,7,15,0,0,0
인천,남동구,구월4동,2820052200,12593,6420,6173,—,1.024,249,624,2731,3845,3739,1874,35,27.8,17,7,10,0,0,1
인천,남동구,간석1동,2820053000,18400,9002,9398,—,0.932,695,1152,5037,5521,4460,3532,26,14.1,12,7,3,1,0,2
인천,남동구,간석2동,2820054000,20327,10115,10212,—,0.611,922,1895,4649,6463,4654,3726,60,29.5,35,14,9,0,0,0
인천,남동구,간석3동,2820055000,24695,12399,12296,—,1.636,917,1685,5631,7823,6265,4206,14,5.7,7,4,3,0,0,0
인천,남동구,간석4동,2820055100,27650,13743,13907,—,1.056,1114,1986,7185,8660,6287,5326,20,7.2,7,6,3,1,0,1
인천,남동구,만수1동,2820056000,14986,7285,7701,—,0.659,386,712,3252,4443,4645,2281,18,12.0,9,3,5,1,0,0
인천,남동구,만수2동,2820057000,21925,10694,11231,—,1.312,918,2043,4678,7246,5084,3796,35,16.0,15,12,8,0,0,0
인천,남동구,만수3동,2820058000,15539,7795,7744,—,0.877,695,1372,3462,4928,3598,2626,7,4.5,3,2,2,0,0,0
인천,남동구,만수4동,2820058100,17975,8642,9333,—,0.936,673,1338,4109,5466,4682,3023,12,6.7,7,3,2,0,0,0
인천,남동구,만수5동,2820058200,13850,6911,6939,—,0.526,392,704,3121,3968,4216,2113,25,18.1,12,8,4,1,0,0
인천,남동구,만수6동,2820058300,21581,10351,11230,—,1.708,616,1716,4483,6688,5833,3390,36,16.7,15,13,8,0,0,0
인천,남동구,장수서창동,2820065000,18056,9022,9034,—,11.506,772,1827,3504,5891,4440,2840,8,4.4,3,3,2,0,0,0
인천,남동구,서창2동,2820065500,37336,18502,18834,—,2.566,3041,5067,7494,13239,6136,7735,43,11.5,24,10,6,0,0,1
인천,남동구,남촌도림동,2820066000,18556,9464,9092,—,9.693,591,1369,3779,5908,4877,2736,15,8.1,6,4,5,0,0,0
인천,남동구,논현1동,2820069000,30951,15499,15452,—,4.049,1601,3230,7200,10591,5811,5677,26,8.4,6,7,8,0,0,3
인천,남동구,논현2동,2820070000,30529,15367,15162,—,3.312,1127,2787,7780,9796,6528,5441,26,8.5,9,8,5,0,1,3
인천,남동구,논현고잔동,2820071000,39123,19331,19792,—,10.813,2582,5281,8796,14396,5384,7943,88,22.5,49,22,13,1,0,1
인천,부평구,부평1동,2823751000,34401,16527,17874,—,1.089,1315,2248,10306,10489,7230,7455,140,40.7,83,36,19,0,0,0
인천,부평구,부평2동,2823752000,16704,8205,8499,—,2.242,846,1042,4801,5020,3622,3441,8,4.8,4,2,2,0,0,0
인천,부평구,부평3동,2823753000,13630,6762,6868,—,0.992,867,798,3544,4009,3240,2613,32,23.5,16,7,6,1,0,1
인천,부평구,부평4동,2823754000,32948,16142,16806,—,1.034,1273,2200,9626,10387,6770,7075,59,17.9,26,13,11,2,0,1
인천,부평구,부평5동,2823755000,33021,16198,16823,—,0.815,2020,2608,9778,10652,5549,7444,63,19.1,35,16,8,2,0,2
인천,부평구,부평6동,2823756000,19155,9427,9728,—,0.831,1209,1166,5606,5867,3793,4190,23,12.0,13,6,2,0,0,0
인천,부평구,산곡1동,2823757000,14180,6958,7222,—,2.327,1144,1050,3926,4345,2713,3072,11,7.8,6,3,2,0,0,0
인천,부평구,산곡2동,2823758000,28443,13910,14533,—,0.85,1498,3306,6169,9394,5624,5242,33,11.6,17,8,6,1,0,1
인천,부평구,산곡3동,2823758100,19551,9405,10146,—,1.59,662,1458,4043,5701,5795,3017,4,2.0,1,3,0,0,0,0
인천,부평구,산곡4동,2823758200,16117,7650,8467,—,0.488,698,1423,3760,4969,3697,2896,30,18.6,18,7,5,0,0,0
인천,부평구,청천1동,2823759100,22723,11464,11259,—,2.085,2772,1536,6531,7273,3139,5268,18,7.9,6,8,4,0,0,0
인천,부평구,청천2동,2823759200,32584,16294,16290,—,2.799,1959,2542,8536,9912,6701,6212,33,10.1,17,10,5,0,1,0
인천,부평구,갈산1동,2823764100,13851,6999,6852,—,1.085,461,832,3456,4383,3290,2358,13,9.4,5,2,5,0,0,0
인천,부평구,갈산2동,2823764200,16941,8177,8764,—,0.673,601,1131,3949,4837,4749,2941,5,3.0,3,1,1,0,0,0
인천,부평구,삼산1동,2823764600,30858,15019,15839,—,1.973,1385,2791,6956,10235,6666,5557,22,7.1,10,6,6,0,0,0
인천,부평구,삼산2동,2823764800,26716,12880,13836,—,1.37,1330,3429,5668,9581,4522,4999,59,22.1,31,14,12,1,0,0
인천,부평구,부개1동,2823765000,14630,7260,7370,—,0.862,435,827,3131,4288,4526,2276,19,13.0,8,6,5,0,0,0
인천,부평구,부개2동,2823766000,18709,9050,9659,—,0.722,986,1587,4587,5859,4056,3632,15,8.0,8,4,3,0,0,0
인천,부평구,부개3동,2823766100,27047,12814,14233,—,0.858,938,2222,6991,8524,5637,5367,28,10.4,14,8,6,0,0,0
인천,부평구,일신동,2823767000,11066,5562,5504,—,4.267,558,834,2501,3238,2883,1787,8,7.2,2,3,2,0,1,0
인천,부평구,십정1동,2823768000,23602,11749,11853,—,1.798,1899,1526,7465,6606,4386,5262,13,5.5,6,3,4,0,0,0
인천,부평구,십정2동,2823769000,20405,10626,9779,—,1.097,554,1232,4406,6308,5686,3160,44,21.6,19,16,9,0,0,0
인천,계양구,효성1동,2824560100,25366,12682,12684,—,2.087,1280,1814,5991,7816,5866,4420,32,12.6,17,7,7,1,0,0
인천,계양구,효성2동,2824560200,29004,14511,14493,—,2.862,1226,2217,6952,9086,6400,5001,13,4.5,6,5,1,0,0,0
인천,계양구,계산1동,2824561100,17234,9118,8116,—,1.44,374,906,4158,5269,4538,2734,39,22.6,18,10,8,2,0,1
인천,계양구,계산2동,2824561200,13760,6827,6933,—,1.641,357,684,3282,3997,3841,2220,21,15.3,9,6,5,1,0,0
인천,계양구,계산3동,2824561300,16785,8007,8778,—,0.496,457,985,4660,4977,3695,3234,34,20.3,15,10,5,0,0,1
인천,계양구,계산4동,2824561400,22037,11177,10860,—,0.918,869,2205,5501,7531,3646,4101,61,27.7,26,18,12,1,0,0
인천,계양구,작전1동,2824562100,25417,12447,12970,—,0.819,1047,2052,6255,8243,5286,4671,19,7.5,5,10,2,1,0,1
인천,계양구,작전2동,2824562200,23325,11393,11932,—,0.989,1353,1422,5955,7121,5154,4408,54,23.2,23,17,11,2,0,0
인천,계양구,작전서운동,2824564000,31736,15658,16078,—,3.258,1596,2813,7908,10868,5419,6029,26,8.2,13,5,3,0,2,1
인천,계양구,계양1동,2824571000,18391,9087,9304,—,16.867,700,1359,4214,5699,4431,3146,13,7.1,5,4,3,0,0,1
인천,계양구,계양2동,2824572000,30120,14984,15136,—,4.058,955,1793,7480,9370,7136,5146,52,17.3,26,15,10,0,0,0
인천,계양구,계양3동,2824573000,22791,11276,11515,—,9.794,1206,2574,4719,8197,4224,4305,14,6.1,6,3,5,0,0,0
인천,서구,검암경서동,2827551500,43429,22299,21130,—,15.409,2412,4204,12327,15406,6052,9420,26,6.0,12,9,5,0,0,0
인천,서구,연희동,2827553000,35953,18291,17662,—,9.302,1082,2434,8891,11419,8259,6025,42,11.7,21,9,6,1,1,2
인천,서구,청라1동,2827553600,30545,15149,15396,—,2.457,2637,4244,8534,10938,2665,7322,70,22.9,32,18,13,4,0,0
인천,서구,청라2동,2827553700,47771,23549,24222,—,4.84,4138,7189,11495,17287,4906,10859,34,7.1,18,9,7,0,0,0
인천,서구,청라3동,2827553900,37059,18357,18702,—,12.122,3673,5126,10123,13279,2989,9184,20,5.4,10,7,2,0,0,1
인천,서구,가정1동,2827554200,42720,21091,21629,—,2.523,4435,4314,11587,13803,5828,9903,98,22.9,47,28,18,1,0,2
인천,서구,가정2동,2827554300,17172,8713,8459,—,1.273,2004,1259,5200,5540,1974,4052,8,4.7,4,3,1,0,0,0
인천,서구,가정3동,2827554400,8232,4097,4135,—,0.585,261,519,2096,2443,1896,1424,0,0.0,0,0,0,0,0,0
인천,서구,석남1동,2827555000,19628,10103,9525,—,1.095,588,1192,4617,6031,5037,3156,28,14.3,11,7,6,1,1,1
인천,서구,석남2동,2827556000,11569,5939,5630,—,2.699,387,697,2515,3468,3247,1751,27,23.3,12,7,8,0,0,0
인천,서구,석남3동,2827556100,12695,6364,6331,—,1.463,398,822,3111,3938,3103,2167,7,5.5,3,3,1,0,0,0
인천,서구,신현원창동,2827557500,28463,14319,14144,—,8.975,1631,2687,6394,9140,5920,5071,4,1.4,2,2,0,0,0,0
인천,서구,가좌1동,2827558000,12192,6475,5717,—,4.357,534,650,3306,3665,2841,2138,10,8.2,5,3,1,0,0,1
인천,서구,가좌2동,2827559000,17852,8717,9135,—,0.77,796,1492,4190,5312,4226,3076,43,24.1,22,11,10,0,0,0
인천,서구,가좌3동,2827560000,14703,7493,7210,—,1.868,382,842,3419,4266,4200,2290,10,6.8,4,2,3,0,1,0
인천,서구,가좌4동,2827561000,12089,6161,5928,—,1.959,770,802,2912,3682,2815,2210,6,5.0,3,1,1,0,0,1
인천,서구,검단동,2829051000,33221,17392,15829,—,8.07,1805,2988,8677,11467,5603,6265,60,18.1,34,15,7,1,1,1
인천,서구,불로대곡동,2829052000,48993,24420,24573,—,10.774,5840,5461,12737,16792,5521,10848,17,3.5,9,4,3,0,0,1
인천,서구,원당동,2829053000,23554,11939,11615,—,2.549,1361,2688,6069,8710,3345,4845,35,14.9,19,9,6,0,0,1
인천,서구,당하동,2829054000,43455,21532,21923,—,6.125,3693,3946,12162,14580,6131,9723,25,5.8,11,6,4,0,1,0
인천,서구,오류왕길동,2829055000,25567,12977,12590,—,27.724,1526,2488,5967,8733,4677,4777,5,2.0,2,2,1,0,0,0
인천,서구,마전동,2829056000,20920,10369,10551,—,1.124,1086,2510,5247,7249,3222,4175,31,14.8,12,13,5,0,0,0
인천,서구,아라1동,2829057000,46953,23270,23683,—,2.385,7478,4908,14445,15174,3256,12470,15,3.2,9,2,2,1,0,0
인천,서구,아라2동,2829058000,33415,16470,16945,—,1.565,5024,4801,7876,12015,2461,8265,69,20.6,41,14,10,2,0,0
인천,강화군,강화읍,2871025000,21361,10506,10855,—,25.428,993,1859,3473,6138,7000,2889,49,22.9,18,14,15,1,1,0
인천,강화군,선원면,2871031000,10199,5025,5174,—,23.523,535,803,1678,2944,3221,1451,1,1.0,0,0,1,0,0,0
인천,강화군,불은면,2871032000,4972,2507,2465,—,33.999,114,204,488,1096,2504,411,0,0.0,0,0,0,0,0,0
인천,강화군,길상면,2871033000,7193,3640,3553,—,44.739,193,374,851,1730,3112,692,7,9.7,2,2,2,0,0,1
인천,강화군,화도면,2871034000,4478,2301,2177,—,43.037,102,174,431,1003,2262,319,1,2.2,0,0,1,0,0,0
인천,강화군,양도면,2871035000,4179,2110,2069,—,39.141,110,197,359,916,2116,306,0,0.0,0,0,0,0,0,0
인천,강화군,내가면,2871036000,2895,1417,1478,—,34.993,79,73,259,613,1547,205,0,0.0,0,0,0,0,0,0
인천,강화군,하점면,2871037000,4002,2055,1947,—,36.947,104,130,402,772,2132,276,1,2.5,0,0,0,0,0,0
인천,강화군,양사면,2871038000,1910,962,948,—,31.162,57,69,148,412,995,135,0,0.0,0,0,0,0,0,0
인천,강화군,송해면,2871039000,3173,1603,1570,—,22.502,101,136,313,692,1568,235,1,3.2,0,0,0,0,0,1
인천,강화군,교동면,2871040000,2612,1350,1262,—,47.73,33,86,211,477,1461,139,0,0.0,0,0,0,0,0,0
인천,강화군,삼산면,2871041000,1955,1047,908,—,55.363,36,67,152,399,1065,94,0,0.0,0,0,0,0,0,0
인천,강화군,서도면,2871042000,346,183,163,—,17.763,7,9,27,61,194,24,0,0.0,0,0,0,0,0,0
인천,강화군,서도면볼음출장소,2871042500,266,143,123,—,—,3,4,17,35,167,11,—,—,—,—,—,—,—,—
인천,옹진군,북도면,2872031000,1133,602,531,—,20.619,11,44,123,255,559,90,0,0.0,0,0,0,0,0,0
인천,옹진군,북도면장봉출장소,2872031500,952,502,450,—,—,4,11,79,264,468,51,—,—,—,—,—,—,—,—
인천,옹진군,백령면,2872033000,4428,2605,1823,—,53.189,176,235,1265,1031,1328,526,4,9.0,1,1,1,1,0,0
인천,옹진군,대청면,2872034000,1113,645,468,—,17.836,23,46,218,278,428,101,0,0.0,0,0,0,0,0,0
인천,옹진군,대청면소청출장소,2872034500,232,146,86,—,—,4,1,55,32,116,11,—,—,—,—,—,—,—,—
인천,옹진군,덕적면,2872035000,1827,1024,803,—,44.047,24,46,193,357,955,104,0,0.0,0,0,0,0,0,0
인천,옹진군,영흥면,2872036000,6421,3597,2824,—,30.149,162,369,950,1836,2327,589,2,3.1,1,1,0,0,0,0
인천,옹진군,자월면,2872037000,932,499,433,—,23.863,19,17,92,224,454,57,0,0.0,0,0,0,0,0,0
인천,옹진군,자월면이작출장소,2872037500,360,190,170,—,—,6,23,30,72,179,20,—,—,—,—,—,—,—,—
인천,옹진군,연평면,2872038000,1877,1200,677,—,8.92,53,63,605,480,499,191,2,10.7,1,1,0,0,0,0
대전,동구,중앙동,3011051500,3179,1802,1377,—,1.297,45,83,454,788,1437,278,46,144.7,22,9,12,1,0,2
대전,동구,효동,3011053000,29190,14378,14812,—,2.073,2577,3387,6766,9683,5119,5846,53,18.2,29,12,11,0,0,1
대전,동구,신인동,3011054500,14550,7055,7495,—,0.819,986,1081,3455,4356,3627,2621,8,5.5,5,1,2,0,0,0
대전,동구,판암1동,3011055100,11489,5484,6005,—,6.004,481,759,2290,3301,3645,1732,25,21.8,14,4,4,0,0,1
대전,동구,판암2동,3011055200,7566,3644,3922,—,0.757,130,260,1087,1826,3461,778,15,19.8,9,2,4,0,0,0
대전,동구,용운동,3011056000,20767,10525,10242,—,3.481,1169,1624,5951,5952,4414,3941,19,9.1,7,5,6,0,0,1
대전,동구,대동,3011058500,13221,6576,6645,—,0.766,841,1454,2743,4235,2988,2310,33,25.0,18,7,7,0,0,1
대전,동구,자양동,3011059000,10845,5733,5112,—,1.154,187,1085,4099,2316,2440,2109,3,2.8,1,0,2,0,0,0
대전,동구,가양1동,3011062000,12705,6640,6065,—,0.936,371,1009,2928,3811,3558,1971,17,13.4,8,3,4,1,0,1
대전,동구,가양2동,3011063000,18033,9067,8966,—,1.763,562,1552,4733,5281,4395,3240,23,12.8,7,6,9,0,0,1
대전,동구,용전동,3011064000,19410,10054,9356,—,1.225,577,1303,6436,5684,3968,4055,21,10.8,11,5,3,2,0,0
대전,동구,성남동,3011066500,10209,5026,5183,—,0.876,451,723,1995,3055,3068,1561,28,27.4,15,6,5,0,1,1
대전,동구,홍도동,3011067000,10676,5490,5186,—,0.649,356,666,3392,2915,2540,2103,21,19.7,10,5,5,0,0,0
대전,동구,삼성동,3011069500,13318,6729,6589,—,1.317,563,968,2533,4008,4106,1940,11,8.3,3,1,6,0,0,0
대전,동구,대청동,3011072500,2046,1071,975,—,62.925,25,84,230,459,983,141,0,0.0,0,0,0,0,0,0
대전,동구,산내동,3011074000,20777,10457,10320,—,49.701,1306,2516,3827,6904,4834,3462,18,8.7,6,4,3,0,0,5
대전,중구,은행선화동,3014053500,24133,12100,12033,—,1.441,2503,1983,7485,7490,3432,5744,40,16.6,23,10,5,1,0,1
대전,중구,목동,3014055000,17159,8136,9023,—,0.704,1541,2694,3919,6035,2147,3758,18,10.5,8,4,4,0,1,1
대전,중구,중촌동,3014056000,14887,7254,7633,—,1.294,979,1072,3600,4556,3547,2729,15,10.1,6,3,4,0,0,1
대전,중구,대흥동,3014057500,12031,5827,6204,—,1.203,463,965,3858,3427,2529,2849,32,26.6,14,4,6,1,1,3
대전,중구,문창동,3014060500,4011,2087,1924,—,0.488,90,223,639,1122,1547,451,3,7.5,2,0,0,0,0,1
대전,중구,석교동,3014062000,13330,6764,6566,—,3.968,291,774,2238,3734,4958,1584,13,9.8,6,3,4,0,0,0
대전,중구,대사동,3014063000,5135,2468,2667,—,2.325,93,222,1571,1171,1652,1039,13,25.3,5,1,5,0,0,1
대전,중구,부사동,3014064000,5735,2914,2821,—,1.084,143,352,1001,1632,2036,719,17,29.6,9,5,3,0,0,0
대전,중구,용두동,3014065500,9758,4737,5021,—,0.746,466,705,3192,2834,1997,2243,14,14.3,6,5,3,0,0,0
대전,중구,오류동,3014067000,9738,4518,5220,—,0.652,431,594,2451,2814,2659,1840,43,44.2,24,11,7,1,0,0
대전,중구,태평1동,3014068000,11912,5703,6209,—,0.502,590,1258,2336,4078,2759,2104,24,20.1,13,4,7,0,0,0
대전,중구,태평2동,3014069000,22948,10863,12085,—,0.949,1071,2462,4152,7404,6038,3674,14,6.1,4,5,4,0,0,0
대전,중구,유천1동,3014070000,5706,2886,2820,—,0.592,184,241,1311,1718,1730,925,20,35.1,8,6,5,0,0,1
대전,중구,유천2동,3014071000,12280,6022,6258,—,0.658,428,816,2661,3416,3957,1950,26,21.2,12,5,7,0,0,1
대전,중구,문화1동,3014072000,20033,9593,10440,—,2.214,1068,2374,4209,6540,4440,3727,33,16.5,12,11,9,0,0,1
대전,중구,문화2동,3014073000,10822,5189,5633,—,1.279,252,741,1975,3185,3589,1469,13,12.0,6,3,4,0,0,0
대전,중구,산성동,3014074000,24046,12136,11910,—,41.435,681,1717,4226,7264,7709,3191,22,9.1,12,5,5,0,0,0
대전,서구,복수동,3017051000,20157,9967,10190,—,1.867,1139,2611,4438,6982,3692,3791,12,6.0,2,5,4,0,1,0
대전,서구,도마1동,3017052000,17763,8875,8888,—,1.287,960,1149,4939,4689,4623,3243,60,33.8,33,14,13,0,0,0
대전,서구,도마2동,3017053000,20470,10179,10291,—,2.158,1226,1465,5051,5880,5277,3580,12,5.9,8,0,4,0,0,0
대전,서구,정림동,3017053500,15519,7431,8088,—,6.452,652,1217,2972,4657,4454,2373,20,12.9,9,5,6,0,0,0
대전,서구,변동,3017054000,12045,6062,5983,—,1.505,434,864,2468,3672,3492,1864,9,7.5,4,4,1,0,0,0
대전,서구,용문동,3017055000,19257,9331,9926,—,0.986,1435,1278,6441,5784,3212,4666,19,9.9,8,7,3,1,0,0
대전,서구,탄방동,3017055500,31205,15088,16117,—,1.592,1894,2748,11019,9635,4145,8187,112,35.9,52,27,22,8,0,0
대전,서구,괴정동,3017056000,18084,8838,9246,—,1.226,533,1196,7707,4983,2740,5090,32,17.7,16,8,4,2,0,1
대전,서구,가장동,3017057000,10216,4891,5325,—,0.634,420,866,2331,3156,2675,1824,13,12.7,6,4,3,0,0,0
대전,서구,내동,3017057500,21311,10117,11194,—,1.01,1023,2155,4676,6780,4991,3830,24,11.3,9,6,9,0,0,0
대전,서구,갈마1동,3017058100,20541,10399,10142,—,1.432,607,1287,7413,5681,4119,4613,12,5.8,4,4,3,0,0,1
대전,서구,갈마2동,3017058200,23028,11596,11432,—,0.809,827,1539,9021,6686,3403,5736,34,14.8,21,6,5,0,0,1
대전,서구,월평1동,3017058600,11080,6087,4993,—,3.126,242,477,4965,2818,1832,2558,10,9.0,6,2,2,0,0,0
대전,서구,월평2동,3017058700,13085,6213,6872,—,0.551,493,1061,2577,3739,3968,1966,49,37.4,24,10,12,1,0,1
대전,서구,월평3동,3017058800,19489,9486,10003,—,0.725,1215,2195,4354,6090,3936,3577,15,7.7,6,5,4,0,0,0
대전,서구,가수원동,3017059000,9826,4833,4993,—,4.651,332,812,1961,2919,2876,1474,8,8.1,5,1,2,0,0,0
대전,서구,도안동,3017059300,36352,17784,18568,—,5.171,4101,5384,9739,12521,2962,8938,39,10.7,20,13,6,0,0,0
대전,서구,관저1동,3017059600,14271,6643,7628,—,1.006,702,1343,4262,4230,2560,3186,25,17.5,9,4,7,3,0,0
대전,서구,관저2동,3017059700,46736,22654,24082,—,4.477,3578,5981,12188,16461,5731,10253,64,13.7,32,19,13,0,0,0
대전,서구,기성동,3017060000,3166,1638,1528,—,48.967,46,118,340,796,1493,272,4,12.6,1,1,1,0,0,0
대전,서구,둔산1동,3017063000,16218,8005,8213,—,0.932,1240,3297,2461,6456,2079,3270,99,61.0,49,27,20,2,0,0
대전,서구,둔산2동,3017064000,34073,16292,17781,—,2.473,2370,3302,10194,11069,4825,7985,225,66.0,131,51,27,8,1,2
대전,서구,만년동,3017065000,11847,6057,5790,—,1.814,580,989,4192,3488,1695,2562,15,12.7,7,5,3,0,0,0
대전,서구,둔산3동,3017066000,18499,8849,9650,—,0.677,869,2580,3579,6184,4038,3358,16,8.6,9,4,3,0,0,0
대전,유성구,진잠동,3020052000,27308,13795,13513,—,40.39,1513,2428,6776,9114,5306,4943,28,10.3,13,7,6,1,0,1
대전,유성구,학하동,3020052600,21565,11263,10302,—,13.505,1824,1794,6831,6420,3054,4530,12,5.6,3,4,3,0,0,1
대전,유성구,상대동,3020052700,24999,12122,12877,—,2.437,2423,3684,5194,8912,3177,5196,20,8.0,8,6,6,0,0,0
대전,유성구,온천1동,3020053000,26642,13894,12748,—,4.541,583,854,12090,6584,4682,6897,74,27.8,42,14,10,4,0,3
대전,유성구,온천2동,3020054000,40749,21452,19297,—,7.537,2451,3234,16340,10160,6107,9364,45,11.0,16,14,14,0,0,0
대전,유성구,노은1동,3020054600,20486,10215,10271,—,10.455,1436,2624,5554,6891,2825,4393,46,22.5,20,9,16,0,1,0
대전,유성구,노은2동,3020054700,22891,11232,11659,—,13.256,1438,2816,5428,7988,3647,4535,17,7.4,10,3,3,0,0,1
대전,유성구,노은3동,3020054800,35262,17216,18046,—,7.59,3091,4710,7678,12662,5043,7275,57,16.2,28,9,18,0,0,1
대전,유성구,신성동,3020055000,25352,13399,11953,—,29.417,2013,2521,9328,7303,2871,5889,30,11.8,9,8,10,1,0,1
대전,유성구,전민동,3020057000,25269,12978,12291,—,8.744,1899,2709,7632,7733,3433,5281,31,12.3,15,8,8,0,0,0
대전,유성구,구즉동,3020058000,32549,16783,15766,—,27.227,2540,2938,10058,10351,4489,6797,14,4.3,6,4,4,0,0,0
대전,유성구,관평동,3020060000,37669,19247,18422,—,6.913,3810,5147,10450,13239,3199,8362,70,18.6,36,20,13,0,0,1
대전,유성구,원신흥동,3020061000,32620,15614,17006,—,2.684,3624,3344,8794,10515,4387,7646,64,19.6,31,16,10,6,0,0
대전,대덕구,오정동,3023051000,12977,6770,6207,—,3.053,304,888,3228,3486,3840,2032,17,13.1,8,5,3,1,0,0
대전,대덕구,대화동,3023052000,5166,2694,2472,—,3.227,118,327,976,1657,1618,730,4,7.7,1,1,1,0,0,0
대전,대덕구,회덕동,3023052500,11950,6081,5869,—,18.448,517,714,2452,3546,3542,1687,10,8.4,5,3,2,0,0,0
대전,대덕구,비래동,3023053300,14140,6920,7220,—,3.481,405,1103,2843,4524,3893,2087,18,12.7,10,4,4,0,0,0
대전,대덕구,송촌동,3023054300,26635,13198,13437,—,1.962,1530,2996,6063,9483,4270,4744,32,12.0,14,8,7,2,0,1
대전,대덕구,중리동,3023054600,17394,9154,8240,—,1.476,444,1105,4195,5424,4547,2678,32,18.4,18,7,6,0,0,1
대전,대덕구,신탄진동,3023055000,15783,8105,7678,—,22.596,922,1017,4018,4756,3646,2631,20,12.7,8,5,6,0,1,0
대전,대덕구,석봉동,3023056000,15605,7976,7629,—,1.073,1306,1750,3728,5281,2446,3069,34,21.8,19,8,6,0,0,0
대전,대덕구,덕암동,3023057000,12173,6509,5664,—,6.229,417,745,3068,3819,3035,1842,5,4.1,1,1,1,1,0,1
대전,대덕구,목상동,3023058000,5718,3174,2544,—,5.444,207,446,1583,1982,1024,976,6,10.5,3,1,2,0,0,0
대전,대덕구,법1동,3023060000,11958,5594,6364,—,0.528,596,819,2513,3547,3330,1899,21,17.6,6,8,6,0,1,0
대전,대덕구,법2동,3023061000,14095,6785,7310,—,1.964,510,1097,2628,4269,4107,1963,17,12.1,10,3,4,0,0,0
울산,중구,학성동,3111051000,10533,5401,5132,—,0.948,418,587,2245,2921,3379,1497,5,4.7,0,1,2,1,0,1
울산,중구,반구1동,3111052000,15210,7986,7224,—,1.142,751,1302,3172,4859,3573,2357,11,7.2,6,2,2,0,0,1
울산,중구,반구2동,3111053000,7906,4026,3880,—,0.504,210,475,1792,2310,2340,1168,27,34.2,13,7,6,0,0,1
울산,중구,복산동,3111055500,20921,10471,10450,—,1.454,2192,1920,5337,6418,3607,4122,7,3.3,0,4,2,0,0,1
울산,중구,중앙동,3111058500,8875,4593,4282,—,1.552,212,377,1796,2514,3033,1172,47,53.0,28,13,5,1,0,0
울산,중구,우정동,3111059000,18529,9200,9329,—,1.478,927,1525,4002,5616,4714,3061,33,17.8,15,10,8,0,0,0
울산,중구,태화동,3111060000,30732,15178,15554,—,6.099,2084,3659,6050,10438,5963,5444,18,5.9,7,4,6,0,1,0
울산,중구,다운동,3111061000,21272,10710,10562,—,7.294,548,1402,4400,6392,6125,2854,12,5.6,5,3,4,0,0,0
울산,중구,병영1동,3111062000,19799,10017,9782,—,1.415,907,1781,3859,6276,4842,2893,56,28.3,29,17,8,1,1,0
울산,중구,병영2동,3111063000,18693,9373,9320,—,4.043,1093,2056,3541,6230,4041,3092,6,3.2,1,4,1,0,0,0
울산,중구,약사동,3111064000,10341,5199,5142,—,2.696,901,1309,2326,3551,1458,1990,2,1.9,1,1,0,0,0,0
울산,중구,성안동,3111065000,19734,10171,9563,—,7.634,841,2363,3961,7541,3496,3360,10,5.1,3,3,3,0,0,1
울산,남구,신정1동,3114051000,18647,9324,9323,—,1.479,878,1165,4442,5390,5043,3039,34,18.2,15,8,8,1,0,2
울산,남구,신정2동,3114052000,26277,13309,12968,—,2.76,2208,3433,5456,9374,3917,5023,36,13.7,12,11,7,1,1,2
울산,남구,신정3동,3114053000,15270,7741,7529,—,1.012,816,1225,3332,4772,3641,2451,20,13.1,6,8,3,2,0,0
울산,남구,신정4동,3114054000,19868,9968,9900,—,0.981,1237,2154,4829,6497,3614,3726,45,22.6,24,10,10,0,0,1
울산,남구,신정5동,3114055000,9149,4900,4249,—,0.628,391,622,2557,2929,1845,1645,6,6.6,1,1,1,1,1,1
울산,남구,달동,3114056000,25629,13159,12470,—,1.245,923,1767,6972,8106,5434,4648,61,23.8,25,15,13,4,0,2
울산,남구,삼산동,3114057000,47053,25164,21889,—,5.16,2202,3768,14240,15855,7118,9178,227,48.2,124,61,29,8,0,3
울산,남구,삼호동,3114058500,19603,10007,9596,—,2.553,845,1306,4554,6300,4475,3089,41,20.9,18,10,9,2,1,1
울산,남구,무거동,3114059500,30359,15729,14630,—,3.204,1187,2689,8932,9887,4924,5430,44,14.5,19,13,10,1,0,1
울산,남구,옥동,3114060000,24735,12242,12493,—,11.474,1687,2886,5198,8369,4380,4416,38,15.4,15,11,11,0,0,0
울산,남구,대현동,3114062500,31761,15954,15807,—,1.127,2971,3680,7761,10390,4873,6391,35,11.0,20,9,4,0,0,1
울산,남구,수암동,3114063500,15374,7648,7726,—,0.556,1187,1609,3537,4871,2835,2723,27,17.6,15,7,4,0,0,1
울산,남구,선암동,3114064000,12732,6543,6189,—,27.112,580,1070,2572,4226,3007,1960,0,0.0,0,0,0,0,0,0
울산,남구,야음장생포동,3114067000,8198,4334,3864,—,13.127,555,495,1717,2271,2405,1172,5,6.1,4,1,0,0,0,0
울산,동구,방어동,3117051000,36313,19692,16621,—,6.207,1682,3822,7152,13328,7373,5605,23,6.3,12,2,8,0,0,1
울산,동구,일산동,3117052000,5038,2772,2266,—,2.338,109,312,1109,1428,1615,641,20,39.7,12,6,0,0,0,1
울산,동구,화정동,3117053000,17452,9024,8428,—,1.016,1094,1957,3320,5813,3825,2872,38,21.8,22,10,6,0,0,0
울산,동구,대송동,3117054000,10245,5430,4815,—,2.868,369,990,2071,3568,2240,1547,0,0.0,0,0,0,0,0,0
울산,동구,전하1동,3117055000,15094,7804,7290,—,2.645,867,1432,3869,4621,3170,2879,15,9.9,7,4,2,0,0,0
울산,동구,전하2동,3117056000,18652,9490,9162,—,0.85,1067,2337,3488,6294,3752,3084,32,17.2,14,8,9,0,0,1
울산,동구,남목1동,3117058000,7790,3979,3811,—,2.984,258,869,1269,2495,2236,1107,25,32.1,13,7,5,0,0,0
울산,동구,남목2동,3117059000,26299,13709,12590,—,5.13,2362,3236,6376,8558,4260,5255,19,7.2,7,7,5,0,0,0
울산,동구,남목3동,3117060000,10557,5364,5193,—,13.012,501,1227,1787,3514,2625,1665,1,0.9,1,0,0,0,0,0
울산,북구,농소1동,3120051000,34919,17950,16969,—,14.996,2666,4616,6883,12373,5526,6250,50,14.3,23,13,7,2,1,3
울산,북구,농소2동,3120052000,41707,21127,20580,—,11.553,3888,5566,9494,14716,5042,8353,33,7.9,14,11,6,1,0,0
울산,북구,농소3동,3120053000,34901,17635,17266,—,31.603,1664,5258,6804,14113,4282,6279,23,6.6,9,7,5,0,0,2
울산,북구,강동동,3120054000,15829,8168,7661,—,60.804,1438,2194,2737,5654,2661,2997,9,5.7,4,2,3,0,0,0
울산,북구,효문동,3120056000,28887,15785,13102,—,16.135,1951,2140,8283,9129,4437,4900,33,11.4,13,10,8,1,1,0
울산,북구,송정동,3120057000,35498,17937,17561,—,9.486,3086,4175,8489,12247,4336,7080,22,6.2,10,8,4,0,0,0
울산,북구,양정동,3120058000,12069,7272,4797,—,6.785,958,827,4475,3366,1588,1976,12,9.9,5,4,2,0,0,1
울산,북구,염포동,3120059000,9581,5285,4296,—,5.634,441,760,2296,3041,2106,1377,6,6.3,3,1,2,0,0,0
울산,울주군,온산읍,3171025000,18330,11016,7314,—,40.108,647,1373,3926,6969,3690,2258,26,14.2,14,9,3,0,0,0
울산,울주군,언양읍,3171025300,29007,14447,14560,—,67.328,1715,2947,5933,9173,6520,4734,8,2.8,4,1,2,1,0,0
울산,울주군,온양읍,3171025600,28014,14686,13328,—,63.965,1466,3046,5407,10253,5352,4438,30,10.7,15,7,6,0,0,2
울산,울주군,범서읍,3171025900,66879,33466,33413,—,77.547,3983,8667,14833,23915,10211,12154,48,7.2,19,15,11,1,0,2
울산,울주군,청량읍,3171026200,22072,11446,10626,—,59.015,1882,1576,5542,7051,4171,3935,11,5.0,4,3,4,0,0,0
울산,울주군,삼남읍,3171026500,21925,11442,10483,—,30.794,970,1455,4804,6976,5484,3244,53,24.2,20,13,14,1,1,3
울산,울주군,서생면,3171031000,8333,4634,3699,—,37.804,315,461,1273,2607,2778,906,5,6.0,2,0,2,1,0,0
울산,울주군,웅촌면,3171034000,7160,3654,3506,—,51.576,167,296,1064,1791,2884,718,3,4.2,0,0,2,0,0,0
울산,울주군,두동면,3171036000,4191,2165,2026,—,62.079,87,164,425,1067,1898,319,3,7.2,0,0,1,0,0,0
울산,울주군,두서면,3171037000,2879,1492,1387,—,78.476,29,71,248,579,1578,166,1,3.5,0,0,1,0,0,0
울산,울주군,상북면,3171038000,7860,3994,3866,—,123.239,155,361,903,2076,3274,657,5,6.4,1,0,1,2,0,1
울산,울주군,삼동면,3171040000,1692,909,783,—,62.014,19,32,148,346,886,84,0,0.0,0,0,0,0,0,0
세종,세종시,조치원읍,3611025000,40949,21381,19568,—,12.997,1734,4058,10273,12670,9214,7006,71,17.3,37,19,13,0,0,2
세종,세종시,연기면,3611031000,2397,1375,1022,—,12.165,51,73,532,683,817,261,0,0.0,0,0,0,0,0,0
세종,세종시,연동면,3611032000,2609,1374,1235,—,21.596,33,78,347,648,1231,221,1,3.8,1,0,0,0,0,0
세종,세종시,부강면,3611033000,5120,2859,2261,—,27.922,136,263,991,1434,1804,520,9,17.6,4,2,3,0,0,0
세종,세종시,금남면,3611034000,7960,4254,3706,—,71.975,162,329,1347,2039,3233,819,3,3.8,1,1,1,0,0,0
세종,세종시,장군면,3611035000,6546,3887,2659,—,53.683,115,267,1562,2004,1912,719,3,4.6,1,1,1,0,0,0
세종,세종시,연서면,3611036000,6336,3504,2832,—,54.448,142,307,1192,1603,2489,624,4,6.3,0,1,1,0,0,1
세종,세종시,전의면,3611037000,4710,2526,2184,—,62.029,70,258,640,1265,1907,399,7,14.9,3,2,2,0,0,0
세종,세종시,전동면,3611038000,2895,1556,1339,—,57.785,36,89,316,666,1415,198,1,3.5,0,0,0,0,0,1
세종,세종시,소정면,3611039000,1845,980,865,—,16.558,29,94,262,521,728,169,1,5.4,1,0,0,0,0,0
세종,세종시,한솔동,3611051000,17581,8646,8935,—,2.773,1356,3109,3584,6864,1706,3615,5,2.8,1,2,2,0,0,0
세종,세종시,새롬동,3611051500,26325,12778,13547,—,1.467,2962,4775,5443,10074,2013,6187,69,26.2,41,15,12,1,0,0
세종,세종시,나성동,3611051800,12954,6298,6656,—,22.181,1380,1928,4049,4611,555,3604,22,17.0,14,3,4,0,1,0
세종,세종시,도담동,3611052000,24437,11774,12663,—,1.961,1965,3753,5757,8943,2790,5536,30,12.3,17,6,6,0,1,0
세종,세종시,어진동,3611052300,11242,5557,5685,—,2.581,1205,1537,3704,3889,522,3113,20,17.8,11,2,6,0,0,0
세종,세종시,해밀동,3611052500,24098,11697,12401,—,8.418,4038,3362,6824,8062,1167,6390,12,5.0,7,2,3,0,0,0
세종,세종시,아름동,3611053000,22959,11370,11589,—,2.245,2240,4304,4792,8934,1787,5040,32,13.9,16,7,7,1,0,0
세종,세종시,종촌동,3611054000,27224,13165,14059,—,1.166,2461,4334,6097,10091,2948,6135,33,12.1,18,8,7,0,0,0
세종,세종시,고운동,3611055000,35185,17218,17967,—,5.288,3692,6068,7219,13252,3447,7818,18,5.1,9,5,4,0,0,0
세종,세종시,소담동,3611055500,21365,10415,10950,—,1.237,2486,3167,5311,7546,1866,5168,23,10.8,12,5,6,0,0,0
세종,세종시,반곡동,3611055600,15306,7397,7909,—,18.254,1847,1968,4339,5325,1120,3955,17,11.1,9,3,4,1,0,0
세종,세종시,집현동,3611055800,13199,6598,6601,—,—,2468,1212,4729,3903,537,3798,—,—,—,—,—,—,—,—
세종,세종시,보람동,3611056000,18650,9208,9442,—,1.282,1970,3092,4176,6798,1695,4194,25,13.4,10,6,9,0,0,0
세종,세종시,대평동,3611057000,11035,5437,5598,—,1.598,1118,1327,2703,3950,1197,2420,24,21.7,9,7,5,0,0,0
세종,세종시,다정동,3611058000,27811,13335,14476,—,1.758,3254,4510,6405,10229,2285,6762,21,7.6,12,4,4,0,0,0
경기,수원장안구,파장동,4111156000,24551,12377,12174,—,8.51,1311,1806,5977,7852,5427,4366,6,2.4,3,2,0,0,0,0
경기,수원장안구,율천동,4111156600,39313,20828,18485,—,2.877,1845,3307,14478,11214,5807,8291,35,8.9,16,12,7,0,0,0
경기,수원장안구,정자1동,4111157100,33175,16231,16944,—,1.125,2246,3480,8322,11310,5408,6629,50,15.1,25,13,11,0,0,1
경기,수원장안구,정자2동,4111157200,38081,18528,19553,—,1.282,2441,4060,9932,12769,6250,7956,44,11.6,18,13,10,0,1,2
경기,수원장안구,정자3동,4111157300,38144,19038,19106,—,1.84,2031,5098,10080,13708,4536,8033,74,19.4,34,23,16,0,0,0
경기,수원장안구,영화동,4111158000,17605,9056,8549,—,1.239,407,912,3787,5322,5328,2617,36,20.4,12,11,10,1,0,2
경기,수원장안구,송죽동,4111159100,17877,8887,8990,—,1.658,597,1349,4594,5726,4022,3295,31,17.3,13,8,6,0,0,3
경기,수원장안구,조원1동,4111159700,27023,13579,13444,—,1.641,990,2102,6681,8451,6364,4760,24,8.9,10,9,5,0,0,0
경기,수원장안구,조원2동,4111159800,17049,8080,8969,—,1.272,820,1655,3946,5267,3656,3060,37,21.7,20,10,7,0,0,0
경기,수원장안구,연무동,4111160000,16899,8640,8259,—,11.625,591,886,4802,4663,4556,3035,20,11.8,8,6,5,1,0,0
경기,수원권선구,세류1동,4111352000,9496,4766,4730,—,0.776,551,635,2750,2821,1925,1917,9,9.5,4,3,2,0,0,0
경기,수원권선구,세류2동,4111353000,21691,11219,10472,—,3.878,621,1213,6087,6732,5128,3981,17,7.8,7,6,4,0,0,0
경기,수원권선구,세류3동,4111354000,17802,8957,8845,—,0.869,520,1253,4495,5635,4339,3236,22,12.4,9,4,8,0,0,0
경기,수원권선구,평동,4111355000,40854,20477,20377,—,10.801,2298,3131,11352,12551,7988,7987,37,9.1,15,11,7,2,0,1
경기,수원권선구,서둔동,4111356000,36606,18590,18016,—,5.484,1405,2541,10311,11533,7636,7035,17,4.6,9,4,3,0,1,0
경기,수원권선구,구운동,4111365000,22434,11418,11016,—,2.051,748,1550,5971,6974,5010,3941,30,13.4,15,8,7,0,0,0
경기,수원권선구,금곡동,4111366200,44165,21586,22579,—,4.054,2630,5106,11502,14650,6951,9336,84,19.0,39,22,17,2,0,3
경기,수원권선구,호매실동,4111366400,43680,21541,22139,—,4.719,3900,5709,10363,15277,5786,9641,22,5.0,8,7,4,1,1,0
경기,수원권선구,권선1동,4111367000,23894,12198,11696,—,1.234,702,1308,9282,6832,4036,5939,36,15.1,17,11,7,1,0,0
경기,수원권선구,권선2동,4111368000,46062,22486,23576,—,2.471,3259,5160,11831,15659,6615,9829,56,12.2,26,18,11,1,0,0
경기,수원권선구,곡선동,4111369000,34553,18711,15842,—,3.594,2046,2432,11841,11807,3840,7658,38,11.0,17,13,8,0,0,0
경기,수원권선구,입북동,4111370000,19558,9842,9716,—,6.967,1700,1587,5960,5948,3019,4258,11,5.6,6,4,1,0,0,0
경기,수원팔달구,매교동,4111565000,21765,10945,10820,—,0.645,2423,1613,7265,6605,2710,5307,22,10.1,9,7,4,1,0,0
경기,수원팔달구,매산동,4111566000,9778,5396,4382,—,0.882,278,394,2943,2907,2395,1739,60,61.4,35,13,11,0,0,1
경기,수원팔달구,고등동,4111567000,19071,9484,9587,—,0.969,1500,1257,5728,5741,3485,4082,15,7.9,9,4,1,0,0,1
경기,수원팔달구,화서1동,4111568000,20308,9775,10533,—,0.949,820,1688,4785,6318,4916,3590,45,22.2,21,13,10,0,0,0
경기,수원팔달구,화서2동,4111569000,23616,11547,12069,—,1.942,1277,2042,6888,7334,4024,4914,31,13.1,14,9,8,0,0,0
경기,수원팔달구,지동,4111570000,11411,5786,5625,—,0.811,298,588,2619,3429,3444,1762,40,35.1,19,7,10,2,0,0
경기,수원팔달구,우만1동,4111571000,17754,8838,8916,—,1.376,422,956,5211,5144,4485,3329,16,9.0,8,4,4,0,0,0
경기,수원팔달구,우만2동,4111572000,15430,7751,7679,—,0.814,681,1272,5449,4491,2473,3417,45,29.2,26,11,6,0,1,0
경기,수원팔달구,인계동,4111573000,45256,22772,22484,—,2.925,2234,2980,17095,13864,6431,11621,198,43.8,106,40,37,9,1,2
경기,수원팔달구,행궁동,4111574000,8893,4627,4266,—,1.622,161,308,2457,2378,2742,1616,50,56.2,26,12,9,2,0,0
경기,수원영통구,매탄1동,4111751000,10041,5093,4948,—,0.593,499,936,2843,3300,1757,1989,44,43.8,21,12,9,2,0,0
경기,수원영통구,매탄2동,4111752000,13256,6576,6680,—,0.614,487,1133,3595,4175,2715,2596,16,12.1,10,5,0,0,0,0
경기,수원영통구,매탄3동,4111753000,33674,17389,16285,—,3.221,1716,3544,10750,11241,4295,7342,39,11.6,17,12,10,0,0,0
경기,수원영통구,매탄4동,4111754000,19244,9414,9830,—,0.811,640,1453,5829,6163,3568,4012,27,14.0,12,9,6,0,0,0
경기,수원영통구,원천동,4111755000,45557,22881,22676,—,3.201,3681,5277,14138,15286,5016,11333,31,6.8,12,6,7,2,0,2
경기,수원영통구,영통1동,4111757000,32258,15659,16599,—,1.61,2157,3813,9336,10894,3870,7438,22,6.8,9,8,4,0,0,1
경기,수원영통구,영통2동,4111758000,24914,13093,11821,—,1.16,1596,1756,11725,6865,1849,6856,46,18.5,22,13,9,2,0,0
경기,수원영통구,영통3동,4111758500,31340,16270,15070,—,1.691,1575,3569,11049,9957,3185,7219,98,31.3,47,21,26,3,0,0
경기,수원영통구,망포1동,4111759300,31223,15681,15542,—,1.016,2828,3709,8896,10565,3247,7050,36,11.5,11,14,9,1,0,1
경기,수원영통구,망포2동,4111759600,38230,18992,19238,—,1.509,5266,5365,9775,13803,2415,9494,61,16.0,38,12,10,1,0,0
경기,수원영통구,광교1동,4111760000,53825,26284,27541,—,7.853,3813,6936,17490,18539,4337,14612,80,14.9,45,21,14,0,0,0
경기,수원영통구,광교2동,4111761000,28321,13565,14756,—,4.165,2535,2927,7467,9737,3870,6548,40,14.1,24,12,4,0,0,0
경기,성남수정구,신흥1동,4113151000,11893,6363,5530,—,0.321,241,539,2989,3726,3239,1879,40,33.6,20,13,5,1,0,1
경기,성남수정구,신흥2동,4113152000,31586,15350,16236,—,1.172,2986,2201,8867,9741,5536,6962,38,12.0,23,10,4,0,0,1
경기,성남수정구,신흥3동,4113153000,10619,5708,4911,—,0.332,257,471,2787,3397,2713,1817,68,64.0,37,22,8,1,0,0
경기,성남수정구,태평1동,4113154000,13470,7030,6440,—,1.423,255,559,4045,3735,3705,2419,18,13.4,7,4,6,0,0,0
경기,성남수정구,태평2동,4113155000,13569,6860,6709,—,0.478,375,759,3697,4012,3484,2389,25,18.4,13,5,5,1,1,0
경기,성남수정구,태평3동,4113156000,11403,5864,5539,—,0.391,285,654,2710,3500,3139,1821,33,28.9,15,12,5,1,0,0
경기,성남수정구,태평4동,4113156100,10760,5528,5232,—,0.378,261,744,2810,3277,2721,1864,7,6.5,3,3,1,0,0,0
경기,성남수정구,수진1동,4113157000,10421,5569,4852,—,0.343,170,416,2366,3086,3237,1431,46,44.1,27,8,11,0,0,0
경기,성남수정구,수진2동,4113158000,14276,7189,7087,—,0.998,409,770,3544,4040,4158,2375,19,13.3,2,8,6,1,1,0
경기,성남수정구,단대동,4113159000,14065,6884,7181,—,0.796,609,1019,3420,4335,3444,2560,14,10.0,7,5,2,0,0,0
경기,성남수정구,산성동,4113160000,4358,2171,2187,—,0.578,143,329,1006,1355,1168,744,14,32.1,5,6,3,0,0,0
경기,성남수정구,양지동,4113161000,8860,4341,4519,—,1.34,211,661,2054,2810,2303,1556,15,16.9,5,7,3,0,0,0
경기,성남수정구,복정동,4113162000,13955,7625,6330,—,3.654,1272,674,5691,4104,1579,3450,5,3.6,2,2,1,0,0,0
경기,성남수정구,위례동,4113162500,45037,21738,23299,—,3.079,3920,4953,10534,15037,7589,9795,149,33.1,81,32,29,1,0,4
경기,성남수정구,신촌동,4113163000,5340,2786,2554,—,4.78,646,438,1894,1422,678,1195,0,0.0,0,0,0,0,0,0
경기,성남수정구,고등동,4113164000,11704,5733,5971,—,12.486,1109,745,3676,3615,1859,2825,7,6.0,3,2,2,0,0,0
경기,성남수정구,시흥동,4113165000,3632,1926,1706,—,12.841,136,142,1444,907,778,846,9,24.8,4,2,3,0,0,0
경기,성남중원구,성남동,4113351000,31800,16587,15213,—,1.957,896,1631,10288,9008,7458,6362,102,32.1,50,27,21,1,0,0
경기,성남중원구,중앙동,4113352500,16510,8421,8089,—,0.698,1257,1165,4137,5339,3381,3250,24,14.5,14,5,5,0,0,0
경기,성남중원구,금광1동,4113353000,19629,9639,9990,—,0.623,2145,1225,5771,6171,3091,4638,36,18.3,18,10,6,1,0,1
경기,성남중원구,금광2동,4113354000,22179,10956,11223,—,1.145,831,1408,6024,6756,5333,4407,37,16.7,13,13,11,0,0,0
경기,성남중원구,은행1동,4113355000,9236,4550,4686,—,0.269,338,711,2707,2732,2009,1845,4,4.3,2,1,0,0,1,0
경기,성남중원구,은행2동,4113356000,17754,8694,9060,—,2.243,414,1059,4504,5271,4845,3128,35,19.7,21,7,7,0,0,0
경기,성남중원구,상대원1동,4113357000,22240,11544,10696,—,6.826,832,1409,5579,6787,5585,3722,15,6.7,6,7,2,0,0,0
경기,성남중원구,상대원2동,4113358000,2859,1464,1395,—,0.438,87,199,602,895,773,474,11,38.5,7,2,2,0,0,0
경기,성남중원구,상대원3동,4113359000,11014,5806,5208,—,0.3,277,627,2504,3320,3114,1684,31,28.1,14,9,8,0,0,0
경기,성남중원구,하대원동,4113366000,19495,9767,9728,—,2.388,899,1461,4849,5727,4659,3423,7,3.6,3,2,2,0,0,0
경기,성남중원구,도촌동,4113367000,25517,12330,13187,—,9.268,1618,2686,5931,8473,4932,5161,25,9.8,11,6,6,0,0,2
경기,성남분당구,분당동,4113551000,24349,11908,12441,—,3.178,1329,2698,6106,7969,4559,4897,5,2.1,2,3,0,0,0,0
경기,성남분당구,수내1동,4113552000,17869,8545,9324,—,1.017,963,2316,4436,6550,2620,4136,74,41.4,37,23,10,1,0,0
경기,성남분당구,수내2동,4113553000,10193,4992,5201,—,0.839,841,1964,1519,4137,1281,2048,19,18.6,10,5,4,0,0,0
경기,성남분당구,수내3동,4113554000,13151,6517,6634,—,1.059,738,2157,2924,4980,1663,2798,20,15.2,8,6,5,0,0,0
경기,성남분당구,정자동,4113554500,13745,6973,6772,—,0.999,692,1359,4038,4384,2465,2924,25,18.2,13,7,5,0,0,0
경기,성남분당구,정자1동,4113555000,30367,14341,16026,—,1.153,1589,3425,8632,10573,4514,7588,130,42.8,72,30,25,2,0,0
경기,성남분당구,정자2동,4113556000,12153,5777,6376,—,0.505,573,1037,3393,3755,2589,2640,7,5.8,4,1,2,0,0,0
경기,성남분당구,정자3동,4113557000,16455,7950,8505,—,1.854,1060,1873,4156,5683,2631,3477,3,1.8,1,2,0,0,0,0
경기,성남분당구,서현1동,4113558000,30468,14782,15686,—,7.624,1661,3867,7852,10617,4653,6750,147,48.2,82,31,29,1,2,0
경기,성남분당구,서현2동,4113559000,17165,8428,8737,—,0.771,1015,1963,4323,5670,2947,3489,42,24.5,20,13,8,0,0,1
경기,성남분당구,이매1동,4113560000,24433,11913,12520,—,2.55,1692,2832,5979,8250,4132,5099,43,17.6,21,9,12,0,0,1
경기,성남분당구,이매2동,4113561000,12746,6239,6507,—,0.593,810,1641,2577,4310,2502,2390,14,11.0,4,6,4,0,0,0
경기,성남분당구,야탑1동,4113562000,16444,8088,8356,—,1.129,937,1157,4759,4845,3586,3472,111,67.5,58,27,21,3,1,0
경기,성남분당구,야탑2동,4113563000,15468,7336,8132,—,0.618,912,1660,3339,4893,3640,2982,11,7.1,6,2,2,0,0,1
경기,성남분당구,야탑3동,4113564000,26499,13022,13477,—,5.423,1564,1699,7889,7639,5737,5506,20,7.5,7,6,5,1,0,1
경기,성남분당구,판교동,4113565000,26248,12893,13355,—,4.842,2548,3706,5498,9727,3207,5649,20,7.6,10,7,3,0,0,0
경기,성남분당구,삼평동,4113565500,23453,11372,12081,—,2.905,1987,2678,5768,8122,3356,5150,106,45.2,61,25,19,1,0,0
경기,성남분당구,백현동,4113565700,26066,12420,13646,—,1.947,1609,2848,6468,8767,4348,5557,25,9.6,16,5,3,0,0,0
경기,성남분당구,금곡동,4113566200,26606,12535,14071,—,5.493,1507,2082,7015,8220,5933,5695,109,41.0,62,24,21,0,0,1
경기,성남분당구,구미1동,4113566500,16106,7747,8359,—,3.524,956,1402,4589,5061,2987,3516,50,31.0,25,11,14,0,0,0
경기,성남분당구,구미동,4113567000,27785,13114,14671,—,3.822,1392,2194,7348,8315,6337,5771,53,19.1,27,13,11,0,0,0
경기,성남분당구,운중동,4113568000,38856,18877,19979,—,17.734,4261,4116,9836,13479,4836,8977,46,11.8,24,11,11,0,0,0
경기,의정부시,의정부1동,4115051000,38033,19133,18900,—,1.904,2086,1926,13105,11321,6872,9227,157,41.3,80,42,25,5,1,2
경기,의정부시,의정부2동,4115052000,29525,14749,14776,—,2.479,1058,1812,8707,9237,6291,6048,61,20.7,31,18,7,1,1,0
경기,의정부시,호원1동,4115054500,33065,15944,17121,—,6.564,1191,2354,7238,10377,9155,5763,21,6.4,12,6,3,0,0,0
경기,의정부시,호원2동,4115055500,32441,15536,16905,—,3.871,1392,2745,7267,10087,8209,5702,70,21.6,35,19,13,3,0,0
경기,의정부시,장암동,4115056100,18207,8679,9528,—,9.114,811,1704,3627,5796,4792,3056,3,1.6,2,1,0,0,0,0
경기,의정부시,신곡1동,4115056700,41254,20110,21144,—,2.882,2076,3122,9612,13261,9294,7362,43,10.4,23,12,7,0,0,0
경기,의정부시,신곡2동,4115056800,43531,20952,22579,—,2.443,2229,3976,9889,13856,9624,7782,58,13.3,31,14,11,1,1,0
경기,의정부시,송산1동,4115057300,31443,15397,16046,—,4.514,1940,2594,7961,10024,6265,5965,36,11.4,18,10,8,0,0,0
경기,의정부시,송산2동,4115057600,30684,15197,15487,—,1.45,1498,3483,7023,10866,5455,5666,70,22.8,37,18,10,2,0,1
경기,의정부시,송산3동,4115057800,44462,21515,22947,—,8.905,3823,5901,9890,15935,6255,9581,24,5.4,11,7,3,0,0,2
경기,의정부시,자금동,4115058000,26428,12861,13567,—,11.999,1223,2055,6383,8188,6069,4827,22,8.3,6,6,3,1,2,1
경기,의정부시,가능동,4115059500,25604,12799,12805,—,4.513,952,1792,5777,7820,6726,4155,21,8.2,8,6,6,0,0,0
경기,의정부시,흥선동,4115061500,17786,9047,8739,—,5.431,915,1349,4085,5554,4286,3027,5,2.8,2,3,0,0,0,0
경기,의정부시,녹양동,4115062000,18770,9281,9489,—,4.13,711,1626,3959,6066,4794,3080,22,11.7,10,6,4,0,0,2
경기,의정부시,고산동,4115063000,30744,15340,15404,—,11.617,4207,3009,8338,10370,3222,7170,13,4.2,6,4,3,0,0,0
경기,안양만안구,안양1동,4117151000,18947,9397,9550,—,0.589,1447,1185,5908,5618,3430,4148,53,28.0,30,17,6,0,0,0
경기,안양만안구,안양2동,4117152000,22024,10986,11038,—,2.873,1062,1321,6178,6375,5138,4307,21,9.5,11,6,4,0,0,0
경기,안양만안구,안양3동,4117153000,14651,7220,7431,—,0.702,374,926,3637,4248,3989,2483,18,12.3,8,6,2,0,0,2
경기,안양만안구,안양4동,4117154000,6600,3271,3329,—,0.325,133,370,1785,1834,1857,1178,78,118.2,35,21,20,0,0,1
경기,안양만안구,안양5동,4117155000,14595,7225,7370,—,0.613,1050,970,3839,4296,3263,2845,14,9.6,5,2,3,1,1,1
경기,안양만안구,안양6동,4117156000,27187,13657,13530,—,1.413,1786,1549,8978,7975,4999,6178,16,5.9,5,8,2,0,0,1
경기,안양만안구,안양7동,4117157000,14866,7335,7531,—,1.064,1358,1256,4105,4757,2408,3262,24,16.1,11,9,4,0,0,0
경기,안양만안구,명학동,4117158200,7758,3998,3760,—,1.173,195,439,1945,2223,2235,1241,9,11.6,2,3,2,0,1,1
경기,안양만안구,병목안동,4117158300,15472,7607,7865,—,6.793,498,1033,3295,4481,4570,2355,4,2.6,1,2,1,0,0,0
경기,안양만안구,석수1동,4117159000,18057,8832,9225,—,9.406,941,1228,4280,5459,4573,3223,7,3.9,3,2,2,0,0,0
경기,안양만안구,석수2동,4117160000,29367,14638,14729,—,3.111,1386,2002,7308,8925,6911,5275,24,8.2,11,7,6,0,0,0
경기,안양만안구,충훈동,4117161100,11533,5872,5661,—,0.959,530,861,2736,3456,2795,1871,8,6.9,3,2,3,0,0,0
경기,안양만안구,박달동,4117164000,13152,6575,6577,—,0.446,318,840,2768,4008,3859,1964,27,20.5,12,9,6,0,0,0
경기,안양만안구,호현동,4117165000,19876,9886,9990,—,7.536,1337,2095,4917,6199,3717,3845,6,3.0,4,1,1,0,0,0
경기,안양동안구,비산1동,4117351000,28069,13592,14477,—,1.772,2437,2383,7469,8830,4909,5950,16,5.7,5,5,6,0,0,0
경기,안양동안구,비산2동,4117352000,12854,6271,6583,—,0.454,1096,1165,3274,4124,2215,2675,38,29.6,20,11,5,2,0,0
경기,안양동안구,비산3동,4117353000,17809,8846,8963,—,5.531,1256,1251,4849,5291,3602,3417,9,5.1,1,5,2,1,0,0
경기,안양동안구,부흥동,4117354000,15686,7505,8181,—,0.484,961,1714,3757,5094,3115,3163,36,23.0,17,10,8,0,0,0
경기,안양동안구,달안동,4117354600,9341,4143,5198,—,0.416,377,418,3303,2666,1927,2405,22,23.6,12,5,4,0,0,0
경기,안양동안구,관양동,4117355200,31714,15477,16237,—,3.256,1083,1958,8249,9092,8116,5463,59,18.6,27,16,15,1,0,0
경기,안양동안구,인덕원동,4117355900,17795,9128,8667,—,1.694,823,1119,5520,5356,3457,3574,92,51.7,47,25,15,3,0,0
경기,안양동안구,부림동,4117356600,26460,12764,13696,—,0.949,1642,1985,9175,8479,3680,6719,33,12.5,17,8,8,0,0,0
경기,안양동안구,평촌동,4117357000,14715,7216,7499,—,0.502,991,1413,3901,4721,2317,2944,27,18.3,13,6,6,0,0,0
경기,안양동안구,평안동,4117357600,22160,10841,11319,—,0.829,1923,3259,5191,8002,2724,4959,22,9.9,9,9,3,0,0,0
경기,안양동안구,귀인동,4117357800,15890,7849,8041,—,0.683,969,3334,2585,6314,1848,3232,21,13.2,8,8,5,0,0,0
경기,안양동안구,호계1동,4117358000,27105,13514,13591,—,0.962,3183,3101,7503,9227,2797,6523,62,22.9,29,18,12,1,0,0
경기,안양동안구,호계2동,4117359000,27236,13239,13997,—,1.698,2042,2500,7588,8661,4517,5937,12,4.4,5,3,4,0,0,0
경기,안양동안구,호계3동,4117360000,23817,11896,11921,—,0.839,1731,1884,6628,7200,4364,4819,36,15.1,21,8,6,1,0,0
경기,안양동안구,범계동,4117361000,14886,7159,7727,—,0.568,846,1993,3837,5029,2244,3239,127,85.3,66,32,26,1,0,0
경기,안양동안구,신촌동,4117362000,12124,5879,6245,—,0.413,797,1523,2783,4029,2142,2416,8,6.6,3,3,2,0,0,0
경기,안양동안구,갈산동,4117363000,10261,4988,5273,—,0.715,484,1488,2048,3421,2046,1869,4,3.9,1,2,1,0,0,0
경기,부천원미구,심곡1동,4119251000,11854,6092,5762,—,0.46,417,743,3023,3905,2665,2227,25,21.1,9,6,3,2,0,2
경기,부천원미구,심곡2동,4119252000,18282,9543,8739,—,0.652,729,856,5922,5819,3468,3960,47,25.7,23,15,5,2,0,2
경기,부천원미구,심곡3동,4119253000,10521,5359,5162,—,0.382,338,677,2593,3327,2521,1804,5,4.8,3,1,1,0,0,0
경기,부천원미구,원미1동,4119254000,16171,8093,8078,—,1.075,677,1163,3914,5060,3810,2840,21,13.0,8,6,7,0,0,0
경기,부천원미구,원미2동,4119255000,10942,5436,5506,—,0.425,352,715,2152,3341,3234,1633,18,16.5,9,4,5,0,0,0
경기,부천원미구,소사동,4119256000,5756,2740,3016,—,0.562,116,249,1237,1610,1961,868,6,10.4,1,1,3,0,1,0
경기,부천원미구,역곡1동,4119257000,15974,7772,8202,—,1.227,597,1302,3539,5027,4203,2860,22,13.8,11,5,5,0,0,0
경기,부천원미구,역곡2동,4119258000,15958,7786,8172,—,0.964,527,1171,3914,5022,3965,2952,28,17.5,17,6,5,0,0,0
경기,부천원미구,춘의동,4119259000,13358,6671,6687,—,2.913,515,851,3290,4109,3314,2424,9,6.7,1,4,2,1,0,0
경기,부천원미구,도당동,4119260000,19598,9935,9663,—,1.988,692,1585,4604,6433,4189,3310,21,10.7,5,5,7,2,0,1
경기,부천원미구,약대동,4119261000,16878,8412,8466,—,0.699,1095,1553,3926,5582,3088,3211,9,5.3,2,4,1,0,1,0
경기,부천원미구,중동,4119262000,20989,10245,10744,—,0.705,1140,1929,4946,6598,4524,3941,38,18.1,16,12,10,0,0,0
경기,부천원미구,중1동,4119263000,40368,19542,20826,—,1.33,2314,3252,12704,13129,6042,10007,123,30.5,58,36,24,1,0,1
경기,부천원미구,중2동,4119264000,29097,14025,15072,—,1.021,1548,2810,6719,9360,6263,5721,23,7.9,14,6,1,0,0,0
경기,부천원미구,중3동,4119265000,21521,10030,11491,—,0.777,1104,1630,5771,6424,4639,4612,49,22.8,26,11,9,2,0,1
경기,부천원미구,중4동,4119266000,16451,7497,8954,—,0.652,774,1037,4919,4796,3534,3774,72,43.8,45,13,13,1,0,0
경기,부천원미구,상동,4119267000,17299,8517,8782,—,0.833,620,1323,4373,5119,4242,3201,19,11.0,8,7,3,0,0,1
경기,부천원미구,상1동,4119268000,23321,11180,12141,—,0.633,1424,1836,6194,7435,4726,5034,33,14.2,20,8,4,0,0,0
경기,부천원미구,상2동,4119269000,27548,13395,14153,—,1.735,2152,3270,7334,9205,3559,6052,60,21.8,27,14,14,2,0,0
경기,부천원미구,상3동,4119270000,29978,14669,15309,—,1.534,1988,3440,7567,10287,4071,6370,73,24.4,37,18,17,0,0,0
경기,부천소사구,심곡본1동,4119451000,15038,7559,7479,—,0.749,460,823,3357,4562,4290,2406,34,22.6,20,4,9,1,0,0
경기,부천소사구,심곡본동,4119452000,13798,6757,7041,—,0.953,326,703,3180,4049,4135,2297,39,28.3,23,9,6,0,0,0
경기,부천소사구,소사본동,4119453000,25797,12724,13073,—,1.949,1457,1481,6699,7554,6233,4780,25,9.7,10,7,4,1,1,1
경기,부천소사구,소사본1동,4119454000,27065,13144,13921,—,1.016,1309,2206,6057,8115,6920,4801,29,10.7,12,9,7,1,0,0
경기,부천소사구,범박동,4119455000,28329,13827,14502,—,1.095,2853,3228,6667,9642,4236,6133,14,4.9,7,5,2,0,0,0
경기,부천소사구,옥길동,4119456000,30964,15244,15720,—,2.96,2727,5094,5568,11922,4148,6760,29,9.4,15,8,6,0,0,0
경기,부천소사구,괴안동,4119457000,18116,8775,9341,—,0.707,703,1205,4413,5442,4609,3219,14,7.7,6,3,5,0,0,0
경기,부천소사구,역곡3동,4119458000,21554,10311,11243,—,1.028,1131,1123,5293,6462,5650,3995,52,24.1,24,16,10,1,0,0
경기,부천소사구,송내1동,4119459000,19652,9500,10152,—,1.12,907,1446,4733,6092,4720,3653,19,9.7,8,6,4,1,0,0
경기,부천소사구,송내2동,4119460000,23464,11483,11981,—,1.196,956,2017,5496,7624,5266,4289,25,10.7,11,5,5,1,0,2
경기,부천오정구,성곡동,4119651000,36848,18272,18576,—,4.594,1367,2686,8523,11499,8835,6166,37,10.0,19,7,5,0,1,2
경기,부천오정구,원종1동,4119652000,23897,11896,12001,—,1.369,1098,1452,7178,6928,5029,4713,33,13.8,20,6,6,0,0,1
경기,부천오정구,원종2동,4119653000,16885,8374,8511,—,0.623,484,1191,4198,5444,3844,2963,35,20.7,15,10,8,2,0,0
경기,부천오정구,고강본동,4119654000,24437,12294,12143,—,1.523,708,1615,5557,8029,6081,4022,24,9.8,12,7,5,0,0,0
경기,부천오정구,고강1동,4119655000,11858,5845,6013,—,1.995,344,743,2695,3736,3084,1904,14,11.8,6,4,4,0,0,0
경기,부천오정구,오정동,4119656000,18276,9474,8802,—,6.709,756,1515,4078,6034,4152,3019,18,9.8,9,5,4,0,0,0
경기,부천오정구,신흥동,4119657000,16317,8550,7767,—,3.17,595,1146,3723,5373,3699,2608,29,17.8,9,10,5,1,0,2
경기,광명시,광명1동,4121051000,16209,7920,8289,—,0.338,1631,1214,5307,5369,1775,4143,2,1.2,2,0,0,0,0,0
경기,광명시,광명2동,4121052000,7126,3449,3677,—,0.23,438,448,2002,2231,1460,1497,6,8.4,2,1,1,1,0,1
경기,광명시,광명3동,4121054000,8814,4273,4541,—,0.306,196,425,1873,2527,2890,1288,45,51.1,27,12,6,0,0,0
경기,광명시,광명4동,4121055000,7120,3487,3633,—,0.293,264,380,1533,2010,2343,1110,56,78.7,31,15,10,0,0,0
경기,광명시,광명5동,4121056000,11266,5487,5779,—,0.354,454,866,2560,3469,2935,1921,7,6.2,3,1,2,1,0,0
경기,광명시,광명6동,4121057000,12400,6026,6374,—,2.479,802,1223,2926,3938,2584,2472,24,19.4,12,8,4,0,0,0
경기,광명시,광명7동,4121058000,25148,12322,12826,—,2.26,1806,1945,6929,7906,4803,5317,8,3.2,3,3,2,0,0,0
경기,광명시,철산1동,4121059000,9917,4938,4979,—,0.491,594,989,2868,3135,1616,2107,6,6.1,2,3,1,0,0,0
경기,광명시,철산2동,4121060000,19161,9712,9449,—,0.707,1816,1562,5176,6237,2991,4116,10,5.2,2,5,3,0,0,0
경기,광명시,철산3동,4121061000,35071,17066,18005,—,1.459,2510,4210,8336,11915,5712,7350,118,33.6,63,34,17,1,1,1
경기,광명시,철산4동,4121062000,8853,4347,4506,—,0.337,607,737,2759,2876,1334,2117,4,4.5,3,0,1,0,0,0
경기,광명시,하안1동,4121063100,24104,12025,12079,—,3.924,1374,2859,5152,8331,4476,4527,5,2.1,2,3,0,0,0,0
경기,광명시,하안2동,4121063200,12420,5771,6649,—,0.439,585,657,3787,3837,2675,2788,23,18.5,13,4,6,0,0,0
경기,광명시,하안3동,4121063300,17936,8491,9445,—,0.663,897,1238,4583,5607,4294,3428,38,21.2,20,9,9,0,0,0
경기,광명시,하안4동,4121063400,11147,5366,5781,—,0.513,581,899,3439,3631,1828,2489,20,17.9,11,4,5,0,0,0
경기,광명시,소하1동,4121064000,28891,13950,14941,—,3.778,1705,3764,6263,9938,5275,5607,60,20.8,24,17,15,3,0,0
경기,광명시,소하2동,4121065000,25379,12577,12802,—,3.883,1059,2207,5847,7838,6235,4274,25,9.9,11,8,5,0,0,1
경기,광명시,일직동,4121065500,21068,10522,10546,—,3.313,1748,2293,6797,7278,1757,5441,30,14.2,16,7,6,0,1,0
경기,광명시,학온동,4121066000,1611,902,709,—,12.859,31,52,248,392,684,153,0,0.0,0,0,0,0,0,0
경기,평택시,팽성읍,4122025000,27006,14182,12824,—,57.669,1129,1744,5400,8413,7823,3841,23,8.5,9,11,3,0,0,0
경기,평택시,안중읍,4122025300,40634,21261,19373,—,29.146,1943,4604,9737,14762,6639,7234,53,13.0,25,15,9,3,0,1
경기,평택시,포승읍,4122025600,21091,13163,7928,—,57.465,777,1359,5638,7605,4012,2826,12,5.7,5,4,3,0,0,0
경기,평택시,청북읍,4122025900,25920,14070,11850,—,52.858,2014,3798,5549,9596,3610,4926,15,5.8,6,4,4,0,0,0
경기,평택시,진위면,4122031000,10642,5969,4673,—,33.683,243,563,2445,3299,3016,1393,6,5.6,3,1,2,0,0,0
경기,평택시,서탄면,4122032000,3286,1832,1454,—,28.431,76,152,503,942,1263,314,0,0.0,0,0,0,0,0,0
경기,평택시,고덕면,4122033000,12760,7037,5723,—,21.755,693,745,3651,4032,2576,2096,4,3.1,1,1,1,0,0,1
경기,평택시,오성면,4122034000,5965,3192,2773,—,30.813,143,350,956,1735,2102,635,2,3.4,1,0,1,0,0,0
경기,평택시,현덕면,4122037000,17080,8937,8143,—,45.45,1499,1319,4499,5672,2852,3276,0,0.0,0,0,0,0,0,0
경기,평택시,중앙동,4122051000,45311,23990,21321,—,5.2,1668,3964,14044,14501,7500,8214,55,12.1,23,18,12,0,1,0
경기,평택시,서정동,4122052000,24546,12862,11684,—,2.278,921,1813,6167,8334,5148,4054,40,16.3,20,11,5,0,0,3
경기,평택시,송탄동,4122053500,26025,13538,12487,—,19.537,2757,2450,7669,8686,2854,5654,6,2.3,2,1,2,0,0,1
경기,평택시,지산동,4122055000,12151,6895,5256,—,0.699,339,779,4118,4124,1940,2273,37,30.5,20,11,5,1,0,0
경기,평택시,송북동,4122056000,20310,10256,10054,—,7.11,857,1752,4499,6864,4394,3439,11,5.4,6,1,1,1,0,1
경기,평택시,신장1동,4122057000,6608,3415,3193,—,1.616,386,450,1836,2198,1275,1321,3,4.5,2,1,0,0,0,0
경기,평택시,신장2동,4122058000,4605,2584,2021,—,0.624,95,197,1130,1347,1431,609,3,6.5,2,0,1,0,0,0
경기,평택시,신평동,4122059000,19487,10435,9052,—,6.462,524,1250,5755,6008,4258,3387,109,55.9,61,28,15,2,2,0
경기,평택시,원평동,4122060000,12636,6780,5856,—,5.753,583,662,4074,3679,2646,2325,5,4.0,3,1,1,0,0,0
경기,평택시,통복동,4122061000,6361,3372,2989,—,0.617,282,347,1700,1839,1653,1059,30,47.2,15,8,7,0,0,0
경기,평택시,비전1동,4122062000,48782,24347,24435,—,13.0,3325,6307,12000,17537,6494,10200,53,10.9,23,18,9,2,0,1
경기,평택시,비전2동,4122063000,55765,27468,28297,—,4.69,4503,6539,13891,18950,8075,11443,70,12.6,27,22,16,3,0,1
경기,평택시,용이동,4122063500,25405,13586,11819,—,2.66,2094,3559,7080,9258,2150,5548,8,3.1,3,3,2,0,0,0
경기,평택시,세교동,4122064000,37503,19099,18404,—,6.389,3361,3485,11042,12071,4881,7736,28,7.5,14,11,2,0,1,0
경기,평택시,동삭동,4122065000,45409,23764,21645,—,2.97,5514,4925,15021,15057,3033,11063,32,7.0,17,9,5,0,0,0
경기,평택시,고덕동,4122066000,67375,35717,31658,—,16.124,10683,6400,26154,19340,2939,17587,80,11.9,42,22,14,0,0,0
경기,동두천시,생연1동,4125051000,5984,3029,2955,—,1.928,216,486,1034,1739,1933,811,0,0.0,0,0,0,0,0,0
경기,동두천시,생연2동,4125052000,10359,5022,5337,—,0.848,406,987,1738,3163,3154,1437,14,13.5,6,3,5,0,0,0
경기,동두천시,중앙동,4125053500,4249,2181,2068,—,0.639,97,132,596,1102,1804,440,18,42.4,9,5,2,1,0,1
경기,동두천시,보산동,4125055000,2522,1270,1252,—,13.424,63,151,410,739,888,294,0,0.0,0,0,0,0,0,0
경기,동두천시,불현동,4125056500,25110,12360,12750,—,33.91,1032,2153,4966,7925,6687,3958,10,4.0,2,0,1,0,0,6
경기,동두천시,송내동,4125056600,25448,12411,13037,—,5.391,1158,2769,5612,8442,5576,4498,50,19.6,23,20,6,1,0,0
경기,동두천시,소요동,4125058000,8031,4208,3823,—,31.306,241,474,1280,2261,2941,960,0,0.0,0,0,0,0,0,0
경기,동두천시,상패동,4125060000,4465,2404,2061,—,7.926,171,184,835,1201,1627,559,0,0.0,0,0,0,0,0,0
경기,안산상록구,일동,4127151000,22042,11288,10754,—,2.517,895,1891,5422,7675,4238,3943,13,5.9,5,4,3,0,1,0
경기,안산상록구,이동,4127151500,22209,12116,10093,—,2.292,594,1251,6913,7352,4166,4221,31,14.0,12,9,5,3,0,1
경기,안산상록구,사동,4127152500,28694,15177,13517,—,2.231,898,2054,8196,9600,5319,5119,10,3.5,3,2,3,0,0,1
경기,안산상록구,사이동,4127153200,29501,14902,14599,—,3.814,1299,2887,7491,10019,5008,5466,28,9.5,12,8,6,0,0,1
경기,안산상록구,해양동,4127153700,39161,19553,19608,—,3.53,2915,5174,10468,13478,4247,8457,7,1.8,2,3,2,0,0,0
경기,안산상록구,본오1동,4127154000,33722,17481,16241,—,7.83,1241,3171,8528,12016,5752,6177,24,7.1,9,7,5,0,0,1
경기,안산상록구,본오2동,4127155000,23599,11647,11952,—,0.818,823,2004,5984,7974,4556,4219,40,16.9,20,11,8,0,0,0
경기,안산상록구,본오3동,4127156000,17678,8815,8863,—,1.042,533,1137,4844,5732,3648,3274,56,31.7,31,16,8,1,0,0
경기,안산상록구,부곡동,4127157000,19645,10116,9529,—,5.674,741,1761,4618,6767,3715,3277,11,5.6,4,3,4,0,0,0
경기,안산상록구,월피동,4127158000,34494,17666,16828,—,6.146,1289,2667,9666,11163,6171,6344,17,4.9,5,5,4,1,0,1
경기,안산상록구,성포동,4127159000,23921,11658,12263,—,1.677,1149,1836,6300,7151,4875,4344,40,16.7,18,12,8,0,1,0
경기,안산상록구,반월동,4127160000,17747,8933,8814,—,13.121,788,1125,3787,5344,5001,2790,17,9.6,7,4,6,0,0,0
경기,안산상록구,안산동,4127161000,7947,4182,3765,—,8.489,226,585,1436,2485,2294,1056,4,5.0,2,1,1,0,0,0
경기,안산단원구,와동,4127351000,34715,18541,16174,—,3.099,1514,3153,8454,12679,5753,5998,18,5.2,7,5,5,1,0,0
경기,안산단원구,고잔동,4127352500,19362,9589,9773,—,1.396,671,1291,6150,5967,3537,4081,19,9.8,5,4,4,3,0,0
경기,안산단원구,중앙동,4127353200,23513,11660,11853,—,2.137,1144,1681,8728,6690,3466,5733,144,61.2,83,29,21,6,0,2
경기,안산단원구,호수동,4127353500,41414,20896,20518,—,2.653,2546,4502,10918,13796,5891,8254,94,22.7,46,22,17,2,0,2
경기,안산단원구,원곡동,4127354500,5389,3040,2349,—,1.357,155,317,849,1829,1558,585,25,46.4,13,10,2,0,0,0
경기,안산단원구,백운동,4127355500,23628,11801,11827,—,1.445,1753,1791,6778,7223,4008,4850,44,18.6,24,11,8,0,0,0
경기,안산단원구,신길동,4127356500,20182,10803,9379,—,6.713,853,1974,4466,7081,3919,3188,6,3.0,2,3,1,0,0,0
경기,안산단원구,초지동,4127357000,46070,23549,22521,—,26.429,2674,3875,13441,15219,7218,9142,55,11.9,21,16,10,1,1,3
경기,안산단원구,선부1동,4127358000,16492,8387,8105,—,0.828,952,1111,4585,5309,2985,3143,10,6.1,2,3,1,1,1,1
경기,안산단원구,선부2동,4127359000,16963,9015,7948,—,3.055,1034,1329,4428,5718,2845,3099,21,12.4,12,3,5,0,0,1
경기,안산단원구,선부3동,4127360000,31240,16026,15214,—,4.699,1354,2670,8307,10832,5118,5829,60,19.2,33,16,10,0,0,0
경기,안산단원구,대부동,4127361000,9159,4736,4423,—,49.582,204,348,1131,2523,3686,852,4,4.4,1,2,1,0,0,0
경기,고양덕양구,주교동,4128151000,10047,5212,4835,—,5.529,245,600,2019,3161,2867,1402,4,4.0,1,1,1,0,0,0
경기,고양덕양구,원신동,4128152000,22208,10530,11678,—,12.927,1768,2714,4127,7488,4514,4266,24,10.8,13,6,5,0,0,0
경기,고양덕양구,흥도동,4128153000,29316,14435,14881,—,9.551,2119,3507,7241,10317,4390,6610,21,7.2,10,7,4,0,0,0
경기,고양덕양구,성사1동,4128154000,23731,11798,11933,—,2.224,1084,1595,5875,7523,5507,4383,63,26.5,32,14,15,1,0,1
경기,고양덕양구,성사2동,4128155000,10073,4815,5258,—,0.891,306,674,2216,2955,2901,1602,8,7.9,2,3,3,0,0,0
경기,고양덕양구,효자동,4128156000,26283,12820,13463,—,25.272,3530,2447,7121,8626,3257,6410,35,13.3,18,8,3,2,0,1
경기,고양덕양구,삼송1동,4128157600,22283,10660,11623,—,5.525,1776,1686,6893,7256,3324,5655,23,10.3,10,6,7,0,0,0
경기,고양덕양구,삼송2동,4128157700,27842,12802,15040,—,2.359,1866,1938,8306,8267,5615,6666,32,11.5,18,6,5,3,0,0
경기,고양덕양구,창릉동,4128158000,22784,11036,11748,—,10.934,2264,1822,6690,7530,3270,5692,11,4.8,8,1,2,0,0,0
경기,고양덕양구,고양동,4128159000,26883,13479,13404,—,23.512,1035,2408,5316,8780,7061,4170,28,10.4,12,9,6,1,0,0
경기,고양덕양구,관산동,4128160000,32805,16597,16208,—,16.163,952,2225,5827,10462,9843,4539,28,8.5,13,6,7,0,0,1
경기,고양덕양구,능곡동,4128161000,16842,8478,8364,—,10.881,954,1160,4212,5216,3675,3009,9,5.3,3,2,3,0,0,1
경기,고양덕양구,화정1동,4128162100,34729,16790,17939,—,2.274,1171,2777,9016,10696,7775,6480,50,14.4,24,9,16,0,1,0
경기,고양덕양구,화정2동,4128162200,31155,14958,16197,—,1.97,1687,2943,7941,10572,5645,6304,89,28.6,47,20,18,1,0,0
경기,고양덕양구,행주동,4128163000,11654,6145,5509,—,6.685,287,568,2657,3547,3278,1774,15,12.9,7,3,2,0,0,2
경기,고양덕양구,행신1동,4128164000,19660,9504,10156,—,0.66,862,1481,4784,6227,4430,3598,27,13.7,14,6,5,0,1,1
경기,고양덕양구,행신2동,4128165000,29145,14061,15084,—,4.32,1532,2079,8163,9003,5774,5955,34,11.7,16,8,10,0,0,0
경기,고양덕양구,행신3동,4128165500,22002,10341,11661,—,0.595,919,1806,5535,7076,4415,4180,38,17.3,19,11,8,0,0,0
경기,고양덕양구,행신4동,4128165600,18475,9325,9150,—,1.326,477,1475,4321,6001,4359,2915,33,17.9,17,8,7,1,0,0
경기,고양덕양구,화전동,4128166000,27631,13780,13851,—,7.503,2848,2770,6842,9854,3808,6473,29,10.5,18,5,4,1,0,1
경기,고양덕양구,대덕동,4128167000,16922,8551,8371,—,10.811,2126,1750,4498,6091,1636,4034,10,5.9,5,3,2,0,0,0
경기,고양일산동구,식사동,4128551000,40183,19508,20675,—,6.477,2965,5306,8935,14833,5284,8386,31,7.7,15,7,6,0,1,1
경기,고양일산동구,중산1동,4128552500,19768,9482,10286,—,1.423,652,1412,4432,5802,5208,3145,25,12.6,10,8,5,0,0,0
경기,고양일산동구,중산2동,4128552600,22566,10763,11803,—,1.451,1287,2211,4885,7696,4593,4052,16,7.1,6,2,3,3,0,1
경기,고양일산동구,정발산동,4128553000,20964,10085,10879,—,1.516,683,1585,5487,6491,4740,3981,18,8.6,6,5,4,1,0,2
경기,고양일산동구,풍산동,4128554000,42226,20334,21892,—,5.844,2558,4179,10087,14051,7806,8195,43,10.2,22,11,7,0,0,2
경기,고양일산동구,백석1동,4128555100,27940,13262,14678,—,1.736,1371,2217,7452,9355,5247,5796,18,6.4,9,4,2,0,1,1
경기,고양일산동구,백석2동,4128555200,19766,9426,10340,—,0.81,557,960,5950,6661,3965,4589,43,21.8,18,12,9,3,0,1
경기,고양일산동구,마두1동,4128556000,22248,10606,11642,—,2.142,941,2837,5066,7391,4053,4323,30,13.5,12,11,6,0,1,0
경기,고양일산동구,마두2동,4128557000,15004,6995,8009,—,0.629,710,2073,3007,5210,2793,2945,54,36.0,23,17,11,1,0,0
경기,고양일산동구,장항1동,4128558000,20079,10008,10071,—,10.276,3084,1346,7402,5555,1846,5644,1,0.5,1,0,0,0,0,0
경기,고양일산동구,장항2동,4128559000,26618,12963,13655,—,2.454,633,1225,8786,9229,4579,6585,108,40.6,63,27,13,1,1,2
경기,고양일산동구,고봉동,4128560000,20729,10857,9872,—,25.102,747,1214,4131,6574,5788,2883,6,2.9,2,1,1,0,0,2
경기,고양일산서구,일산1동,4128751000,24361,11668,12693,—,0.667,1020,2025,5661,7731,5632,4236,18,7.4,8,4,6,0,0,0
경기,고양일산서구,일산2동,4128752000,18392,9059,9333,—,0.707,681,1140,4238,5617,4591,3040,43,23.4,23,11,7,1,0,1
경기,고양일산서구,일산3동,4128753000,32840,15699,17141,—,1.151,1953,4902,6767,11901,4926,6596,32,9.7,14,12,6,0,0,0
경기,고양일산서구,탄현1동,4128754500,28861,14207,14654,—,0.928,1458,2555,7328,9987,4956,5606,49,17.0,25,14,9,0,0,1
경기,고양일산서구,탄현2동,4128754600,18286,8730,9556,—,1.275,1157,2092,3943,6390,3241,3502,4,2.2,2,2,0,0,0,0
경기,고양일산서구,주엽1동,4128755000,25661,11978,13683,—,0.947,1070,2524,5988,8266,5752,4882,94,36.6,50,16,27,1,0,0
경기,고양일산서구,주엽2동,4128756000,26117,12117,14000,—,0.962,1302,2592,5660,8368,6035,4803,54,20.7,24,12,14,1,0,1
경기,고양일산서구,대화동,4128757000,33270,16151,17119,—,4.297,1496,2473,9469,10618,6351,6936,68,20.4,37,15,13,0,1,1
경기,고양일산서구,송포동,4128758000,19844,9746,10098,—,13.995,1060,1762,4870,6787,3663,3845,7,3.5,2,3,2,0,0,0
경기,고양일산서구,덕이동,4128760000,30406,14848,15558,—,5.387,1637,3698,6343,10929,5212,5632,14,4.6,6,3,2,2,0,1
경기,고양일산서구,가좌동,4128761000,17990,8855,9135,—,12.735,720,1956,3800,6431,3517,3007,7,3.9,3,2,2,0,0,0
경기,과천시,중앙동,4129051000,11359,5478,5881,—,6.376,745,1019,2708,3315,2542,2176,7,6.2,3,2,2,0,0,0
경기,과천시,원문동,4129051500,16192,7828,8364,—,2.245,1628,2103,3375,5535,2455,3338,10,6.2,5,2,3,0,0,0
경기,과천시,갈현동,4129052000,19863,9731,10132,—,2.257,3295,2073,6233,5867,1584,5011,24,12.1,14,5,5,0,0,0
경기,과천시,별양동,4129053000,12493,6031,6462,—,0.686,1038,1401,3008,3969,2192,2638,70,56.0,39,17,13,0,0,0
경기,과천시,부림동,4129054000,8819,4290,4529,—,0.468,739,875,2126,2708,1643,1821,6,6.8,1,3,2,0,0,0
경기,과천시,과천동,4129055000,5755,2926,2829,—,10.662,329,360,1548,1614,1403,1071,0,0.0,0,0,0,0,0,0
경기,과천시,문원동,4129056000,6626,3218,3408,—,12.331,318,504,1746,1983,1516,1184,1,1.5,1,0,0,0,0,0
경기,구리시,갈매동,4131051000,30406,14971,15435,—,3.882,2647,3513,6725,10810,4812,6639,36,11.8,18,12,6,0,0,0
경기,구리시,동구동,4131052000,34705,16882,17823,—,7.543,1791,2973,9074,10990,6733,6738,46,13.3,15,15,13,3,0,0
경기,구리시,인창동,4131053000,26440,12829,13611,—,2.052,1600,2224,7300,8560,4661,5620,107,40.5,62,25,15,3,1,1
경기,구리시,교문1동,4131054100,14646,7605,7041,—,10.004,387,826,3419,4729,3813,2411,4,2.7,0,0,2,0,0,1
경기,구리시,교문2동,4131054200,20403,9915,10488,—,1.132,1094,2130,4987,6597,4049,3997,35,17.2,19,10,6,0,0,0
경기,구리시,수택1동,4131057000,16846,8480,8366,—,1.078,779,1065,4720,5123,3591,3349,56,33.2,26,17,10,0,0,1
경기,구리시,수택2동,4131058000,23928,11918,12010,—,0.624,834,1554,5975,7368,5841,4230,59,24.7,28,17,11,2,0,1
경기,구리시,수택3동,4131059000,20760,10528,10232,—,6.593,963,1729,5502,6800,4076,4024,7,3.4,1,4,2,0,0,0
경기,남양주시,와부읍,4136025000,59418,29109,30309,—,49.675,2679,6377,12329,19926,13307,10365,70,11.8,35,19,16,0,0,0
경기,남양주시,진접읍,4136025300,94337,47233,47104,—,66.512,5074,10865,19723,32031,19337,16685,108,11.4,48,32,18,5,1,3
경기,남양주시,화도읍,4136025600,63480,31631,31849,—,71.364,2816,6355,12899,22281,13923,10886,103,16.2,49,28,22,2,0,2
경기,남양주시,화도읍동부출장소,4136025700,13159,6567,6592,—,—,875,1474,2565,4512,2656,2343,—,—,—,—,—,—,—,—
경기,남양주시,화도읍남부출장소,4136025800,35071,17502,17569,—,—,2146,4117,6998,12594,6589,6409,—,—,—,—,—,—,—,—
경기,남양주시,진건읍,4136025900,19316,9964,9352,—,30.823,521,1245,3846,5772,5647,2690,18,9.3,8,5,4,1,0,0
경기,남양주시,오남읍,4136026200,50232,25002,25230,—,25.317,1951,5192,11031,17685,10140,8696,47,9.4,21,16,8,0,1,1
경기,남양주시,퇴계원읍,4136026500,25993,12843,13150,—,3.32,944,1998,5609,7751,6973,4143,36,13.8,18,10,6,1,0,1
경기,남양주시,별내면,4136031000,17681,8813,8868,—,22.106,579,1520,3301,5711,4858,2605,18,10.2,8,6,4,0,0,0
경기,남양주시,수동면,4136034000,8465,4413,4052,—,72.257,182,414,1159,2278,3390,883,11,13.0,1,2,2,0,0,4
경기,남양주시,조안면,4136036000,3637,1859,1778,—,49.306,91,195,550,1012,1365,464,0,0.0,0,0,0,0,0,0
경기,남양주시,호평동,4136051000,55204,26763,28441,—,9.091,3675,6965,11457,20436,9247,10930,43,7.8,21,12,8,0,0,1
경기,남양주시,평내동,4136052000,37179,18212,18967,—,7.234,2309,4308,8708,13290,6124,7402,76,20.4,36,19,13,3,0,3
경기,남양주시,금곡동,4136053000,16760,8545,8215,—,6.84,372,741,3494,4629,5588,2308,23,13.7,11,6,4,1,0,1
경기,남양주시,양정동,4136054000,2072,1233,839,—,12.315,64,81,468,539,669,240,0,0.0,0,0,0,0,0,0
경기,남양주시,다산1동,4136054500,105617,51316,54301,—,5.458,10337,13246,25782,36124,14796,24406,160,15.1,84,41,30,3,0,0
경기,남양주시,다산2동,4136056500,36526,17770,18756,—,5.579,3195,4574,7992,13507,5060,7908,35,9.6,17,10,8,0,0,0
경기,남양주시,별내동,4136057000,83011,40199,42812,—,18.638,6341,8608,20755,27644,14124,18107,86,10.4,45,26,13,1,0,1
경기,오산시,중앙동,4137051000,32742,16432,16310,—,3.472,2091,3813,7695,11574,5303,6371,62,18.9,23,22,15,2,0,0
경기,오산시,대원1동,4137052300,44948,23375,21573,—,2.68,2132,4401,12592,15735,6831,8895,95,21.1,48,28,13,2,1,0
경기,오산시,대원2동,4137052600,24551,12858,11693,—,3.51,2204,2849,6759,8873,2583,5293,9,3.7,3,4,2,0,0,0
경기,오산시,남촌동,4137053000,32237,18433,13804,—,5.907,2645,2543,10957,11356,3180,7072,21,6.5,8,6,4,0,0,2
경기,오산시,신장1동,4137054300,35256,17908,17348,—,3.503,2075,4673,8315,12533,5606,6980,32,9.1,15,9,6,0,0,2
경기,오산시,신장2동,4137054600,22548,11581,10967,—,3.569,1481,2889,5044,8176,3430,4512,18,8.0,8,6,2,2,0,0
경기,오산시,세마동,4137055000,31859,16428,15431,—,13.488,2467,3499,8854,11003,4110,6852,13,4.1,5,4,1,2,0,1
경기,오산시,초평동,4137056000,31162,16309,14853,—,6.321,2877,2800,10050,10170,3503,7040,12,3.9,6,3,3,0,0,0
경기,시흥시,대야동,4139051000,42187,21198,20989,—,9.392,2554,3101,11130,13342,8056,8114,39,9.2,14,10,6,1,1,3
경기,시흥시,신천동,4139052000,31989,16461,15528,—,3.404,954,1989,7695,10102,7544,5029,73,22.8,38,21,9,1,0,1
경기,시흥시,신현동,4139053100,8701,4612,4089,—,13.407,240,457,1828,2601,2526,1144,2,2.3,0,1,1,0,0,0
경기,시흥시,은행동,4139054000,57452,28518,28934,—,6.339,5230,7025,13182,20311,7693,12162,72,12.5,37,24,11,0,0,0
경기,시흥시,매화동,4139055000,10845,5711,5134,—,10.754,361,840,2279,3482,2757,1542,7,6.5,3,2,2,0,0,0
경기,시흥시,목감동,4139057000,40567,20547,20020,—,17.817,3490,4514,8850,14231,6724,8225,33,8.1,18,9,6,0,0,0
경기,시흥시,군자동,4139058100,20915,10882,10033,—,7.369,852,1881,4449,7404,4400,3476,21,10.0,11,6,3,0,0,0
경기,시흥시,월곶동,4139058200,17582,9194,8388,—,9.451,956,1564,4189,6257,3194,3184,14,8.0,7,3,2,0,0,1
경기,시흥시,정왕본동,4139058900,17097,10822,6275,—,8.552,633,975,4842,6839,2333,2629,15,8.8,6,7,2,0,0,0
경기,시흥시,정왕1동,4139059100,20947,12501,8446,—,6.626,734,1693,6565,7547,2715,3648,64,30.6,35,19,3,1,1,2
경기,시흥시,정왕2동,4139059200,26166,13538,12628,—,4.827,1111,2809,6519,9605,3688,4777,20,7.6,9,7,3,0,1,0
경기,시흥시,정왕3동,4139059300,21147,12144,9003,—,6.088,827,1872,4797,8298,3307,3295,22,10.4,9,6,5,0,0,1
경기,시흥시,정왕4동,4139059400,19077,9467,9610,—,0.986,882,2111,4994,6854,2479,3754,22,11.5,12,6,4,0,0,0
경기,시흥시,배곧1동,4139059600,35216,17572,17644,—,2.643,3921,5564,7827,13452,2685,8115,9,2.6,4,4,1,0,0,0
경기,시흥시,배곧2동,4139059700,35408,18324,17084,—,2.438,3106,4704,11089,12718,2147,8755,60,16.9,36,13,7,1,0,0
경기,시흥시,과림동,4139062100,1687,1042,645,—,7.876,40,30,239,378,758,133,0,0.0,0,0,0,0,0,0
경기,시흥시,연성동,4139063000,23523,11980,11543,—,10.339,1460,2071,6255,8076,3617,4454,16,6.8,7,6,2,0,0,1
경기,시흥시,장곡동,4139063100,46712,23372,23340,—,3.72,5594,5475,12450,15578,4856,10489,44,9.4,26,10,5,2,0,0
경기,시흥시,능곡동,4139064000,25933,12806,13127,—,4.101,2179,2661,6787,8782,3694,5438,32,12.3,17,8,3,2,0,2
경기,시흥시,거북섬동,4139065000,12186,7477,4709,—,6.371,1507,815,4088,4742,577,2577,3,2.5,1,1,0,0,0,0
경기,군포시,군포1동,4141051000,29963,15744,14219,—,3.313,1144,2073,7994,9430,6425,5235,35,11.7,13,10,9,0,1,1
경기,군포시,군포2동,4141052000,40168,19860,20308,—,3.207,2026,4244,9458,13112,7768,7441,43,10.7,20,12,9,1,0,1
경기,군포시,산본1동,4141054000,14081,7287,6794,—,0.736,354,545,3808,3864,4093,2214,48,34.1,22,17,9,0,0,0
경기,군포시,산본2동,4141055000,24535,11880,12655,—,1.196,1326,2343,5814,7664,5266,4625,18,7.3,6,6,4,2,0,0
경기,군포시,금정동,4141056000,18401,9651,8750,—,1.138,630,1121,5273,5682,3950,3385,10,5.4,3,3,4,0,0,0
경기,군포시,재궁동,4141057000,16771,7917,8854,—,0.859,613,996,4801,4867,4111,3370,18,10.7,7,4,4,0,1,1
경기,군포시,오금동,4141058000,19400,9327,10073,—,1.013,966,1593,5491,6247,3700,4086,8,4.1,3,3,2,0,0,0
경기,군포시,수리동,4141059000,14784,6976,7808,—,2.801,545,1179,3515,4582,3679,2692,4,2.7,2,1,1,0,0,0
경기,군포시,궁내동,4141060000,19160,9299,9861,—,1.615,1051,2584,4077,6822,3200,3620,20,10.4,10,6,4,0,0,0
경기,군포시,대야동,4141061000,8872,4419,4453,—,12.415,393,742,1961,2790,2102,1470,3,3.4,1,2,0,0,0,0
경기,군포시,광정동,4141062000,22802,11037,11765,—,1.734,1002,2035,5917,7328,4780,4372,120,52.6,56,36,26,1,0,0
경기,군포시,송부동,4141063000,20129,9953,10176,—,5.705,1672,2345,4608,6848,3204,4202,11,5.5,6,2,3,0,0,0
경기,의왕시,고천동,4143051000,17819,8981,8838,—,8.862,2065,1064,6298,4357,3044,4194,14,7.9,5,6,1,0,0,1
경기,의왕시,부곡동,4143052000,28524,14322,14202,—,11.152,2041,2187,7274,8545,6185,5271,31,10.9,14,9,7,0,0,0
경기,의왕시,오전동,4143053000,32517,15982,16535,—,7.409,1694,3093,7340,10362,7211,5817,32,9.8,13,10,5,1,0,2
경기,의왕시,내손1동,4143054000,19470,9502,9968,—,1.929,1048,1690,4852,5890,4100,3632,22,11.3,9,8,5,0,0,0
경기,의왕시,내손2동,4143055000,30744,15038,15706,—,1.433,2646,2590,8860,9438,4790,6736,37,12.0,18,11,6,1,0,0
경기,의왕시,청계동,4143056000,37466,18279,19187,—,22.942,2249,2892,8941,11687,8132,6829,33,8.8,15,8,9,0,0,1
경기,하남시,천현동,4145051000,5672,3104,2568,—,34.911,141,302,1110,1662,1847,744,1,1.8,0,0,0,0,0,1
경기,하남시,신장1동,4145052000,7069,3633,3436,—,0.2,210,317,2152,2039,1732,1379,60,84.9,27,15,14,3,0,1
경기,하남시,신장2동,4145053000,44718,21977,22741,—,4.191,2951,3651,10414,13382,10908,8307,46,10.3,25,12,9,0,0,0
경기,하남시,덕풍1동,4145054000,13821,6967,6854,—,0.842,614,803,3118,4036,3972,2242,10,7.2,2,3,5,0,0,0
경기,하남시,덕풍2동,4145055000,17117,8518,8599,—,0.552,812,884,4027,4888,4896,2886,43,25.1,25,10,7,1,0,0
경기,하남시,덕풍3동,4145056000,27487,13599,13888,—,2.131,1751,2549,6150,8980,6026,4982,26,9.5,12,6,8,0,0,0
경기,하남시,감북동,4145058000,3218,1773,1445,—,4.412,115,143,859,938,831,509,0,0.0,0,0,0,0,0,0
경기,하남시,감일동,4145058200,39590,19697,19893,—,6.128,4991,4689,9762,13660,4551,9177,38,9.6,21,9,7,1,0,0
경기,하남시,위례동,4145058500,35311,17340,17971,—,4.379,3740,4744,7593,12983,3958,7880,21,5.9,13,5,3,0,0,0
경기,하남시,춘궁동,4145059000,700,444,256,—,14.47,15,21,115,199,233,61,0,0.0,0,0,0,0,0,0
경기,하남시,초이동,4145060000,2838,1616,1222,—,6.287,111,118,659,765,864,376,2,7.0,0,0,2,0,0,0
경기,하남시,미사1동,4145061000,54138,26604,27534,—,6.85,3300,5213,19311,17894,6070,15192,82,15.1,48,17,13,0,0,2
경기,하남시,미사2동,4145062000,46276,22549,23727,—,5.199,3813,6529,9159,17051,7226,9840,52,11.2,28,12,12,0,0,0
경기,하남시,미사3동,4145063000,29434,14466,14968,—,2.666,2723,4065,6302,10901,3801,6588,75,25.5,40,18,10,4,0,2
경기,용인처인구,포곡읍,4146125000,31016,16109,14907,—,41.536,1131,3195,7298,10614,6117,5273,26,8.4,12,8,5,1,0,0
경기,용인처인구,모현읍,4146125300,34746,17905,16841,—,50.105,2374,2920,8395,11629,6744,6509,18,5.2,8,5,4,0,0,1
경기,용인처인구,이동읍,4146125600,18541,9574,8967,—,75.783,735,1491,3543,6020,4786,2625,15,8.1,5,6,4,0,0,0
경기,용인처인구,남사읍,4146125900,23431,11867,11564,—,58.235,1997,3084,4114,7964,4686,4245,14,6.0,9,3,2,0,0,0
경기,용인처인구,양지읍,4146126200,22482,11668,10814,—,57.488,1113,2797,5112,6950,4549,3683,16,7.1,5,5,5,1,0,0
경기,용인처인구,원삼면,4146134000,8068,4275,3793,—,59.895,163,1041,1197,2050,2711,834,5,6.2,2,2,1,0,0,0
경기,용인처인구,백암면,4146135000,7871,4498,3373,—,65.497,137,690,1157,1991,2996,673,10,12.7,2,4,2,1,0,0
경기,용인처인구,중앙동,4146151000,26626,13469,13157,—,7.928,1303,2099,7662,8155,5315,5181,111,41.7,56,35,13,2,1,2
경기,용인처인구,역북동,4146152500,34595,17434,17161,—,5.848,2691,3615,10785,10998,4527,7917,35,10.1,15,13,6,0,0,0
경기,용인처인구,삼가동,4146152600,16386,8206,8180,—,6.368,884,1361,4715,5355,2743,3187,6,3.7,2,3,1,0,0,0
경기,용인처인구,유림1동,4146153500,14221,7330,6891,—,7.052,741,1635,3596,4523,2573,2583,4,2.8,1,1,1,0,0,1
경기,용인처인구,유림2동,4146153600,38314,19255,19059,—,6.26,3774,4287,9773,13743,4571,8269,14,3.7,5,6,2,1,0,0
경기,용인처인구,동부동,4146154000,12286,6329,5957,—,24.017,408,851,2657,3877,3248,1838,5,4.1,2,1,0,1,1,0
경기,용인기흥구,신갈동,4146351000,36024,17942,18082,—,4.607,2114,3069,10001,11490,6814,7357,42,11.7,22,10,8,0,0,2
경기,용인기흥구,영덕1동,4146351600,34349,17015,17334,—,3.983,2476,3846,8573,12385,4600,7122,47,13.7,20,13,9,2,0,2
경기,용인기흥구,영덕2동,4146351700,19117,9407,9710,—,4.656,1654,1487,5218,6314,3111,4064,9,4.7,4,3,2,0,0,0
경기,용인기흥구,구갈동,4146352000,39849,20173,19676,—,4.14,2488,3468,12191,13461,5718,9021,68,17.1,32,21,13,0,1,0
경기,용인기흥구,상갈동,4146353000,12485,6450,6035,—,1.952,564,900,3616,4004,2460,2431,11,8.8,2,5,4,0,0,0
경기,용인기흥구,보라동,4146353500,32350,15941,16409,—,10.166,1708,3884,7003,11405,6171,5968,33,10.2,17,8,6,0,0,1
경기,용인기흥구,기흥동,4146354000,20595,10204,10391,—,11.61,942,1866,4688,6839,4562,3626,10,4.9,3,4,3,0,0,0
경기,용인기흥구,서농동,4146355000,24480,12397,12083,—,5.569,1799,2946,7543,7833,2946,5530,23,9.4,11,8,4,0,0,0
경기,용인기흥구,구성동,4146356000,38181,18265,19916,—,6.666,1827,4211,7762,12986,8827,6703,36,9.4,20,9,6,1,0,0
경기,용인기흥구,마북동,4146357000,33548,16372,17176,—,5.229,1917,2990,8105,10846,7244,6356,44,13.1,21,13,6,2,0,1
경기,용인기흥구,동백1동,4146357200,30738,14705,16033,—,4.121,1775,4857,6256,11800,4424,6169,19,6.2,7,8,3,0,0,0
경기,용인기흥구,동백2동,4146357500,25880,12670,13210,—,4.831,1198,4095,5334,9944,3836,5026,59,22.8,29,17,9,1,0,1
경기,용인기흥구,동백3동,4146357700,27735,13526,14209,—,1.454,2305,3774,5966,9550,4844,5697,12,4.3,4,2,3,2,1,0
경기,용인기흥구,상하동,4146358600,22705,10945,11760,—,5.677,966,2156,5216,7574,4910,4042,14,6.2,3,4,2,1,0,2
경기,용인기흥구,보정동,4146359000,36097,17672,18425,—,6.75,2223,4605,7649,13045,6453,7124,74,20.5,43,19,12,0,0,0
경기,용인수지구,풍덕천1동,4146551000,30065,15116,14949,—,1.625,1852,2915,8974,9251,5245,6418,54,18.0,29,14,9,2,0,0
경기,용인수지구,풍덕천2동,4146552000,41196,20278,20918,—,1.818,3675,5952,10463,14875,4404,9628,73,17.7,37,20,13,1,0,1
경기,용인수지구,신봉동,4146553000,40961,19762,21199,—,6.503,2843,5544,8417,14709,7002,8160,39,9.5,18,12,9,0,0,0
경기,용인수지구,죽전1동,4146554000,28836,13945,14891,—,2.296,1710,3218,6890,9666,5366,5737,43,14.9,18,11,12,1,0,1
경기,용인수지구,죽전2동,4146555000,16965,8263,8702,—,1.187,1049,1323,5159,5236,2969,3773,20,11.8,7,7,4,1,0,0
경기,용인수지구,죽전3동,4146555500,26369,12808,13561,—,2.242,1500,2959,7332,8691,4311,5766,22,8.3,10,7,4,0,0,0
경기,용인수지구,동천동,4146556000,50780,24915,25865,—,16.43,4110,6006,11897,17808,8005,10973,47,9.3,23,11,12,1,0,0
경기,용인수지구,상현1동,4146557000,19568,9328,10240,—,0.865,1646,2637,4271,6894,3125,4134,33,16.9,17,10,6,0,0,0
경기,용인수지구,상현2동,4146558000,32384,15680,16704,—,1.566,2443,4199,7100,11269,5589,6719,22,6.8,6,9,7,0,0,0
경기,용인수지구,상현3동,4146558500,27084,13023,14061,—,2.565,1944,3292,7380,9195,3830,6366,57,21.0,30,11,13,2,0,1
경기,용인수지구,성복동,4146559000,54513,26253,28260,—,5.008,4053,7395,10117,19366,10495,10578,77,14.1,43,22,12,0,0,0
경기,파주시,문산읍,4148025000,47809,24517,23292,—,46.437,3194,5229,10902,14952,9970,8312,58,12.1,26,17,12,2,0,1
경기,파주시,파주읍,4148025300,13157,7007,6150,—,31.661,365,731,2406,4002,4213,1670,7,5.3,3,1,2,0,0,1
경기,파주시,법원읍,4148025600,8992,4772,4220,—,72.049,161,428,1586,2297,3434,935,10,11.1,4,3,1,0,0,2
경기,파주시,조리읍,4148026200,27203,13713,13490,—,26.684,866,2308,4865,8591,7775,3778,24,8.8,10,8,6,0,0,0
경기,파주시,월롱면,4148031000,7423,4804,2619,—,27.353,82,206,2349,2214,1880,861,2,2.7,1,1,0,0,0,0
경기,파주시,탄현면,4148032000,14297,7608,6689,—,58.749,438,873,2729,4769,3992,1992,7,4.9,2,1,1,0,0,2
경기,파주시,광탄면,4148035000,9952,5441,4511,—,65.917,246,485,1630,2634,3758,1015,6,6.0,2,1,2,1,0,0
경기,파주시,파평면,4148036000,3334,1735,1599,—,42.041,35,124,451,760,1517,270,1,3.0,0,0,0,0,0,1
경기,파주시,적성면,4148037000,6298,3417,2881,—,88.195,294,341,1397,1433,2211,741,8,12.7,5,2,1,0,0,0
경기,파주시,장단면,4148039000,687,378,309,—,144.22,12,42,107,190,264,57,0,0.0,0,0,0,0,0,0
경기,파주시,금촌1동,4148051000,22031,11885,10146,—,4.587,613,1173,5788,6877,5467,3637,70,31.8,30,23,12,1,2,1
경기,파주시,금촌2동,4148052000,29603,14312,15291,—,2.696,1425,3507,6463,10213,5703,5452,37,12.5,18,10,6,1,0,1
경기,파주시,금촌3동,4148053000,24024,12128,11896,—,16.643,1091,2322,5399,7948,5177,4071,7,2.9,2,2,1,1,0,1
경기,파주시,교하동,4148054000,6946,3749,3197,—,28.143,185,404,1284,2145,2128,898,2,2.9,0,0,1,0,0,1
경기,파주시,운정1동,4148055000,58759,28738,30021,—,5.33,4567,6748,15572,20558,7635,13089,64,10.9,30,14,9,4,0,2
경기,파주시,운정2동,4148056000,63781,30859,32922,—,3.212,5652,9417,14623,23178,7802,14168,55,8.6,24,19,8,4,0,0
경기,파주시,운정3동,4148057000,66956,32624,34332,—,3.932,4777,9004,15593,24697,9025,14441,94,14.0,48,26,18,1,0,1
경기,파주시,운정4동,4148058000,24459,11987,12472,—,6.585,1226,1896,6318,9147,3978,5089,2,0.8,0,0,1,0,0,1
경기,파주시,운정5동,4148059000,58843,29276,29567,—,5.424,6349,7071,16194,20292,6068,13462,43,7.3,20,13,8,0,0,1
경기,파주시,운정6동,4148060000,41138,20482,20656,—,2.938,6549,3907,13497,12282,3542,10770,26,6.3,17,6,3,0,0,0
경기,이천시,장호원읍,4150025000,13933,7107,6826,—,60.411,610,1146,2606,3870,4425,1901,28,20.1,15,7,4,1,0,1
경기,이천시,부발읍,4150025300,35520,19056,16464,—,42.226,1792,3812,9833,12102,5525,6702,29,8.2,13,10,6,0,0,0
경기,이천시,신둔면,4150031000,13794,7307,6487,—,36.304,578,1159,2777,4321,3501,2019,4,2.9,1,1,1,0,0,1
경기,이천시,백사면,4150032000,12545,6368,6177,—,32.279,609,874,2617,3921,3228,2013,5,4.0,1,0,3,0,0,1
경기,이천시,호법면,4150033000,6367,3495,2872,—,37.658,136,1176,1115,1561,1760,707,2,3.1,0,0,0,0,0,1
경기,이천시,마장면,4150034000,17101,9160,7941,—,51.085,1377,2228,4948,4739,2760,3280,12,7.0,5,4,3,0,0,0
경기,이천시,대월면,4150035000,14682,7814,6868,—,31.112,839,1092,5019,4205,2608,3140,1,0.7,0,0,1,0,0,0
경기,이천시,모가면,4150036000,3952,2164,1788,—,40.599,53,138,570,988,1712,350,2,5.1,1,0,1,0,0,0
경기,이천시,설성면,4150037000,4097,2196,1901,—,51.751,66,146,520,950,1907,306,1,2.4,1,0,0,0,0,0
경기,이천시,율면,4150038000,2398,1244,1154,—,36.119,37,75,247,498,1274,143,0,0.0,0,0,0,0,0,0
경기,이천시,창전동,4150051000,14710,7538,7172,—,1.099,431,1141,3888,4375,3635,2438,117,79.5,66,29,19,1,0,0
경기,이천시,증포동,4150051500,55822,27879,27943,—,8.862,4550,7911,14127,19797,6070,12016,27,4.8,11,8,8,0,0,0
경기,이천시,중리동,4150052000,20915,11557,9358,—,22.287,1573,1397,7252,5751,3493,3937,9,4.3,3,1,3,2,0,0
경기,이천시,관고동,4150053000,11196,5771,5425,—,7.352,704,819,2874,3490,2384,2012,10,8.9,2,3,3,0,1,1
경기,안성시,공도읍,4155025000,71166,36030,35136,—,32.981,4740,7910,17939,25385,10649,14382,49,6.9,22,15,10,1,0,0
경기,안성시,보개면,4155031000,4693,2449,2244,—,52.943,77,226,622,1120,2079,434,1,2.1,1,0,0,0,0,0
경기,안성시,금광면,4155032000,6696,3354,3342,—,71.346,182,427,1054,1860,2441,797,1,1.5,0,0,0,0,0,1
경기,안성시,서운면,4155033000,2912,1560,1352,—,37.065,37,81,368,686,1356,209,1,3.4,0,0,1,0,0,0
경기,안성시,미양면,4155034000,5179,2852,2327,—,32.85,101,190,763,1474,2059,494,0,0.0,0,0,0,0,0,0
경기,안성시,대덕면,4155035000,14196,8110,6086,—,29.836,645,1016,3759,4731,2951,2423,2,1.4,1,1,0,0,0,0
경기,안성시,양성면,4155036000,4807,2543,2264,—,52.904,71,189,633,1232,2148,421,5,10.4,1,1,1,0,0,2
경기,안성시,원곡면,4155038000,6344,3628,2716,—,38.06,236,336,1315,2126,1655,828,2,3.2,2,0,0,0,0,0
경기,안성시,일죽면,4155039000,6959,3647,3312,—,55.521,156,453,867,1727,2988,607,8,11.5,3,3,1,0,0,0
경기,안성시,죽산면,4155040000,6757,3629,3128,—,56.862,110,500,967,1819,2594,637,10,14.8,3,4,2,0,0,1
경기,안성시,삼죽면,4155041000,4104,2111,1993,—,39.049,48,510,994,772,1386,580,2,4.9,1,1,0,0,0,0
경기,안성시,고삼면,4155042000,1747,932,815,—,27.621,31,59,251,399,786,151,0,0.0,0,0,0,0,0,0
경기,안성시,안성1동,4155051000,10726,5383,5343,—,6.773,351,828,2089,3157,3277,1473,17,15.8,6,8,2,0,1,0
경기,안성시,안성2동,4155052000,26290,13460,12830,—,9.568,1667,2617,7199,8444,4511,5147,51,19.4,26,12,10,1,0,1
경기,안성시,안성3동,4155053000,26908,13548,13360,—,8.293,1690,2816,6934,8526,4875,5027,47,17.5,22,14,8,0,1,2
경기,김포시,통진읍,4157025000,34530,18314,16216,—,28.991,1795,2653,7396,10601,8730,5235,35,10.1,12,12,6,2,0,1
경기,김포시,고촌읍,4157025300,52019,25807,26212,—,24.851,4803,7108,10433,18932,7861,11138,40,7.7,20,13,6,0,0,1
경기,김포시,양촌읍,4157025600,30379,16028,14351,—,35.699,1451,2592,6659,9568,7578,5039,21,6.9,8,7,5,1,0,0
경기,김포시,대곶면,4157034000,8845,5140,3705,—,47.192,211,365,1232,2618,3241,823,6,6.8,2,3,1,0,0,0
경기,김포시,월곶면,4157035000,5097,2832,2265,—,49.736,81,173,687,1301,2203,450,2,3.9,0,1,1,0,0,0
경기,김포시,하성면,4157036000,7460,4045,3415,—,54.693,156,378,970,1921,3065,692,7,9.4,2,3,1,0,0,0
경기,김포시,김포본동,4157051500,56579,27583,28996,—,10.625,3654,5862,12445,19272,10874,10708,55,9.7,22,19,11,1,1,0
경기,김포시,장기본동,4157052500,38544,18691,19853,—,2.463,2676,6023,7916,14468,5357,8053,69,17.9,36,17,14,0,1,0
경기,김포시,사우동,4157054000,20484,10193,10291,—,3.306,854,1782,4530,6857,4580,3600,60,29.3,28,16,12,3,0,0
경기,김포시,풍무동,4157055000,59433,28675,30758,—,4.653,4226,6887,14550,20243,9774,13011,76,12.8,33,20,18,2,0,1
경기,김포시,장기동,4157056000,40179,19661,20518,—,4.242,3307,5906,8204,15089,5645,8535,35,8.7,14,12,7,1,0,0
경기,김포시,구래동,4157057000,45906,22964,22942,—,2.087,4058,5461,13768,15649,4997,11576,88,19.2,45,23,10,3,0,2
경기,김포시,마산동,4157057500,35475,17464,18011,—,3.149,3672,4570,7901,12527,5166,7946,11,3.1,8,2,1,0,0,0
경기,김포시,운양동,4157058000,48749,23695,25054,—,7.481,4489,7061,9815,18549,6413,10986,36,7.4,16,11,8,0,0,1
경기,화성시,우정읍,4159125000,16490,9165,7325,—,60.635,423,1172,2779,5511,4852,1860,28,17.0,11,8,7,0,0,2
경기,화성시,향남읍,4159125300,84720,45834,38886,—,50.044,5804,10836,22047,30825,10519,16921,104,12.3,48,34,16,3,1,0
경기,화성시,남양읍,4159125600,60486,32633,27853,—,67.624,4673,5149,17217,19248,9762,11452,68,11.2,33,19,12,2,1,0
경기,화성시,마도면,4159131000,6417,3861,2556,—,33.009,111,267,1081,2005,2121,597,7,10.9,2,2,1,0,0,1
경기,화성시,송산면,4159132000,10145,5585,4560,—,57.719,255,563,1494,2894,3760,962,15,14.8,6,5,4,0,0,0
경기,화성시,서신면,4159133000,6935,3897,3038,—,45.107,100,259,854,1789,2924,521,5,7.2,1,1,2,1,0,0
경기,화성시,팔탄면,4159134000,9129,5528,3601,—,50.334,149,343,1442,2835,3071,758,5,5.5,1,2,1,0,0,1
경기,화성시,장안면,4159135000,9207,5344,3863,—,68.582,205,483,1355,2744,3327,839,0,0.0,0,0,0,0,0,0
경기,화성시,양감면,4159136000,3639,2255,1384,—,30.375,55,114,537,1032,1408,256,1,2.7,0,0,0,0,0,0
경기,화성시,새솔동,4159151000,27054,13574,13480,—,3.249,3543,4063,5973,10158,1920,6069,22,8.1,11,6,4,0,0,0
경기,화성시,봉담읍,4159325000,112645,56926,55719,—,42.893,10601,12461,30582,37580,14780,24414,105,9.3,56,29,18,1,0,0
경기,화성시,매송면,4159331000,6139,3296,2843,—,26.37,109,278,1114,1729,2161,690,1,1.6,0,0,0,0,0,1
경기,화성시,비봉면,4159332000,16613,9090,7523,—,38.539,1526,797,5277,4493,3213,3343,7,4.2,3,2,2,0,0,0
경기,화성시,정남면,4159333000,10088,5901,4187,—,40.636,207,487,1810,3180,3252,1034,8,7.9,2,4,2,0,0,0
경기,화성시,기배동,4159351000,15474,7728,7746,—,4.178,951,1655,3703,5435,2555,2873,10,6.5,4,3,3,0,0,0
경기,화성시,진안동,4159551000,50300,27202,23098,—,6.792,4523,4446,16121,16953,5645,10903,14,2.8,8,1,2,1,0,1
경기,화성시,병점1동,4159552000,36306,18596,17710,—,1.502,2561,3605,11947,11541,4607,8305,57,15.7,29,16,11,0,0,1
경기,화성시,병점2동,4159553000,21974,10582,11392,—,1.006,1050,3216,5261,8059,3124,4544,35,15.9,16,11,7,0,0,1
경기,화성시,반월동,4159554000,37273,18836,18437,—,3.882,4027,4910,10243,12619,3507,8604,39,10.5,18,9,11,1,0,0
경기,화성시,화산동,4159555000,29329,15375,13954,—,11.788,2034,2325,7956,9606,5178,5574,12,4.1,5,3,3,0,1,0
경기,화성시,동탄1동,4159751000,49967,25765,24202,—,5.006,4153,6373,16478,17203,3476,12201,82,16.4,44,20,12,4,1,0
경기,화성시,동탄2동,4159752000,33626,16462,17164,—,2.462,2213,6214,6956,13337,3271,7243,46,13.7,25,13,7,0,0,0
경기,화성시,동탄3동,4159753000,39862,20586,19276,—,1.919,3215,5253,13136,13327,3441,9515,36,9.0,17,10,8,0,0,0
경기,화성시,동탄4동,4159754000,52587,26278,26309,—,4.211,5791,10042,11652,20671,2580,12652,43,8.2,20,11,12,0,0,0
경기,화성시,동탄5동,4159755000,47862,24059,23803,—,11.275,4848,5586,15705,15525,4285,12469,43,9.0,20,11,11,0,0,0
경기,화성시,동탄6동,4159756000,47020,23903,23117,—,9.337,4401,6021,16145,15892,2843,12480,81,17.2,52,18,9,0,0,0
경기,화성시,동탄7동,4159757000,57473,28854,28619,—,4.721,6220,8300,15835,20298,4330,14194,85,14.8,47,20,17,1,0,0
경기,화성시,동탄8동,4159758000,40527,20281,20246,—,6.533,6173,5436,10827,14101,2630,10308,12,3.0,5,5,2,0,0,0
경기,화성시,동탄9동,4159759000,61177,30717,30460,—,9.994,7936,7840,18565,20470,3894,15587,37,6.0,19,10,6,1,0,0
경기,광주시,초월읍,4161025300,52283,26929,25354,—,55.088,3282,5174,12119,17684,9831,9580,25,4.8,10,6,6,1,0,2
경기,광주시,곤지암읍,4161025900,20865,11305,9560,—,76.045,708,1404,4207,6823,5480,3034,29,13.9,14,9,6,0,0,0
경기,광주시,도척면,4161033000,8934,4911,4023,—,51.513,238,543,1499,2831,2813,1051,4,4.5,2,0,2,0,0,0
경기,광주시,퇴촌면,4161034000,15400,7775,7625,—,59.971,509,1276,2091,4844,5170,1955,12,7.8,4,3,5,0,0,0
경기,광주시,남종면,4161035000,1348,714,634,—,47.753,7,38,131,316,710,101,0,0.0,0,0,0,0,0,0
경기,광주시,남한산성면,4161037000,2173,1119,1054,—,32.967,110,133,300,566,843,257,1,4.6,0,0,1,0,0,0
경기,광주시,경안동,4161051000,32019,16320,15699,—,3.064,2525,2982,8436,10359,5470,6530,116,36.2,65,30,15,2,1,0
경기,광주시,송정동,4161052000,24488,12393,12095,—,5.06,1412,2063,5619,8332,5000,4460,7,2.9,1,3,2,0,0,1
경기,광주시,쌍령동,4161054000,17004,8498,8506,—,3.341,1101,1542,4012,5729,3161,3232,7,4.1,3,2,2,0,0,0
경기,광주시,탄벌동,4161055000,42184,21323,20861,—,16.653,2118,3530,9600,14589,8392,7466,12,2.8,3,4,4,0,0,1
경기,광주시,광남1동,4161056000,30989,15906,15083,—,26.088,1558,2157,7161,10599,6763,5462,13,4.2,5,4,4,0,0,0
경기,광주시,광남2동,4161057000,32955,16278,16677,—,2.226,3343,4867,6627,12307,4202,7039,44,13.4,26,11,7,0,0,0
경기,광주시,오포1동,4161058000,30329,15388,14941,—,15.766,3543,3103,6372,10811,4599,6194,12,4.0,5,2,5,0,0,0
경기,광주시,오포2동,4161059000,31940,16177,15763,—,15.18,1912,3579,7066,11410,5680,6013,22,6.9,11,7,4,0,0,0
경기,광주시,신현동,4161060000,35852,17809,18043,—,8.098,2138,2709,9137,12821,6403,7555,25,7.0,9,8,7,0,0,1
경기,광주시,능평동,4161061000,22483,11226,11257,—,7.586,1283,1889,5052,7851,4623,4306,20,8.9,10,6,4,0,0,0
경기,양주시,백석읍,4163025000,25511,12858,12653,—,40.259,785,2045,4698,7881,7423,3521,18,7.1,6,5,3,0,0,3
경기,양주시,은현면,4163031000,4892,2770,2122,—,34.613,65,195,760,1284,1958,435,2,4.1,0,0,1,1,0,0
경기,양주시,남면,4163032000,5793,3270,2523,—,36.405,174,299,1011,1470,2177,570,8,13.8,3,2,2,0,0,1
경기,양주시,광적면,4163033000,10327,5644,4683,—,47.882,291,667,1681,3070,3358,1122,13,12.6,4,4,3,1,0,1
경기,양주시,장흥면,4163034000,13599,6765,6834,—,64.172,552,513,2570,3654,4858,1787,7,5.1,2,1,1,0,0,2
경기,양주시,양주1동,4163051000,4424,2314,2110,—,23.091,74,223,627,1099,1849,446,0,0.0,0,0,0,0,0,0
경기,양주시,양주2동,4163052000,49055,24048,25007,—,19.373,2447,5945,9979,17201,10092,8654,41,8.4,20,13,5,1,0,2
경기,양주시,회천1동,4163053000,10600,5471,5129,—,10.648,593,733,2630,3278,2415,1822,10,9.4,4,2,3,1,0,0
경기,양주시,회천2동,4163054000,46821,23428,23393,—,11.157,4085,3813,12619,14582,8269,9517,45,9.6,25,12,6,1,0,1
경기,양주시,회천3동,4163055000,24675,12209,12466,—,3.508,1257,2527,5910,8254,4804,4407,22,8.9,11,6,5,0,0,0
경기,양주시,옥정1동,4163057000,42627,21473,21154,—,13.332,4769,4178,12288,14024,5218,9978,8,1.9,4,2,2,0,0,0
경기,양주시,옥정2동,4163058000,59281,29159,30122,—,4.299,7032,8113,15435,21021,5048,14094,72,12.1,45,17,8,0,0,0
경기,포천시,소흘읍,4165025000,42798,21748,21050,—,44.943,1920,3925,8920,13709,9934,6700,51,11.9,25,15,8,0,1,1
경기,포천시,군내면,4165031000,9780,5182,4598,—,35.985,558,642,2127,2916,2589,1517,0,0.0,0,0,0,0,0,0
경기,포천시,내촌면,4165032000,4046,2376,1670,—,52.753,48,110,545,1096,1636,293,3,7.4,1,1,0,0,0,1
경기,포천시,가산면,4165033000,7487,4363,3124,—,35.683,143,312,1163,2228,2564,718,3,4.0,1,1,1,0,0,0
경기,포천시,신북면,4165034000,10862,6023,4839,—,95.775,334,620,1927,3059,3643,1207,1,0.9,0,0,0,0,0,1
경기,포천시,창수면,4165035000,1897,1047,850,—,71.422,20,51,198,426,984,109,0,0.0,0,0,0,0,0,0
경기,포천시,영중면,4165036000,4393,2374,2019,—,59.697,68,195,528,1068,1977,382,4,9.1,1,2,1,0,0,0
경기,포천시,일동면,4165037000,8629,4539,4090,—,83.816,266,598,1388,2218,3315,969,13,15.1,5,6,2,0,0,0
경기,포천시,이동면,4165038000,5511,3014,2497,—,113.226,297,252,1487,1076,1894,716,3,5.4,1,1,1,0,0,0
경기,포천시,영북면,4165039000,7191,3892,3299,—,81.659,409,387,1533,1552,2640,799,11,15.3,5,4,2,0,0,0
경기,포천시,관인면,4165040000,2395,1252,1143,—,69.716,27,86,231,520,1220,140,3,12.5,1,1,1,0,0,0
경기,포천시,화현면,4165041000,2353,1276,1077,—,43.239,81,110,433,539,922,276,2,8.5,0,0,0,1,0,1
경기,포천시,포천동,4165051000,19082,9642,9440,—,11.551,865,1466,4323,5789,4747,3027,42,22.0,22,13,5,1,1,0
경기,포천시,선단동,4165052000,13973,7592,6381,—,23.426,407,858,2840,4578,3598,1917,6,4.3,2,2,2,0,0,0
경기,여주시,가남읍,4167025000,13897,7328,6569,—,75.469,447,968,2466,4296,4272,1846,18,13.0,7,5,2,0,0,2
경기,여주시,점동면,4167031000,4549,2336,2213,—,71.312,129,207,536,1110,2022,372,2,4.4,1,0,1,0,0,0
경기,여주시,흥천면,4167032000,4811,2554,2257,—,43.672,97,222,550,1162,2211,396,1,2.1,1,0,0,0,0,0
경기,여주시,금사면,4167033000,2788,1456,1332,—,41.279,45,102,255,652,1372,182,0,0.0,0,0,0,0,0,0
경기,여주시,세종대왕면,4167034500,5539,2860,2679,—,53.654,127,290,647,1354,2453,527,2,3.6,1,0,1,0,0,0
경기,여주시,대신면,4167035000,6378,3297,3081,—,75.183,108,307,747,1418,2999,496,3,4.7,2,0,1,0,0,0
경기,여주시,북내면,4167036000,4477,2341,2136,—,65.451,75,222,528,1159,1913,373,4,8.9,1,0,1,0,0,2
경기,여주시,강천면,4167037000,4240,2218,2022,—,73.59,68,191,516,1146,1774,395,2,4.7,0,0,0,0,0,2
경기,여주시,산북면,4167038000,2464,1291,1173,—,32.564,57,212,287,589,1062,216,0,0.0,0,0,0,0,0,0
경기,여주시,여흥동,4167051000,20576,10424,10152,—,40.227,723,1624,4326,6449,5408,3214,25,12.2,12,7,6,0,0,0
경기,여주시,중앙동,4167052000,25350,12669,12681,—,16.223,1909,2604,6026,8272,4709,4892,52,20.5,22,17,10,1,1,0
경기,여주시,오학동,4167053000,18279,9074,9205,—,15.924,1185,1902,3797,6359,3485,3361,12,6.6,4,4,4,0,0,0
경기,연천군,연천읍,4180025000,8265,4479,3786,—,87.046,553,416,2368,1777,2504,1204,6,7.3,3,2,1,0,0,0
경기,연천군,전곡읍,4180025300,19618,10091,9527,—,55.398,1035,1782,4240,5627,5175,2993,33,16.8,13,12,7,0,0,1
경기,연천군,군남면,4180031000,2945,1563,1382,—,44.795,39,115,387,613,1405,205,0,0.0,0,0,0,0,0,0
경기,연천군,청산면,4180032000,3890,2077,1813,—,42.589,82,150,704,881,1616,356,0,0.0,0,0,0,0,0,0
경기,연천군,백학면,4180033000,2470,1319,1151,—,63.45,39,108,292,581,1156,189,0,0.0,0,0,0,0,0,0
경기,연천군,미산면,4180034000,1698,920,778,—,41.891,26,44,193,341,838,127,0,0.0,0,0,0,0,0,0
경기,연천군,왕징면,4180035000,977,515,462,—,84.848,11,32,88,198,545,56,0,0.0,0,0,0,0,0,0
경기,연천군,신서면,4180036000,2388,1249,1139,—,150.996,24,86,309,454,1232,152,0,0.0,0,0,0,0,0,0
경기,연천군,중면,4180037000,162,89,73,—,83.962,2,7,32,36,66,17,0,0.0,0,0,0,0,0,0
경기,연천군,장남면,4180038000,730,385,345,—,36.985,10,26,75,151,368,42,0,0.0,0,0,0,0,0,0
경기,가평군,가평읍,4182025000,21115,10717,10398,—,143.732,1001,1727,4082,6151,6235,3101,25,11.8,11,8,5,0,0,1
경기,가평군,설악면,4182031000,10024,5130,4894,—,138.754,421,671,1636,2557,3658,1242,11,11.0,3,4,2,1,0,1
경기,가평군,청평면,4182032500,13080,6668,6412,—,112.413,324,734,1892,3805,4943,1483,19,14.5,9,4,4,0,0,1
경기,가평군,상면,4182033000,5380,2812,2568,—,99.61,96,190,690,1270,2388,437,5,9.3,1,1,1,0,0,2
경기,가평군,조종면,4182034500,8980,4754,4226,—,112.535,476,605,1799,2366,2831,1235,13,14.5,3,6,3,1,0,0
경기,가평군,북면,4182035000,3467,1805,1662,—,229.643,56,154,353,809,1683,258,0,0.0,0,0,0,0,0,0
경기,양평군,양평읍,4183025000,38413,19125,19288,—,42.192,2270,3790,7705,12026,9329,6377,67,17.4,30,21,12,2,0,1
경기,양평군,강상면,4183031000,10089,5039,5050,—,37.375,550,881,1397,3073,3203,1397,1,1.0,0,0,1,0,0,0
경기,양평군,강하면,4183032000,4734,2391,2343,—,41.523,132,164,547,1128,2190,417,1,2.1,0,0,0,0,0,1
경기,양평군,양서면,4183033000,14028,7036,6992,—,60.42,490,1124,1981,3942,5040,1709,10,7.1,3,3,2,0,0,1
경기,양평군,옥천면,4183034000,7913,4027,3886,—,65.791,286,541,1112,2181,2931,936,5,6.3,2,1,2,0,0,0
경기,양평군,서종면,4183035000,9812,4907,4905,—,93.183,382,855,1161,3032,3359,1204,8,8.2,3,1,4,0,0,0
경기,양평군,단월면,4183036000,3823,1979,1844,—,107.329,56,213,376,963,1750,310,0,0.0,0,0,0,0,0,0
경기,양평군,청운면,4183037000,3642,1890,1752,—,96.587,52,118,332,832,1851,272,2,5.5,0,0,1,0,0,1
경기,양평군,양동면,4183038000,4421,2241,2180,—,119.522,78,173,441,939,2186,333,2,4.5,1,0,1,0,0,0
경기,양평군,지평면,4183039500,6528,3320,3208,—,77.219,146,287,634,1483,3144,525,3,4.6,2,0,1,0,0,0
경기,양평군,용문면,4183040000,18748,9536,9212,—,101.99,827,1677,2952,5150,6364,2394,22,11.7,6,6,7,0,0,3
경기,양평군,개군면,4183041000,4986,2558,2428,—,32.076,115,284,542,1266,2192,451,1,2.0,0,0,1,0,0,0
충북,청주상당구,낭성면,4311131000,2050,1071,979,—,59.002,29,53,177,418,1097,121,0,0.0,0,0,0,0,0,0
충북,청주상당구,미원면,4311132000,4381,2254,2127,—,128.456,52,114,378,924,2375,258,3,6.8,2,0,1,0,0,0
충북,청주상당구,가덕면,4311133000,3536,1817,1719,—,48.797,42,108,318,835,1710,234,0,0.0,0,0,0,0,0,0
충북,청주상당구,남일면,4311134000,6332,3268,3064,—,34.578,262,363,1094,1623,2249,730,4,6.3,2,0,0,1,0,0
충북,청주상당구,문의면,4311135000,3441,1813,1628,—,93.33,33,119,334,795,1724,222,2,5.8,1,0,1,0,0,0
충북,청주상당구,중앙동,4311152500,6218,3042,3176,—,1.829,290,427,1599,1755,1687,1114,22,35.4,9,7,4,2,0,0
충북,청주상당구,성안동,4311154500,6078,3059,3019,—,1.269,196,284,1298,1626,2107,895,82,134.9,42,19,18,0,1,1
충북,청주상당구,탑대성동,4311162000,11053,5353,5700,—,0.795,571,808,2458,3239,3061,1730,12,10.9,8,1,3,0,0,0
충북,청주상당구,영운동,4311167000,9404,4685,4719,—,0.908,323,614,1793,2906,2896,1334,3,3.2,2,0,0,0,1,0
충북,청주상당구,금천동,4311168000,28165,13682,14483,—,1.437,1478,3182,5896,9535,5907,4956,36,12.8,17,10,9,0,0,0
충북,청주상당구,용담명암산성동,4311169000,12222,6018,6204,—,8.474,833,1898,2279,4416,1957,2220,7,5.7,2,3,2,0,0,0
충북,청주상당구,용암1동,4311172000,55333,27730,27603,—,8.869,4002,6470,13504,18861,8440,11009,64,11.6,31,19,12,0,0,0
충북,청주상당구,용암2동,4311173000,44365,21815,22550,—,13.461,4191,4968,11631,14572,5842,9355,36,8.1,18,9,7,1,0,0
충북,청주서원구,남이면,4311231000,9575,5070,4505,—,55.907,405,515,1682,2867,2986,1146,4,4.2,0,0,3,0,0,1
충북,청주서원구,현도면,4311232000,2887,1515,1372,—,44.253,40,82,269,637,1528,185,1,3.5,0,0,0,0,0,0
충북,청주서원구,사직1동,4311251000,3804,1926,1878,—,1.201,150,232,716,1145,1168,509,14,36.8,5,2,5,1,1,0
충북,청주서원구,사직2동,4311252000,10596,5164,5432,—,0.924,877,1150,2280,3185,2277,1907,8,7.6,3,3,2,0,0,0
충북,청주서원구,사창동,4311253000,13814,7118,6696,—,0.988,356,768,5274,3420,3131,2978,42,30.4,26,9,6,1,0,0
충북,청주서원구,모충동,4311254000,21524,10746,10778,—,1.519,1865,1489,6606,5734,4368,4389,12,5.6,7,2,2,1,0,0
충북,청주서원구,산남동,4311255000,24052,12056,11996,—,3.609,1298,3116,5695,8752,3451,4603,39,16.2,17,10,9,0,0,1
충북,청주서원구,분평동,4311256000,26790,12853,13937,—,6.168,1245,2999,6150,9329,4956,4779,40,14.9,19,8,10,0,0,3
충북,청주서원구,수곡1동,4311257000,12187,6169,6018,—,1.1,296,705,2806,3357,3860,1787,18,14.8,8,4,5,1,0,0
충북,청주서원구,수곡2동,4311258000,14344,7124,7220,—,0.824,567,1082,2830,4119,4287,2016,13,9.1,7,2,4,0,0,0
충북,청주서원구,성화개신죽림동,4311259000,48039,23759,24280,—,6.393,2644,4996,13178,15754,8071,9710,42,8.7,20,12,6,2,0,1
충북,청주흥덕구,오송읍,4311325000,49604,24919,24685,—,39.469,5437,4124,17741,14484,5313,12430,37,7.5,18,11,7,0,1,0
충북,청주흥덕구,강내면,4311331000,10617,5503,5114,—,29.327,445,937,2374,3200,2640,1681,5,4.7,2,2,1,0,0,0
충북,청주흥덕구,옥산면,4311332000,16819,8580,8239,—,66.207,1583,1425,3793,5374,3313,3093,6,3.6,4,1,1,0,0,0
충북,청주흥덕구,운천신봉동,4311370000,13281,6510,6771,—,2.126,417,969,2763,4088,3650,1986,18,13.6,7,5,4,1,0,0
충북,청주흥덕구,복대1동,4311374100,50891,26294,24597,—,2.604,4508,6416,14233,17909,5149,11004,91,17.9,48,20,20,2,0,1
충북,청주흥덕구,복대2동,4311374200,15123,7963,7160,—,1.045,350,879,5204,3865,3554,2753,42,27.8,19,11,9,2,0,0
충북,청주흥덕구,가경동,4311374700,52328,25517,26811,—,3.326,3584,5978,12334,17869,8481,10044,141,26.9,73,36,26,3,1,0
충북,청주흥덕구,봉명1동,4311375100,12632,6728,5904,—,0.756,886,693,4639,3520,2071,2802,9,7.1,4,3,2,0,0,0
충북,청주흥덕구,봉명2송정동,4311375600,24519,13298,11221,—,4.934,1112,1939,8203,7862,3697,4943,19,7.7,10,5,3,0,0,0
충북,청주흥덕구,강서1동,4311376000,29994,15200,14794,—,30.195,1836,2595,9442,9325,4802,6546,9,3.0,3,2,3,1,0,0
충북,청주흥덕구,강서2동,4311377000,18492,9811,8681,—,16.541,2955,1979,6362,5191,1313,4410,13,7.0,6,5,2,0,0,0
충북,청주청원구,내수읍,4311425000,18414,9561,8853,—,54.648,756,1531,3807,5765,4727,2598,11,6.0,5,3,3,0,0,0
충북,청주청원구,오창읍,4311425300,67657,36194,31463,—,80.806,6318,8851,19161,23129,7211,14479,62,9.2,28,18,12,2,0,0
충북,청주청원구,북이면,4311431000,3922,2086,1836,—,47.465,45,121,403,894,2003,238,0,0.0,0,0,0,0,0,0
충북,청주청원구,우암동,4311451000,12136,6094,6042,—,1.737,304,772,3831,2937,3380,2353,15,12.4,6,4,4,1,0,0
충북,청주청원구,내덕1동,4311452000,7500,3805,3695,—,1.053,165,415,1400,2138,2662,897,21,28.0,11,3,5,1,0,0
충북,청주청원구,내덕2동,4311453000,12572,6469,6103,—,1.763,542,1016,3359,3666,2988,2217,10,8.0,4,1,2,1,0,1
충북,청주청원구,율량사천동,4311454000,46214,23171,23043,—,8.599,2534,4665,12604,14934,8042,9120,55,11.9,29,16,10,0,0,0
충북,청주청원구,오근장동,4311455000,17310,8478,8832,—,18.611,1376,2597,3667,5999,2721,3570,36,20.8,15,10,7,3,1,0
충북,충주시,주덕읍,4313025000,10364,5336,5028,—,48.092,809,554,2525,3162,2393,1743,8,7.7,4,2,1,0,0,1
충북,충주시,살미면,4313031000,1855,957,898,—,89.83,27,39,121,368,1045,89,0,0.0,0,0,0,0,0,0
충북,충주시,수안보면,4313032500,2696,1349,1347,—,72.985,36,86,232,562,1406,173,4,14.8,1,0,1,1,0,1
충북,충주시,대소원면,4313033500,9842,5718,4124,—,61.461,548,530,3185,2625,2151,1581,1,1.0,1,0,0,0,0,0
충북,충주시,신니면,4313035000,2595,1349,1246,—,58.634,21,49,199,553,1428,131,0,0.0,0,0,0,0,0,0
충북,충주시,노은면,4313036000,2115,1087,1028,—,61.109,19,60,139,403,1226,100,0,0.0,0,0,0,0,0,0
충북,충주시,앙성면,4313037000,3699,1923,1776,—,101.473,33,89,309,814,1978,209,4,10.8,1,0,2,0,0,1
충북,충주시,중앙탑면,4313038500,14627,7570,7057,—,48.603,1760,1615,4125,4502,1897,3091,4,2.7,2,1,1,0,0,0
충북,충주시,금가면,4313039000,3742,2072,1670,—,33.158,214,213,1133,856,1047,550,1,2.7,0,0,0,0,0,1
충북,충주시,동량면,4313040000,3291,1698,1593,—,108.921,74,116,308,737,1628,216,0,0.0,0,0,0,0,0,0
충북,충주시,산척면,4313041000,2091,1092,999,—,77.611,16,56,175,450,1120,117,3,14.3,2,0,1,0,0,0
충북,충주시,엄정면,4313042000,2885,1482,1403,—,56.473,37,99,213,577,1566,151,3,10.4,2,0,1,0,0,0
충북,충주시,소태면,4313043000,1826,954,872,—,61.543,27,63,124,356,1017,101,0,0.0,0,0,0,0,0,0
충북,충주시,성내.충인동,4313051500,2385,1170,1215,—,0.514,66,135,352,637,974,254,49,205.5,23,11,15,0,0,0
충북,충주시,교현.안림동,4313053500,21311,10517,10794,—,28.208,954,2087,3809,6885,5605,3151,8,3.8,5,1,1,0,1,0
충북,충주시,교현2동,4313054000,5856,2919,2937,—,0.864,126,382,1065,1605,2139,755,6,10.2,2,0,2,1,1,0
충북,충주시,용산동,4313055000,13497,6583,6914,—,1.495,608,1718,2445,4778,2830,2222,9,6.7,5,3,1,0,0,0
충북,충주시,지현동,4313056000,4702,2354,2348,—,0.611,129,371,792,1396,1569,620,0,0.0,0,0,0,0,0,0
충북,충주시,문화동,4313057100,8415,4201,4214,—,1.078,178,499,1352,2362,3224,979,17,20.2,7,3,5,0,0,2
충북,충주시,호암.직동,4313058000,21946,10949,10997,—,14.295,1972,2708,5629,7369,2986,4667,18,8.2,9,6,2,0,0,0
충북,충주시,달천동,4313060500,4156,2212,1944,—,23.114,45,140,1162,931,1440,664,0,0.0,0,0,0,0,0,0
충북,충주시,봉방동,4313061000,8939,4613,4326,—,3.185,323,634,1816,2791,2530,1267,26,29.1,17,5,2,0,0,0
충북,충주시,칠금.금릉동,4313062500,13156,6426,6730,—,5.851,571,1293,2675,4434,2981,2068,29,22.0,16,8,5,0,0,0
충북,충주시,연수동,4313063000,33702,16697,17005,—,5.276,1501,3098,6934,11095,7873,5282,55,16.3,27,14,11,1,0,1
충북,충주시,목행.용탄동,4313064000,5998,3162,2836,—,13.423,280,570,1233,2047,1294,893,1,1.7,1,0,0,0,0,0
충북,제천시,봉양읍,4315025000,6415,3289,3126,—,143.432,139,274,665,1512,3010,476,1,1.6,0,1,0,0,0,0
충북,제천시,금성면,4315031000,1658,898,760,—,65.813,14,54,135,329,894,81,1,6.0,0,0,0,0,0,1
충북,제천시,청풍면,4315032000,1211,644,567,—,91.843,17,40,86,261,630,61,1,8.3,0,0,1,0,0,0
충북,제천시,수산면,4315033000,1969,1054,915,—,88.7,16,44,111,386,1107,82,0,0.0,0,0,0,0,0,0
충북,제천시,덕산면,4315034000,2045,1038,1007,—,109.727,41,143,131,389,1077,128,2,9.8,1,0,1,0,0,0
충북,제천시,한수면,4315035000,638,328,310,—,75.311,8,19,52,164,320,39,0,0.0,0,0,0,0,0,0
충북,제천시,백운면,4315036000,3252,1701,1551,—,133.621,48,124,229,652,1765,153,1,3.1,1,0,0,0,0,0
충북,제천시,송학면,4315038000,4536,2407,2129,—,72.402,81,164,531,977,2199,316,0,0.0,0,0,0,0,0,0
충북,제천시,교동,4315051000,20215,10007,10208,—,3.796,1367,2361,4292,6889,3739,3529,6,3.0,3,2,1,0,0,0
충북,제천시,의림지동,4315051800,9389,4686,4703,—,12.781,448,936,2117,2922,2180,1587,3,3.2,0,1,1,0,1,0
충북,제천시,중앙동,4315052800,4983,2473,2510,—,0.935,142,296,807,1344,1952,578,85,170.6,41,24,18,0,1,1
충북,제천시,남현동,4315053700,4370,2137,2233,—,0.879,107,256,729,1082,1765,496,31,70.9,17,6,8,0,0,0
충북,제천시,영서동,4315054700,9402,4675,4727,—,11.316,527,844,1613,2852,2767,1341,4,4.3,0,0,1,0,0,2
충북,제천시,용두동,4315056000,19870,10011,9859,—,14.776,1142,2132,5488,5643,3914,3661,14,7.0,7,4,2,0,0,0
충북,제천시,신백동,4315057700,9978,5014,4964,—,35.56,347,873,1834,3183,2755,1376,4,4.0,2,1,1,0,0,0
충북,제천시,청전동,4315059000,13971,7085,6886,—,2.813,355,847,2465,3846,5071,1678,19,13.6,8,5,4,1,0,1
충북,제천시,화산동,4315060500,13996,7118,6878,—,13.321,999,1407,2613,4449,3473,2180,2,1.4,1,1,0,0,0,0
충북,보은군,보은읍,4372025000,14597,7315,7282,—,62.214,687,1195,2297,4153,4787,1833,25,17.1,11,7,5,1,0,0
충북,보은군,속리산면,4372031500,1772,905,867,—,91.986,17,36,153,406,902,99,1,5.6,0,0,0,0,0,1
충북,보은군,장안면,4372032500,1451,798,653,—,29.06,52,79,207,420,570,136,0,0.0,0,0,0,0,0,0
충북,보은군,마로면,4372033000,2136,1044,1092,—,68.714,32,79,148,389,1204,124,3,14.0,1,0,2,0,0,0
충북,보은군,탄부면,4372034000,1619,821,798,—,31.536,25,33,130,314,926,82,0,0.0,0,0,0,0,0,0
충북,보은군,삼승면,4372035000,2218,1126,1092,—,28.211,33,80,281,480,1080,191,1,4.5,1,0,0,0,0,0
충북,보은군,수한면,4372036000,1840,948,892,—,48.985,28,76,143,358,1020,108,1,5.4,0,0,0,0,0,1
충북,보은군,회남면,4372037000,731,411,320,—,46.569,6,31,34,132,432,24,0,0.0,0,0,0,0,0,0
충북,보은군,회인면,4372038500,1749,896,853,—,53.846,26,79,120,299,965,84,0,0.0,0,0,0,0,0,0
충북,보은군,내북면,4372039000,1679,860,819,—,62.127,16,47,146,338,911,104,2,11.9,0,0,1,0,0,1
충북,보은군,산외면,4372040000,1757,954,803,—,58.351,26,46,133,381,904,96,0,0.0,0,0,0,0,0,0
충북,옥천군,옥천읍,4373025000,30282,15239,15043,—,47.626,1362,2917,5699,9628,8122,4573,53,17.5,26,12,11,0,1,3
충북,옥천군,동이면,4373031000,3055,1585,1470,—,59.887,44,95,244,711,1549,169,0,0.0,0,0,0,0,0,0
충북,옥천군,안남면,4373032000,1326,693,633,—,31.749,24,53,83,240,739,59,0,0.0,0,0,0,0,0,0
충북,옥천군,안내면,4373033000,1876,989,887,—,65.488,24,48,125,381,1061,81,0,0.0,0,0,0,0,0,0
충북,옥천군,청성면,4373034000,2292,1181,1111,—,83.622,23,46,122,408,1363,103,0,0.0,0,0,0,0,0,0
충북,옥천군,청산면,4373035000,2849,1408,1441,—,72.406,29,85,191,587,1622,147,3,10.5,1,1,0,0,0,0
충북,옥천군,이원면,4373036000,3918,2021,1897,—,66.536,60,120,370,823,2026,262,3,7.7,1,1,1,0,0,0
충북,옥천군,군서면,4373037000,2153,1139,1014,—,45.494,32,48,204,454,1137,144,0,0.0,0,0,0,0,0,0
충북,옥천군,군북면,4373038000,2979,1558,1421,—,66.221,42,86,275,722,1431,215,0,0.0,0,0,0,0,0,0
충북,영동군,영동읍,4374025000,19215,9559,9656,—,101.48,891,1792,3480,5845,5518,2784,47,24.5,24,10,10,1,0,2
충북,영동군,용산면,4374031000,3145,1661,1484,—,67.465,40,101,322,723,1530,209,1,3.2,0,0,1,0,0,0
충북,영동군,황간면,4374032000,3865,1956,1909,—,89.874,71,226,368,902,1829,290,4,10.3,2,0,2,0,0,0
충북,영동군,추풍령면,4374033500,2084,1046,1038,—,55.431,41,81,161,465,1069,116,0,0.0,0,0,0,0,0,0
충북,영동군,매곡면,4374034000,1740,909,831,—,45.171,31,56,145,378,922,89,0,0.0,0,0,0,0,0,0
충북,영동군,상촌면,4374035000,2142,1068,1074,—,138.33,22,73,139,415,1249,100,0,0.0,0,0,0,0,0,0
충북,영동군,양강면,4374036000,2903,1487,1416,—,81.978,45,114,327,668,1346,209,1,3.4,0,0,0,0,0,0
충북,영동군,용화면,4374037000,884,457,427,—,60.15,15,35,49,190,469,33,0,0.0,0,0,0,0,0,0
충북,영동군,학산면,4374038000,2554,1312,1242,—,72.969,34,70,160,508,1445,110,0,0.0,0,0,0,0,0,0
충북,영동군,양산면,4374039000,1685,852,833,—,58.709,20,53,121,366,903,84,0,0.0,0,0,0,0,0,0
충북,영동군,심천면,4374040000,2872,1485,1387,—,77.716,41,72,214,588,1592,158,0,0.0,0,0,0,0,0,0
충북,증평군,증평읍,4374525000,35151,18318,16833,—,54.895,2093,3360,7802,11042,8005,5662,46,13.1,21,12,11,1,0,1
충북,증평군,도안면,4374531000,1626,872,754,—,26.414,32,51,165,362,835,94,0,0.0,0,0,0,0,0,0
충북,진천군,진천읍,4375025000,30009,15571,14438,—,70.091,1343,2761,6317,10099,6850,4679,50,16.7,26,14,9,0,1,0
충북,진천군,덕산읍,4375025300,30762,16271,14491,—,34.493,3517,4087,7621,10860,3201,6571,19,6.2,9,5,4,1,0,0
충북,진천군,초평면,4375032000,2849,1508,1341,—,77.297,51,107,286,674,1393,200,0,0.0,0,0,0,0,0,0
충북,진천군,문백면,4375033000,3382,1832,1550,—,60.265,53,140,401,830,1525,249,1,3.0,0,0,0,0,0,0
충북,진천군,백곡면,4375034000,2005,1017,988,—,79.035,32,67,141,416,1088,103,1,5.0,0,0,1,0,0,0
충북,진천군,이월면,4375035000,6336,3413,2923,—,54.53,138,299,999,1762,2392,624,5,7.9,2,1,1,0,0,1
충북,진천군,광혜원면,4375037000,10306,5728,4578,—,29.812,391,944,2102,3662,2185,1424,13,12.6,5,5,3,0,0,0
충북,괴산군,괴산읍,4376025000,9418,4879,4539,—,48.264,414,776,1770,2825,2770,1324,19,20.2,8,6,3,2,0,0
충북,괴산군,감물면,4376031000,2014,1045,969,—,42.394,40,85,167,431,1011,135,0,0.0,0,0,0,0,0,0
충북,괴산군,장연면,4376032000,1955,1022,933,—,61.083,29,64,139,426,985,110,0,0.0,0,0,0,0,0,0
충북,괴산군,연풍면,4376033000,2223,1184,1039,—,92.886,36,62,171,479,1187,120,0,0.0,0,0,0,0,0,0
충북,괴산군,칠성면,4376034000,3198,1613,1585,—,101.784,91,116,321,846,1402,258,1,3.1,0,0,0,0,0,1
충북,괴산군,문광면,4376035000,2112,1108,1004,—,55.57,33,87,188,506,1031,127,1,4.7,0,0,0,0,0,0
충북,괴산군,청천면,4376036000,5274,2715,2559,—,207.807,93,177,380,1173,2668,300,1,1.9,0,0,1,0,0,0
충북,괴산군,청안면,4376037000,3390,1768,1622,—,70.397,105,103,313,756,1642,223,0,0.0,0,0,0,0,0,0
충북,괴산군,사리면,4376039000,2605,1348,1257,—,50.649,51,78,288,608,1261,196,0,0.0,0,0,0,0,0,0
충북,괴산군,소수면,4376040000,2301,1202,1099,—,46.396,69,86,188,524,1119,162,0,0.0,0,0,0,0,0,0
충북,괴산군,불정면,4376041000,2684,1407,1277,—,60.263,32,85,210,585,1394,154,1,3.7,0,0,1,0,0,0
충북,음성군,음성읍,4377025000,15292,7879,7413,—,85.792,475,1072,2309,4489,5298,1748,23,15.0,11,6,5,0,0,1
충북,음성군,금왕읍,4377025300,19292,10463,8829,—,71.08,729,1660,3577,6569,4842,2597,32,16.6,15,10,6,1,0,0
충북,음성군,대소읍,4377025600,21655,11737,9918,—,37.948,1343,1727,5173,7843,3600,3682,15,6.9,5,5,4,0,0,1
충북,음성군,소이면,4377031000,2682,1436,1246,—,49.157,33,81,237,542,1451,135,0,0.0,0,0,0,0,0,0
충북,음성군,원남면,4377032000,2935,1562,1373,—,64.513,36,170,220,589,1554,139,0,0.0,0,0,0,0,0,0
충북,음성군,맹동면,4377033000,14616,7736,6880,—,34.548,1040,1618,3935,4748,2383,2961,16,10.9,9,3,2,1,1,0
충북,음성군,삼성면,4377035000,5956,3357,2599,—,50.279,134,255,752,1665,2363,462,5,8.4,2,1,2,0,0,0
충북,음성군,생극면,4377036000,4229,2355,1874,—,55.819,80,187,479,1116,1824,298,2,4.7,0,0,0,0,0,0
충북,음성군,감곡면,4377037000,9457,4887,4570,—,68.876,279,670,1597,2577,3278,1135,8,8.5,3,3,2,0,0,0
충북,단양군,단양읍,4380025000,9875,5013,4862,—,75.568,438,846,1642,2968,2995,1300,15,15.2,4,6,4,0,0,1
충북,단양군,매포읍,4380025300,4613,2430,2183,—,65.601,105,272,602,1278,1870,405,3,6.5,2,1,0,0,0,0
충북,단양군,대강면,4380031000,2286,1129,1157,—,133.074,31,76,145,468,1227,129,0,0.0,0,0,0,0,0,0
충북,단양군,가곡면,4380032000,1933,1034,899,—,103.41,20,66,142,406,1016,96,0,0.0,0,0,0,0,0,0
충북,단양군,영춘면,4380033000,2992,1433,1559,—,179.894,47,113,176,720,1543,185,1,3.3,1,0,0,0,0,0
충북,단양군,어상천면,4380034000,1809,991,818,—,73.564,18,42,106,355,1008,71,0,0.0,0,0,0,0,0,0
충북,단양군,적성면,4380035000,1437,750,687,—,72.618,19,14,90,273,826,70,0,0.0,0,0,0,0,0,0
충북,단양군,단성면,4380036000,1536,778,758,—,73.117,16,58,128,296,821,92,0,0.0,0,0,0,0,0,0
충남,천안동남구,목천읍,4413125000,21688,11120,10568,—,62.868,647,1907,3926,7654,5464,3097,15,6.9,5,5,3,0,0,2
충남,천안동남구,풍세면,4413131000,10604,5623,4981,—,30.433,766,586,2944,3201,2245,1945,3,2.8,1,1,1,0,0,0
충남,천안동남구,광덕면,4413132000,3942,1986,1956,—,80.228,51,129,419,937,1873,314,0,0.0,0,0,0,0,0,0
충남,천안동남구,북면,4413133000,3984,2086,1898,—,57.854,59,138,467,1044,1733,334,2,5.0,1,0,1,0,0,0
충남,천안동남구,성남면,4413134000,2718,1446,1272,—,33.056,36,95,282,642,1331,200,0,0.0,0,0,0,0,0,0
충남,천안동남구,수신면,4413135000,1981,1108,873,—,26.327,16,57,241,472,954,122,0,0.0,0,0,0,0,0,0
충남,천안동남구,병천면,4413136000,5870,3242,2628,—,54.939,106,338,1092,1630,2076,575,11,18.7,4,3,4,0,0,0
충남,천안동남구,동면,4413137000,1870,1026,844,—,42.739,11,32,143,381,1023,82,0,0.0,0,0,0,0,0,0
충남,천안동남구,중앙동,4413151000,4341,2292,2049,—,0.773,117,165,739,1194,1658,499,29,66.8,10,6,11,0,0,2
충남,천안동남구,문성동,4413152000,7883,3969,3914,—,0.621,615,665,2391,2381,1314,1758,10,12.7,5,2,2,0,0,0
충남,천안동남구,원성1동,4413153000,7469,3867,3602,—,7.244,215,453,1422,2201,2348,981,5,6.7,1,1,1,1,0,1
충남,천안동남구,원성2동,4413154000,8433,4310,4123,—,0.85,152,480,1596,2511,2867,1075,14,16.6,5,2,6,0,0,1
충남,천안동남구,봉명동,4413155000,17076,8755,8321,—,1.563,807,1240,4614,5523,3537,3232,6,3.5,3,1,1,0,1,0
충남,천안동남구,일봉동,4413156000,24216,12048,12168,—,2.501,1245,3035,5246,8493,4195,4428,1,0.4,0,1,0,0,0,0
충남,천안동남구,신방동,4413157000,42692,21944,20748,—,5.388,2293,5365,10952,15601,5539,8516,45,10.5,23,11,11,0,0,0
충남,천안동남구,청룡동,4413158000,59947,29905,30042,—,16.781,4946,7105,15059,20406,8517,12321,55,9.2,22,16,10,1,1,4
충남,천안동남구,신안동,4413159000,39158,18980,20178,—,11.401,2031,3214,14041,10523,6592,9513,109,27.8,60,28,16,2,0,0
충남,천안서북구,성환읍,4413325000,21364,11109,10255,—,56.969,483,1636,3838,6530,6859,2716,27,12.6,11,8,8,0,0,0
충남,천안서북구,성거읍,4413325300,21265,11254,10011,—,31.579,1033,1943,4550,7648,4282,3495,22,10.3,9,7,6,0,0,0
충남,천안서북구,직산읍,4413325600,18933,10474,8459,—,30.321,816,1477,4323,6753,3872,2911,7,3.7,4,0,1,0,0,1
충남,천안서북구,입장면,4413331000,7298,3966,3332,—,42.425,109,339,1090,2125,2755,652,10,13.7,4,3,3,0,0,0
충남,천안서북구,성정1동,4413351000,16768,8911,7857,—,1.428,608,965,4461,5460,3759,2967,12,7.2,6,3,2,1,0,0
충남,천안서북구,성정2동,4413352000,24484,13884,10600,—,2.119,457,911,10557,7420,3563,5898,54,22.1,28,9,11,2,0,1
충남,천안서북구,쌍용1동,4413353000,12208,5998,6210,—,0.823,373,998,3297,3573,2886,2308,39,31.9,18,9,8,1,1,0
충남,천안서북구,쌍용2동,4413354000,33619,16452,17167,—,1.862,1568,3730,9260,11218,5012,6904,60,17.8,31,13,10,3,0,2
충남,천안서북구,쌍용3동,4413355000,16725,8071,8654,—,1.585,665,1754,4031,5473,3330,3016,23,13.8,9,5,8,0,0,0
충남,천안서북구,백석동,4413356000,40284,20280,20004,—,4.522,3316,6334,9738,14828,3830,8593,39,9.7,19,11,5,1,0,2
충남,천안서북구,불당1동,4413356600,31494,15804,15690,—,2.298,2591,4121,9330,11417,2276,7369,34,10.8,11,12,8,1,0,1
충남,천안서북구,불당2동,4413356700,37267,18612,18655,—,2.272,4192,6581,9666,14104,1558,9616,103,27.6,52,21,17,7,0,0
충남,천안서북구,부성1동,4413358000,57009,29537,27472,—,12.011,3939,4600,22554,17485,5273,14436,29,5.1,10,9,9,0,0,0
충남,천안서북구,부성2동,4413359000,63994,33876,30118,—,6.717,7942,7672,20345,21778,3780,15592,61,9.5,29,19,9,3,0,0
충남,공주시,유구읍,4415025000,6767,3440,3327,—,100.704,120,338,593,1586,3345,453,12,17.7,5,4,3,0,0,0
충남,공주시,이인면,4415031000,2835,1485,1350,—,61.894,25,112,246,601,1490,166,0,0.0,0,0,0,0,0,0
충남,공주시,탄천면,4415032000,2639,1405,1234,—,64.324,37,99,255,526,1439,162,1,3.8,0,0,0,0,0,1
충남,공주시,계룡면,4415033000,4973,2560,2413,—,83.205,82,193,427,1127,2520,317,3,6.0,2,0,1,0,0,0
충남,공주시,반포면,4415034000,3941,2080,1861,—,59.933,59,168,437,1080,1651,334,3,7.6,0,0,2,0,0,0
충남,공주시,의당면,4415036000,4222,2224,1998,—,51.279,69,227,606,1193,1606,414,0,0.0,0,0,0,0,0,0
충남,공주시,정안면,4415037000,4426,2420,2006,—,108.159,64,318,381,881,2263,251,2,4.5,1,0,0,0,0,1
충남,공주시,우성면,4415038000,4751,2528,2223,—,78.965,101,189,448,1154,2319,328,1,2.1,0,0,0,0,0,1
충남,공주시,사곡면,4415039000,2626,1344,1282,—,79.717,32,127,203,600,1369,171,0,0.0,0,0,0,0,0,0
충남,공주시,신풍면,4415040000,3024,1414,1610,—,79.808,66,89,219,692,1580,204,1,3.3,0,0,0,0,0,0
충남,공주시,중학동,4415051000,4126,2107,2019,—,1.586,106,382,871,1045,1384,543,20,48.5,8,6,6,0,0,0
충남,공주시,웅진동,4415054000,7072,3457,3615,—,6.541,255,507,1227,2128,2338,995,39,55.1,22,6,10,0,1,0
충남,공주시,금학동,4415055000,5236,2504,2732,—,30.221,144,551,1226,1452,1417,1025,5,9.5,1,0,0,0,0,2
충남,공주시,옥룡동,4415056000,6866,3368,3498,—,21.017,159,411,992,1935,2611,752,2,2.9,1,0,1,0,0,0
충남,공주시,신관동,4415057000,19672,9282,10390,—,9.134,738,2054,6019,5553,3961,4322,42,21.4,21,11,7,0,0,2
충남,공주시,월송동,4415059000,16305,8048,8257,—,23.356,1338,1984,3722,5338,2839,3159,8,4.9,2,2,3,0,0,0
충남,보령시,웅천읍,4418025000,5336,2712,2624,—,64.501,64,187,464,1244,2791,329,9,16.9,5,2,2,0,0,0
충남,보령시,주포면,4418031000,1438,744,694,—,13.132,17,56,155,331,725,98,0,0.0,0,0,0,0,0,0
충남,보령시,오천면,4418032000,1931,1068,863,—,64.953,11,80,167,501,951,122,0,0.0,0,0,0,0,0,0
충남,보령시,오천면어항출장소,4418032500,1389,757,632,—,—,30,71,133,384,614,93,—,—,—,—,—,—,—,—
충남,보령시,원산출장소,4418032900,973,512,461,—,—,14,54,70,237,477,48,—,—,—,—,—,—,—,—
충남,보령시,천북면,4418033000,3068,1616,1452,—,70.3,56,115,243,698,1627,171,2,6.5,1,0,1,0,0,0
충남,보령시,청소면,4418034000,2221,1130,1091,—,40.796,19,73,152,429,1281,101,0,0.0,0,0,0,0,0,0
충남,보령시,청라면,4418035000,3360,1694,1666,—,69.648,49,144,298,701,1780,204,1,3.0,0,0,0,0,0,1
충남,보령시,남포면,4418036000,4649,2354,2295,—,48.859,93,162,454,1033,2343,313,0,0.0,0,0,0,0,0,0
충남,보령시,주산면,4418038000,2112,1055,1057,—,41.401,17,52,125,398,1288,93,0,0.0,0,0,0,0,0,0
충남,보령시,미산면,4418039000,1590,825,765,—,65.353,32,44,93,295,937,76,0,0.0,0,0,0,0,0,0
충남,보령시,성주면,4418040000,1845,923,922,—,41.085,30,76,165,466,887,137,0,0.0,0,0,0,0,0,0
충남,보령시,주교면,4418041000,4700,2446,2254,—,37.51,90,267,499,1317,2028,386,0,0.0,0,0,0,0,0,0
충남,보령시,대천1동,4418051500,12135,6117,6018,—,5.099,485,1114,2235,3901,3369,1736,27,22.2,11,6,8,1,1,0
충남,보령시,대천2동,4418052500,6560,3272,3288,—,4.406,295,555,1216,2176,1767,930,48,73.2,24,11,12,0,0,1
충남,보령시,대천3동,4418053500,15031,7540,7491,—,8.23,996,1736,3211,5169,2837,2675,21,14.0,11,6,3,0,0,0
충남,보령시,대천4동,4418054500,17082,8478,8604,—,7.427,1277,1787,3673,5632,3485,3000,9,5.3,5,1,2,1,0,0
충남,보령시,대천5동,4418056500,5615,2925,2690,—,23.305,134,263,681,1516,2357,473,1,1.8,1,0,0,0,0,0
충남,아산시,염치읍,4420025000,5570,2895,2675,—,43.388,128,325,751,1589,2148,554,0,0.0,0,0,0,0,0,0
충남,아산시,배방읍,4420025300,99072,51009,48063,—,48.701,9028,12064,30303,32700,10243,23070,80,8.1,37,18,14,5,0,1
충남,아산시,송악면,4420031000,3880,1993,1887,—,61.171,92,298,388,1075,1597,362,2,5.2,1,0,1,0,0,0
충남,아산시,탕정면,4420033000,47327,25012,22315,—,24.698,6529,7551,12945,16607,2363,11443,56,11.8,30,16,8,1,0,0
충남,아산시,음봉면,4420035000,22923,12491,10432,—,58.949,2050,2396,5895,7538,3585,4290,5,2.2,2,1,1,0,0,0
충남,아산시,둔포면,4420036000,23635,13452,10183,—,41.361,2129,2110,5796,8139,3934,4107,23,9.7,10,7,6,0,0,0
충남,아산시,영인면,4420037000,5059,2701,2358,—,55.162,109,212,596,1182,2365,391,2,4.0,1,0,1,0,0,0
충남,아산시,인주면,4420038000,5245,2986,2259,—,43.269,83,239,727,1586,2026,411,5,9.5,2,1,2,0,0,0
충남,아산시,선장면,4420039000,2703,1396,1307,—,38.108,24,70,230,557,1516,170,0,0.0,0,0,0,0,0,0
충남,아산시,도고면,4420040000,4125,2165,1960,—,44.03,80,127,440,935,2055,289,3,7.3,1,0,0,0,0,2
충남,아산시,신창면,4420041000,22579,11823,10756,—,38.895,1026,2148,5066,7610,4854,3773,11,4.9,6,2,3,0,0,0
충남,아산시,온양1동,4420057000,9217,4932,4285,—,1.534,537,687,2382,2936,2003,1698,67,72.7,37,15,14,0,0,0
충남,아산시,온양2동,4420058000,9565,5159,4406,—,0.556,220,554,2341,2827,2775,1332,33,34.5,12,13,4,1,0,3
충남,아산시,온양3동,4420059000,41797,20931,20866,—,6.385,2986,5567,9828,14824,6090,8342,41,9.8,18,14,7,2,0,0
충남,아산시,온양4동,4420060000,15079,7630,7449,—,9.923,555,1568,2865,5275,3529,2335,6,4.0,1,5,0,0,0,0
충남,아산시,온양5동,4420061000,22289,11414,10875,—,12.999,1204,2605,5125,8010,3589,4031,4,1.8,1,1,2,0,0,0
충남,아산시,온양6동,4420062000,25234,12560,12674,—,10.937,1578,2916,4855,9068,4897,4504,16,6.3,9,5,1,0,1,0
충남,서산시,대산읍,4421025000,11805,6967,4838,—,113.838,365,747,2331,3865,3230,1125,10,8.5,4,3,3,0,0,0
충남,서산시,인지면,4421031000,6886,3521,3365,—,35.191,237,588,850,2147,2355,740,0,0.0,0,0,0,0,0,0
충남,서산시,부석면,4421032000,4942,2535,2407,—,111.96,57,158,346,1015,2806,234,0,0.0,0,0,0,0,0,0
충남,서산시,팔봉면,4421033000,3177,1626,1551,—,50.153,31,76,202,660,1827,161,0,0.0,0,0,0,0,0,0
충남,서산시,지곡면,4421034000,7477,4039,3438,—,59.855,257,691,1040,2364,2402,793,0,0.0,0,0,0,0,0,0
충남,서산시,성연면,4421036000,16956,8948,8008,—,45.876,2325,1906,4651,5379,1791,3587,7,4.1,3,2,2,0,0,0
충남,서산시,음암면,4421037000,8826,4549,4277,—,44.254,222,620,1162,2682,3162,924,1,1.1,1,0,0,0,0,0
충남,서산시,운산면,4421038000,4810,2478,2332,—,81.091,70,191,368,1101,2559,304,3,6.2,2,0,1,0,0,0
충남,서산시,해미면,4421039000,7054,3666,3388,—,65.763,106,388,1161,1747,2910,709,13,18.4,5,4,4,0,0,0
충남,서산시,고북면,4421040000,5400,2878,2522,—,64.428,184,279,1036,1275,2229,530,1,1.9,1,0,0,0,0,0
충남,서산시,부춘동,4421051000,17259,9014,8245,—,9.416,841,1659,4043,5835,3487,2870,8,4.6,3,2,3,0,0,0
충남,서산시,동문1동,4421052500,16735,8722,8013,—,7.578,797,1904,3030,5963,3684,2473,0,0.0,0,0,0,0,0,0
충남,서산시,동문2동,4421053500,7982,4123,3859,—,1.258,292,731,1581,2576,2156,1133,121,151.6,61,37,21,1,0,0
충남,서산시,수석동,4421054000,17224,8846,8378,—,8.639,1074,2208,3817,5805,3159,3032,3,1.7,1,0,0,0,2,0
충남,서산시,석남동,4421055000,34247,17524,16723,—,28.365,3034,4414,8463,11824,4521,6747,15,4.4,4,7,3,0,0,1
충남,논산시,강경읍,4423025000,6849,3356,3493,—,6.858,146,407,832,1753,3011,643,16,23.4,7,3,4,0,0,2
충남,논산시,연무읍,4423025300,12127,6156,5971,—,58.358,574,908,1929,3216,4441,1419,15,12.4,6,3,4,1,0,1
충남,논산시,성동면,4423031000,3607,1839,1768,—,34.654,80,134,322,740,1894,226,1,2.8,1,0,0,0,0,0
충남,논산시,광석면,4423032000,3683,1906,1777,—,34.243,60,160,350,832,1856,243,0,0.0,0,0,0,0,0,0
충남,논산시,노성면,4423033000,2590,1352,1238,—,35.42,58,103,309,575,1272,188,0,0.0,0,0,0,0,0,0
충남,논산시,상월면,4423034000,3179,1593,1586,—,44.182,34,114,279,776,1587,248,2,6.3,0,0,1,0,0,1
충남,논산시,부적면,4423035000,3174,1617,1557,—,30.028,50,127,289,749,1592,214,1,3.2,0,0,0,0,0,1
충남,논산시,연산면,4423036000,5497,2857,2640,—,54.388,90,249,467,1239,2741,340,10,18.2,3,2,3,0,0,1
충남,논산시,벌곡면,4423038000,2198,1134,1064,—,68.748,32,56,151,474,1234,109,1,4.5,1,0,0,0,0,0
충남,논산시,양촌면,4423039000,5673,2907,2766,—,76.787,277,343,845,1326,2319,569,6,10.6,3,2,1,0,0,0
충남,논산시,가야곡면,4423040000,3020,1545,1475,—,46.013,34,88,273,627,1657,175,0,0.0,0,0,0,0,0,0
충남,논산시,은진면,4423041000,3624,1954,1670,—,22.159,57,167,552,925,1554,310,0,0.0,0,0,0,0,0,0
충남,논산시,채운면,4423042000,1954,956,998,—,19.787,43,100,170,415,1020,150,0,0.0,0,0,0,0,0,0
충남,논산시,취암동,4423051000,33037,16528,16509,—,10.433,2080,3596,7551,10894,6519,6049,101,30.6,50,26,19,1,1,3
충남,논산시,부창동,4423052000,15443,7387,8056,—,7.936,872,1558,2739,4973,3952,2342,11,7.1,2,2,6,0,0,1
충남,계룡시,두마면,4425031000,13998,6904,7094,—,12.395,1217,1618,3192,4925,2099,2810,1,0.7,1,0,0,0,0,0
충남,계룡시,엄사면,4425031500,16542,8082,8460,—,17.922,613,1798,3069,5592,3934,2472,32,19.3,13,9,9,0,0,1
충남,계룡시,신도안면,4425033000,7527,3937,3590,—,26.858,1046,1667,1807,2840,123,1828,3,4.0,1,1,1,0,0,0
충남,계룡시,금암동,4425051000,7870,3900,3970,—,2.942,322,890,1524,2735,1738,1299,19,24.1,8,5,4,1,0,0
충남,당진시,합덕읍,4427025000,7414,3939,3475,—,51.475,119,394,766,1963,3386,551,14,18.9,6,4,3,1,0,0
충남,당진시,송악읍,4427025300,29506,16684,12822,—,79.963,2036,3215,5147,10973,5784,4432,22,7.5,11,5,6,0,0,0
충남,당진시,고대면,4427031000,5885,3305,2580,—,62.727,83,203,725,1567,2668,425,4,6.8,2,0,1,0,0,1
충남,당진시,석문면,4427032000,7802,4581,3221,—,103.13,134,312,1034,2355,2943,584,3,3.8,2,0,1,0,0,0
충남,당진시,대호지면,4427033000,2127,1100,1027,—,67.013,25,59,149,393,1271,102,0,0.0,0,0,0,0,0,0
충남,당진시,정미면,4427034000,3352,1750,1602,—,49.075,41,115,389,752,1672,242,0,0.0,0,0,0,0,0,0
충남,당진시,면천면,4427035000,3174,1636,1538,—,39.055,25,131,289,760,1587,190,0,0.0,0,0,0,0,0,0
충남,당진시,순성면,4427036000,4485,2324,2161,—,44.038,73,195,416,1079,2202,283,1,2.2,1,0,0,0,0,0
충남,당진시,우강면,4427037000,5015,2508,2507,—,39.999,105,279,583,1260,2295,443,1,2.0,1,0,0,0,0,0
충남,당진시,신평면,4427038000,13872,7164,6708,—,50.45,557,1728,1946,4593,3806,1839,13,9.4,5,4,3,0,0,1
충남,당진시,송산면,4427039000,10876,6543,4333,—,67.95,385,841,2099,3961,2638,1245,2,1.8,0,1,1,0,0,0
충남,당진시,당진1동,4427051000,41647,22090,19557,—,5.855,4945,4542,12319,13589,4276,8885,110,26.4,57,28,19,2,0,1
충남,당진시,당진2동,4427052000,21861,11234,10627,—,30.175,1712,2693,5031,7382,3590,4124,0,0.0,0,0,0,0,0,0
충남,당진시,당진3동,4427053000,15407,7936,7471,—,14.716,704,2246,3151,5833,2399,2686,2,1.3,0,1,0,0,1,0
충남,금산군,금산읍,4471025000,22180,10904,11276,—,21.466,997,2308,3486,7038,6527,3068,53,23.9,28,10,13,1,0,1
충남,금산군,금성면,4471031000,2998,1585,1413,—,34.662,45,107,259,734,1493,188,1,3.3,0,0,1,0,0,0
충남,금산군,제원면,4471032000,2667,1412,1255,—,64.47,41,97,232,572,1379,150,2,7.5,1,0,1,0,0,0
충남,금산군,부리면,4471033000,2284,1176,1108,—,65.936,19,68,130,473,1329,106,0,0.0,0,0,0,0,0,0
충남,금산군,군북면,4471034000,2300,1194,1106,—,58.678,48,96,160,527,1190,143,0,0.0,0,0,0,0,0,0
충남,금산군,남일면,4471035000,2773,1415,1358,—,46.979,55,480,220,533,1224,175,1,3.6,0,0,0,0,0,1
충남,금산군,남이면,4471036000,1943,1016,927,—,96.478,25,128,102,422,1002,93,0,0.0,0,0,0,0,0,0
충남,금산군,진산면,4471037000,3064,1553,1511,—,80.529,41,105,240,715,1535,201,1,3.3,1,0,0,0,0,0
충남,금산군,복수면,4471038000,2794,1490,1304,—,56.614,50,103,254,654,1372,199,0,0.0,0,0,0,0,0,0
충남,금산군,추부면,4471039000,5746,3069,2677,—,48.948,114,380,872,1412,2242,565,9,15.7,5,1,3,0,0,0
충남,부여군,부여읍,4476025000,17204,8500,8704,—,58.971,505,1379,2675,4908,6142,2108,52,30.2,22,16,11,1,0,1
충남,부여군,규암면,4476031000,11194,5512,5682,—,44.654,541,1103,1939,3359,3277,1649,2,1.8,0,0,1,0,0,1
충남,부여군,은산면,4476032000,3495,1769,1726,—,69.959,62,167,299,788,1834,235,1,2.9,1,0,0,0,0,0
충남,부여군,외산면,4476033000,2103,1025,1078,—,55.726,20,78,122,392,1255,105,1,4.8,1,0,0,0,0,0
충남,부여군,내산면,4476034000,1427,720,707,—,40.739,24,56,92,251,826,72,0,0.0,0,0,0,0,0,0
충남,부여군,구룡면,4476035000,2129,1056,1073,—,21.954,26,84,181,471,1150,130,0,0.0,0,0,0,0,0,0
충남,부여군,홍산면,4476036000,2508,1231,1277,—,24.054,48,108,205,497,1395,159,6,23.9,3,2,1,0,0,0
충남,부여군,옥산면,4476037000,1299,633,666,—,25.288,13,40,87,246,778,70,0,0.0,0,0,0,0,0,0
충남,부여군,남면,4476038000,1662,798,864,—,20.599,29,65,121,301,983,99,0,0.0,0,0,0,0,0,0
충남,부여군,충화면,4476039000,1038,552,486,—,36.871,13,24,64,171,641,37,0,0.0,0,0,0,0,0,0
충남,부여군,양화면,4476040000,1487,713,774,—,32.458,17,42,77,253,965,64,0,0.0,0,0,0,0,0,0
충남,부여군,임천면,4476041000,2518,1239,1279,—,41.572,47,101,195,499,1419,137,1,4.0,1,0,0,0,0,0
충남,부여군,장암면,4476042000,2412,1221,1191,—,48.353,39,102,174,498,1351,138,1,4.1,0,0,0,0,0,0
충남,부여군,세도면,4476043000,2753,1429,1324,—,42.249,54,108,211,585,1509,151,0,0.0,0,0,0,0,0,0
충남,부여군,석성면,4476044000,2530,1357,1173,—,31.001,44,161,221,636,1181,167,1,4.0,1,0,0,0,0,0
충남,부여군,초촌면,4476045000,1832,960,872,—,27.649,24,77,116,389,1035,92,1,5.5,0,0,0,0,0,1
충남,서천군,장항읍,4477025000,10301,5246,5055,—,19.365,334,692,1638,2962,3774,1201,12,11.6,4,3,5,0,0,0
충남,서천군,서천읍,4477025300,12330,6041,6289,—,27.645,559,1205,1885,3604,4008,1558,36,29.2,19,10,6,1,0,0
충남,서천군,마서면,4477031000,4335,2173,2162,—,38.21,69,199,353,1017,2231,274,1,2.3,0,0,0,0,0,1
충남,서천군,화양면,4477032000,1992,984,1008,—,33.419,42,45,142,354,1229,104,1,5.0,0,0,0,0,0,1
충남,서천군,기산면,4477033000,1440,727,713,—,20.58,15,47,90,275,848,70,1,6.9,0,0,0,0,0,1
충남,서천군,한산면,4477034000,2217,1049,1168,—,24.449,41,84,155,468,1262,131,2,9.0,1,0,1,0,0,0
충남,서천군,마산면,4477035000,1365,664,701,—,26.22,27,56,105,227,793,76,0,0.0,0,0,0,0,0,0
충남,서천군,시초면,4477036000,1105,550,555,—,18.708,14,23,70,179,680,54,0,0.0,0,0,0,0,0,0
충남,서천군,문산면,4477037000,1153,585,568,—,28.118,16,37,61,189,713,53,0,0.0,0,0,0,0,0,0
충남,서천군,판교면,4477038000,1870,924,946,—,39.725,26,45,117,325,1136,84,1,5.3,0,0,0,0,0,0
충남,서천군,종천면,4477039000,1940,961,979,—,25.941,24,61,132,394,1145,102,1,5.2,0,0,0,0,0,1
충남,서천군,비인면,4477040000,2684,1330,1354,—,31.878,49,70,221,535,1465,160,3,11.2,2,0,1,0,0,0
충남,서천군,서면,4477041000,3857,1998,1859,—,34.833,81,192,379,1002,1766,299,2,5.2,2,0,0,0,0,0
충남,청양군,청양읍,4479025000,10367,5370,4997,—,36.077,419,1016,2154,2790,3088,1452,22,21.2,7,6,7,0,0,2
충남,청양군,운곡면,4479031000,1996,1011,985,—,46.772,24,70,184,385,1077,116,0,0.0,0,0,0,0,0,0
충남,청양군,대치면,4479032000,2167,1125,1042,—,75.515,43,75,200,487,1066,143,0,0.0,0,0,0,0,0,0
충남,청양군,정산면,4479033000,3540,1848,1692,—,62.009,97,277,417,921,1449,290,4,11.3,2,1,1,0,0,0
충남,청양군,목면,4479034000,1414,743,671,—,34.614,40,59,132,301,681,88,0,0.0,0,0,0,0,0,0
충남,청양군,청남면,4479035000,1765,925,840,—,36.011,44,74,135,411,909,103,0,0.0,0,0,0,0,0,0
충남,청양군,장평면,4479036000,2212,1131,1081,—,50.07,43,81,165,491,1199,130,0,0.0,0,0,0,0,0,0
충남,청양군,남양면,4479037000,2553,1275,1278,—,57.417,40,80,229,517,1388,168,0,0.0,0,0,0,0,0,0
충남,청양군,화성면,4479038000,1991,1015,976,—,42.209,24,74,159,419,1107,104,0,0.0,0,0,0,0,0,0
충남,청양군,비봉면,4479039000,2005,1013,992,—,37.622,28,58,162,437,1066,117,0,0.0,0,0,0,0,0,0
충남,홍성군,홍성읍,4480025000,33777,16781,16996,—,30.201,1398,3215,6238,10700,9182,4862,68,20.1,33,15,14,0,1,2
충남,홍성군,광천읍,4480025300,7039,3434,3605,—,34.982,129,379,573,1505,3698,427,10,14.2,2,4,4,0,0,0
충남,홍성군,홍북읍,4480025600,38951,19610,19341,—,44.442,4167,5086,10386,12966,4474,8683,30,7.7,13,10,7,0,0,0
충남,홍성군,금마면,4480032000,3172,1620,1552,—,33.979,47,102,265,716,1674,172,0,0.0,0,0,0,0,0,0
충남,홍성군,홍동면,4480033000,3180,1616,1564,—,37.661,68,236,282,703,1536,223,1,3.1,1,0,0,0,0,0
충남,홍성군,장곡면,4480034000,2631,1289,1342,—,54.304,47,94,183,524,1486,139,0,0.0,0,0,0,0,0,0
충남,홍성군,은하면,4480035000,1945,1029,916,—,31.244,13,50,141,361,1187,90,1,5.1,0,0,0,0,0,1
충남,홍성군,결성면,4480036000,1889,935,954,—,29.632,17,60,119,326,1135,86,0,0.0,0,0,0,0,0,0
충남,홍성군,서부면,4480037000,2893,1437,1456,—,60.844,33,107,196,583,1626,160,0,0.0,0,0,0,0,0,0
충남,홍성군,갈산면,4480038000,3201,1628,1573,—,56.323,38,104,271,604,1799,160,4,12.5,2,1,1,0,0,0
충남,홍성군,구항면,4480039000,3136,1606,1530,—,37.091,41,111,265,708,1618,197,0,0.0,0,0,0,0,0,0
충남,예산군,예산읍,4481025000,28824,14271,14553,—,42.731,932,2584,4527,8508,9588,3658,62,21.5,29,17,13,2,1,0
충남,예산군,삽교읍,4481025300,19016,9503,9513,—,49.281,1832,1629,4670,5594,4011,3606,8,4.2,4,2,2,0,0,0
충남,예산군,대술면,4481031000,2160,1127,1033,—,60.348,19,47,143,446,1242,108,0,0.0,0,0,0,0,0,0
충남,예산군,신양면,4481032000,2799,1437,1362,—,61.524,29,92,221,623,1530,164,0,0.0,0,0,0,0,0,0
충남,예산군,광시면,4481033000,2749,1417,1332,—,57.944,33,87,190,578,1502,140,1,3.6,1,0,0,0,0,0
충남,예산군,대흥면,4481034000,1628,846,782,—,35.29,21,40,102,319,976,78,0,0.0,0,0,0,0,0,0
충남,예산군,응봉면,4481035000,2165,1117,1048,—,26.853,20,91,209,493,1091,141,0,0.0,0,0,0,0,0,0
충남,예산군,덕산면,4481036000,5939,2921,3018,—,59.599,107,279,593,1502,2720,475,6,10.1,2,2,2,0,0,0
충남,예산군,봉산면,4481037000,2294,1172,1122,—,35.422,35,111,214,522,1170,168,0,0.0,0,0,0,0,0,0
충남,예산군,고덕면,4481038000,3901,2022,1879,—,44.216,48,167,334,876,2047,219,5,12.8,3,1,1,0,0,0
충남,예산군,신암면,4481039000,3015,1565,1450,—,34.34,26,89,244,665,1667,149,0,0.0,0,0,0,0,0,0
충남,예산군,오가면,4481040000,3643,1916,1727,—,31.953,33,140,292,823,1923,199,0,0.0,0,0,0,0,0,0
충남,태안군,태안읍,4482525000,28484,14436,14048,—,84.698,1344,2520,4922,8583,8543,3940,44,15.4,21,12,8,0,0,1
충남,태안군,안면읍,4482525300,7568,3803,3765,—,121.473,154,379,663,2027,3555,597,9,11.9,4,2,3,0,0,0
충남,태안군,고남면,4482531000,2187,1079,1108,—,32.971,46,81,162,520,1134,126,0,0.0,0,0,0,0,0,0
충남,태안군,남면,4482532000,4079,2092,1987,—,65.488,62,137,473,937,2004,281,0,0.0,0,0,0,0,0,0
충남,태안군,근흥면,4482533000,5209,2692,2517,—,61.899,64,136,404,1170,2759,274,0,0.0,0,0,0,0,0,0
충남,태안군,소원면,4482534000,5076,2514,2562,—,79.733,54,146,308,1139,2810,264,1,2.0,1,0,0,0,0,0
충남,태안군,원북면,4482535000,4150,2156,1994,—,79.058,48,143,465,884,2125,264,2,4.8,1,0,1,0,0,0
충남,태안군,이원면,4482536000,2105,1088,1017,—,47.621,27,77,143,460,1176,125,0,0.0,0,0,0,0,0,0
경북,포항남구,구룡포읍,4711125000,6509,3248,3261,—,46.57,68,170,540,1552,3418,412,8,12.3,3,2,3,0,0,0
경북,포항남구,연일읍,4711125300,26511,13386,13125,—,35.922,1021,3123,4532,9086,6184,4008,21,7.9,8,5,7,0,0,1
경북,포항남구,오천읍,4711125600,55838,30088,25750,—,69.757,3480,6142,13151,19499,9659,9624,63,11.3,31,16,15,0,0,1
경북,포항남구,대송면,4711131000,2856,1530,1326,—,32.139,23,78,284,616,1471,188,1,3.5,1,0,0,0,0,0
경북,포항남구,동해면,4711132000,8838,4442,4396,—,44.619,278,630,1349,2454,3202,1021,4,4.5,2,1,1,0,0,0
경북,포항남구,장기면,4711133000,3558,1767,1791,—,100.792,31,86,225,730,2098,176,2,5.6,1,0,1,0,0,0
경북,포항남구,호미곶면,4711135000,1603,772,831,—,19.814,15,50,90,358,903,79,1,6.2,1,0,0,0,0,0
경북,포항남구,상대동,4711152500,21662,11328,10334,—,3.535,531,1208,4370,6163,7283,2818,49,22.6,27,9,7,1,1,1
경북,포항남구,해도동,4711154500,14934,7668,7266,—,2.037,269,627,2146,4141,6134,1457,21,14.1,5,7,7,0,0,2
경북,포항남구,송도동,4711155000,10555,5246,5309,—,1.792,184,470,1256,2694,4835,951,8,7.6,3,2,2,0,0,1
경북,포항남구,청림동,4711156000,4366,2408,1958,—,4.817,128,189,1074,1036,1543,516,3,6.9,1,0,1,1,0,0
경북,포항남구,제철동,4711157000,2250,1243,1007,—,19.868,58,164,520,634,637,270,4,17.8,2,1,1,0,0,0
경북,포항남구,효곡동,4711158000,28602,14579,14023,—,5.808,2696,4553,5414,9852,4214,5320,28,9.8,8,12,8,0,0,0
경북,포항남구,대이동,4711159000,22969,11688,11281,—,5.045,1416,2396,5459,8188,3607,4138,45,19.6,20,14,8,0,2,0
경북,포항북구,흥해읍,4711325000,60402,30364,30038,—,106.613,5568,5359,14848,18764,11081,11209,38,6.3,18,8,9,0,0,3
경북,포항북구,신광면,4711331000,2707,1374,1333,—,79.706,34,78,186,505,1555,129,0,0.0,0,0,0,0,0,0
경북,포항북구,청하면,4711332000,4167,2059,2108,—,77.919,45,145,364,956,2143,271,5,12.0,2,0,3,0,0,0
경북,포항북구,송라면,4711333000,2291,1126,1165,—,57.242,21,54,187,493,1252,118,1,4.4,0,0,0,0,0,1
경북,포항북구,기계면,4711334000,4630,2297,2333,—,90.696,63,130,343,873,2579,221,7,15.1,3,2,2,0,0,0
경북,포항북구,죽장면,4711335000,2014,1036,978,—,236.972,10,49,81,371,1209,64,1,5.0,0,0,1,0,0,0
경북,포항북구,죽장면상옥출장소,4711335500,613,323,290,—,—,1,4,37,113,384,18,—,—,—,—,—,—,—,—
경북,포항북구,기북면,4711336000,1278,659,619,—,52.63,9,29,70,258,742,53,0,0.0,0,0,0,0,0,0
경북,포항북구,중앙동,4711352000,14362,7073,7289,—,2.453,460,765,2777,3882,5168,1973,38,26.5,17,9,7,0,1,4
경북,포항북구,양학동,4711363000,19131,9360,9771,—,1.982,1344,1924,4228,6145,3837,3337,11,5.7,3,5,2,0,0,1
경북,포항북구,죽도동,4711365500,17525,8742,8783,—,1.895,361,762,3393,4838,6498,2286,120,68.5,69,31,11,4,0,4
경북,포항북구,용흥동,4711366500,18613,9009,9604,—,3.916,640,1505,2857,5658,6093,2449,7,3.8,3,1,1,0,1,0
경북,포항북구,우창동,4711368000,29583,14352,15231,—,6.296,1982,3213,5682,9629,6445,5039,15,5.1,6,3,5,1,0,0
경북,포항북구,두호동,4711369000,19861,9680,10181,—,1.497,1102,1863,3743,6106,5075,2995,61,30.7,25,22,13,0,0,0
경북,포항북구,장량동,4711370000,70576,35798,34778,—,11.187,5067,9154,16093,24560,10476,13414,71,10.1,31,17,13,1,0,7
경북,포항북구,환여동,4711371000,8126,3948,4178,—,2.411,413,989,1337,2660,2103,1269,2,2.5,1,0,1,0,0,0
경북,경주시,감포읍,4713025000,4985,2522,2463,—,45.287,73,179,516,1283,2339,362,6,12.0,3,1,2,0,0,0
경북,경주시,안강읍,4713025300,21344,10606,10738,—,138.281,475,1411,2755,6189,8036,2083,26,12.2,13,7,4,0,0,1
경북,경주시,건천읍,4713025600,14901,7521,7380,—,90.822,867,736,3118,4262,4476,2169,10,6.7,4,2,3,0,0,1
경북,경주시,외동읍,4713025900,21466,11447,10019,—,108.783,1101,1111,3543,6605,6527,2555,9,4.2,4,2,3,0,0,0
경북,경주시,문무대왕면,4713031500,3936,2081,1855,—,118.405,127,122,763,816,1701,402,2,5.1,1,0,1,0,0,0
경북,경주시,양남면,4713032000,6197,3243,2954,—,85.973,158,304,821,1746,2409,566,6,9.7,3,1,2,0,0,0
경북,경주시,내남면,4713033000,4273,2179,2094,—,122.02,49,139,346,863,2312,239,2,4.7,1,0,1,0,0,0
경북,경주시,산내면,4713034000,3112,1557,1555,—,144.082,25,62,168,559,1871,161,3,9.6,2,1,0,0,0,0
경북,경주시,서면,4713035000,2873,1481,1392,—,51.497,38,100,229,602,1566,151,1,3.5,0,0,1,0,0,0
경북,경주시,현곡면,4713036000,21389,10472,10917,—,55.983,1741,2379,4204,7304,4048,3732,3,1.4,0,0,1,0,0,2
경북,경주시,강동면,4713037000,5692,2962,2730,—,80.498,83,195,666,1432,2596,404,1,1.8,1,0,0,0,0,0
경북,경주시,천북면,4713038000,5310,2736,2574,—,58.152,184,271,749,1499,2014,588,1,1.9,1,0,0,0,0,0
경북,경주시,황오동,4713053000,9392,4534,4858,—,2.282,142,390,1391,2407,4117,1031,116,123.5,58,25,22,7,0,2
경북,경주시,성건동,4713055000,12165,6023,6142,—,6.173,194,608,2893,2989,4468,1691,3,2.5,0,0,2,0,1,0
경북,경주시,황남동,4713057000,3536,1754,1782,—,19.994,45,120,332,875,1772,252,2,5.7,1,0,1,0,0,0
경북,경주시,선도동,4713059000,13464,6760,6704,—,27.446,510,1393,2526,4594,3179,2054,9,6.7,2,1,4,0,0,2
경북,경주시,월성동,4713060500,5168,2535,2633,—,30.812,152,364,619,1470,2017,553,1,1.9,0,0,1,0,0,0
경북,경주시,용강동,4713061500,24645,12100,12545,—,5.048,2342,3138,5014,8656,3679,4712,19,7.7,6,7,4,0,0,2
경북,경주시,황성동,4713062100,27978,13637,14341,—,3.672,1666,3345,6046,9916,4716,5063,35,12.5,16,9,9,1,0,0
경북,경주시,동천동,4713063000,19727,9864,9863,—,4.781,570,1520,4159,6367,5132,2923,13,6.6,5,3,4,1,0,0
경북,경주시,불국동,4713065000,9414,4722,4692,—,36.654,445,561,1564,2804,3100,1214,9,9.6,4,1,4,0,0,0
경북,경주시,보덕동,4713066000,1545,774,771,—,80.958,28,47,195,422,672,148,1,6.5,0,0,0,1,0,0
경북,김천시,아포읍,4715025000,7805,3950,3855,—,52.899,224,415,1044,2298,2832,833,2,2.6,1,1,0,0,0,0
경북,김천시,농소면,4715031000,3008,1565,1443,—,45.38,80,149,352,806,1289,234,0,0.0,0,0,0,0,0,0
경북,김천시,남면,4715032000,2845,1479,1366,—,66.284,46,87,297,633,1401,196,1,3.5,1,0,0,0,0,0
경북,김천시,개령면,4715034000,2163,1113,1050,—,27.559,32,78,172,457,1152,107,0,0.0,0,0,0,0,0,0
경북,김천시,감문면,4715035000,2960,1503,1457,—,59.289,30,65,173,603,1698,123,1,3.4,0,0,0,0,0,1
경북,김천시,어모면,4715036000,3900,1996,1904,—,64.852,123,149,441,959,1769,312,2,5.1,0,0,0,0,0,1
경북,김천시,봉산면,4715037000,2761,1442,1319,—,55.696,41,116,231,635,1372,173,1,3.6,1,0,0,0,0,0
경북,김천시,대항면,4715038000,3033,1557,1476,—,65.351,45,131,278,704,1462,197,0,0.0,0,0,0,0,0,0
경북,김천시,감천면,4715039000,1653,845,808,—,27.548,27,57,124,397,831,93,0,0.0,0,0,0,0,0,0
경북,김천시,조마면,4715040000,1979,1017,962,—,69.978,25,63,136,417,1063,108,0,0.0,0,0,0,0,0,0
경북,김천시,구성면,4715041000,2525,1248,1277,—,94.336,24,45,149,488,1483,120,0,0.0,0,0,0,0,0,0
경북,김천시,지례면,4715042000,1369,703,666,—,54.179,20,57,82,226,795,49,1,7.3,1,0,0,0,0,0
경북,김천시,부항면,4715043000,1169,593,576,—,81.617,7,41,66,237,674,52,0,0.0,0,0,0,0,0,0
경북,김천시,대덕면,4715044000,2029,1032,997,—,97.452,27,264,114,360,1042,89,0,0.0,0,0,0,0,0,0
경북,김천시,증산면,4715045000,938,475,463,—,74.454,10,26,39,193,534,43,0,0.0,0,0,0,0,0,0
경북,김천시,자산동,4715051600,5601,2813,2788,—,1.42,117,253,793,1421,2514,539,49,87.5,26,11,10,0,1,1
경북,김천시,평화남산동,4715053600,6643,3259,3384,—,2.264,127,321,1083,1696,2765,714,20,30.1,10,7,3,0,0,0
경북,김천시,양금동,4715056500,3275,1579,1696,—,9.315,52,163,318,769,1633,250,0,0.0,0,0,0,0,0,0
경북,김천시,대신동,4715057500,22851,11424,11427,—,23.213,1086,2592,5187,7501,4622,3808,18,7.9,5,7,4,0,1,0
경북,김천시,대곡동,4715059500,20224,10166,10058,—,13.977,1187,2352,3521,6250,5183,2878,11,5.4,3,3,5,0,0,0
경북,김천시,지좌동,4715061000,10276,5280,4996,—,9.894,509,913,2255,3365,2367,1587,2,1.9,2,0,0,0,0,0
경북,김천시,율곡동,4715064000,23426,11762,11664,—,3.714,3042,3599,6020,8350,1505,5644,17,7.3,9,5,3,0,0,0
경북,안동시,풍산읍,4717025000,7976,3994,3982,—,96.367,333,463,1282,2103,3024,942,6,7.5,3,1,2,0,0,0
경북,안동시,와룡면,4717031000,3577,1877,1700,—,114.93,43,123,314,731,1962,193,0,0.0,0,0,0,0,0,0
경북,안동시,북후면,4717032000,2704,1430,1274,—,76.839,24,69,193,662,1434,129,1,3.7,0,0,0,1,0,0
경북,안동시,서후면,4717033000,3678,1968,1710,—,64.396,45,201,651,779,1645,374,2,5.4,0,0,0,1,0,1
경북,안동시,풍천면,4717034000,7603,3861,3742,—,95.134,572,424,2203,1964,1959,1529,1,1.3,1,0,0,0,0,0
경북,안동시,일직면,4717035000,2327,1157,1170,—,85.47,17,75,143,464,1343,103,0,0.0,0,0,0,0,0,0
경북,안동시,남후면,4717036000,1569,782,787,—,63.539,19,42,104,311,917,83,2,12.7,0,0,0,0,0,1
경북,안동시,남선면,4717037000,1926,1002,924,—,59.447,33,55,187,443,966,124,0,0.0,0,0,0,0,0,0
경북,안동시,임하면,4717038000,2482,1315,1167,—,91.226,29,71,178,575,1352,131,1,4.0,0,0,0,0,0,0
경북,안동시,길안면,4717039000,2477,1301,1176,—,202.671,19,58,145,464,1423,102,2,8.1,1,0,1,0,0,0
경북,안동시,임동면,4717040000,1521,780,741,—,152.278,17,34,81,315,917,83,0,0.0,0,0,0,0,0,0
경북,안동시,예안면,4717041000,1597,825,772,—,160.448,18,36,83,271,962,56,0,0.0,0,0,0,0,0,0
경북,안동시,도산면,4717042000,1333,715,618,—,103.99,4,31,72,245,829,42,0,0.0,0,0,0,0,0,0
경북,안동시,녹전면,4717043000,1517,796,721,—,70.724,15,42,70,272,929,57,0,0.0,0,0,0,0,0,0
경북,안동시,중구동,4717051000,4819,2355,2464,—,4.314,144,307,1079,1247,1671,766,44,91.3,19,13,12,0,0,0
경북,안동시,명륜동,4717052000,4569,2206,2363,—,7.687,138,336,732,1314,1584,603,3,6.6,0,0,1,0,1,0
경북,안동시,용상동,4717055500,24558,12426,12132,—,25.573,1513,2879,6648,7098,4852,4559,20,8.1,8,5,3,1,0,2
경북,안동시,서구동,4717058500,8061,3845,4216,—,1.624,284,831,1222,2377,2699,1102,36,44.7,14,8,11,0,1,2
경북,안동시,태화동,4717060000,11768,5787,5981,—,2.294,535,853,2088,3547,3701,1687,7,5.9,3,2,2,0,0,0
경북,안동시,평화동,4717062000,5733,2759,2974,—,0.892,168,452,945,1665,2019,754,3,5.2,2,0,1,0,0,0
경북,안동시,안기동,4717063000,5657,2761,2896,—,7.184,209,415,940,1630,1930,736,0,0.0,0,0,0,0,0,0
경북,안동시,옥동,4717065000,19498,9182,10316,—,4.899,1085,2328,4048,6375,4161,3490,41,21.0,19,12,9,0,0,0
경북,안동시,송하동,4717066000,14425,7047,7378,—,9.496,997,1524,3118,4662,2968,2489,10,6.9,7,0,2,0,0,0
경북,안동시,강남동,4717069000,9968,4887,5081,—,18.898,683,1297,2181,3568,1587,1885,7,7.0,2,1,2,0,1,1
경북,구미시,선산읍,4719025000,12977,6431,6546,—,65.983,421,935,1651,3817,4673,1347,21,16.2,11,5,5,0,0,0
경북,구미시,고아읍,4719025300,40153,19962,20191,—,63.374,3226,4204,8245,13606,6966,6881,21,5.2,8,6,4,0,0,2
경북,구미시,산동읍,4719025600,31010,16220,14790,—,58.195,4831,4743,8290,10607,1627,7526,22,7.1,11,5,4,0,0,1
경북,구미시,무을면,4719031000,1667,839,828,—,44.318,22,35,103,327,950,73,0,0.0,0,0,0,0,0,0
경북,구미시,옥성면,4719032000,1559,808,751,—,66.053,8,24,98,340,866,61,0,0.0,0,0,0,0,0,0
경북,구미시,도개면,4719033000,1943,1006,937,—,62.076,20,94,124,413,1053,93,0,0.0,0,0,0,0,0,0
경북,구미시,해평면,4719034000,3519,1869,1650,—,68.884,37,117,286,851,1805,185,2,5.7,1,0,1,0,0,0
경북,구미시,장천면,4719036000,2633,1377,1256,—,58.154,33,127,237,664,1247,193,2,7.6,1,0,1,0,0,0
경북,구미시,송정동,4719051000,22877,11123,11754,—,1.543,1076,2019,5597,7466,4671,4256,20,8.7,8,5,4,0,1,0
경북,구미시,원평동,4719053500,9417,5031,4386,—,1.957,740,580,2318,3098,1954,1723,69,73.3,35,15,15,2,0,1
경북,구미시,도량동,4719055100,25759,12344,13415,—,3.841,1235,2785,4754,8979,5425,4191,28,10.9,17,6,4,0,0,1
경북,구미시,지산동,4719055500,1769,907,862,—,5.617,31,63,224,468,748,144,0,0.0,0,0,0,0,0,0
경북,구미시,선주원남동,4719056500,35565,18022,17543,—,28.582,1734,4670,8046,12767,5333,6656,24,6.7,8,9,4,1,0,2
경북,구미시,형곡1동,4719058200,12123,5928,6195,—,1.775,503,1256,2410,4184,2541,1986,43,35.5,25,11,5,1,0,0
경북,구미시,형곡2동,4719058300,14478,7231,7247,—,3.183,400,1267,3224,4977,3011,2331,7,4.8,3,1,3,0,0,0
경북,구미시,신평1동,4719059000,4538,2572,1966,—,0.958,216,214,1644,1257,838,774,10,22.0,7,2,1,0,0,0
경북,구미시,신평2동,4719060000,2770,1476,1294,—,0.295,179,184,732,862,572,470,4,14.4,1,2,1,0,0,0
경북,구미시,비산동,4719061000,13436,7117,6319,—,3.806,1229,1284,3944,4658,1346,2714,8,6.0,3,2,2,0,0,0
경북,구미시,광평동,4719063000,3906,2177,1729,—,1.851,134,312,1021,1395,686,628,3,7.7,2,1,0,0,0,0
경북,구미시,상모사곡동,4719064500,29764,15679,14085,—,5.707,1700,3307,7903,11483,3057,5706,20,6.7,9,5,6,0,0,0
경북,구미시,임오동,4719066000,16483,8647,7836,—,6.857,1039,2245,3679,6633,1663,3158,12,7.3,8,1,2,0,0,1
경북,구미시,인동동,4719067000,46280,24470,21810,—,20.08,2434,5541,12732,17534,5117,9762,53,11.5,26,12,13,0,0,0
경북,구미시,진미동,4719068000,16039,9470,6569,—,8.806,490,992,7280,5345,1208,4023,31,19.3,17,5,3,1,1,2
경북,구미시,양포동,4719069000,47948,25447,22501,—,21.95,4124,7362,13411,17906,3078,10567,40,8.3,21,10,9,0,0,0
경북,구미시,공단동,4719070000,3983,2234,1749,—,9.128,289,340,1297,1395,404,810,9,22.6,4,3,1,0,1,0
경북,영주시,풍기읍,4721025000,9858,4978,4880,—,76.253,279,899,1202,2369,4120,944,11,11.2,3,3,4,0,0,1
경북,영주시,이산면,4721031000,2077,1081,996,—,54.324,26,78,176,447,1070,115,0,0.0,0,0,0,0,0,0
경북,영주시,평은면,4721032000,1310,666,644,—,62.738,12,41,68,264,765,56,0,0.0,0,0,0,0,0,0
경북,영주시,문수면,4721033000,1804,953,851,—,42.155,41,59,164,377,944,98,0,0.0,0,0,0,0,0,0
경북,영주시,장수면,4721034000,1940,1003,937,—,42.244,33,63,196,374,1054,115,0,0.0,0,0,0,0,0,0
경북,영주시,안정면,4721035000,2716,1363,1353,—,43.203,50,90,221,558,1514,137,0,0.0,0,0,0,0,0,0
경북,영주시,봉현면,4721036000,2436,1260,1176,—,51.474,38,98,226,529,1251,167,0,0.0,0,0,0,0,0,0
경북,영주시,순흥면,4721037000,1799,911,888,—,53.698,15,45,139,335,1038,86,0,0.0,0,0,0,0,0,0
경북,영주시,단산면,4721038000,1666,829,837,—,91.549,11,41,127,290,967,74,0,0.0,0,0,0,0,0,0
경북,영주시,부석면,4721039000,2680,1350,1330,—,91.573,35,73,169,511,1568,121,2,7.5,1,0,1,0,0,0
경북,영주시,상망동,4721051000,6719,3321,3398,—,18.397,243,662,955,2111,2136,770,1,1.5,1,0,0,0,0,0
경북,영주시,하망동,4721052500,5627,2734,2893,—,1.262,199,690,728,1646,1889,644,39,69.3,20,9,10,0,0,0
경북,영주시,영주1동,4721055000,3319,1626,1693,—,0.99,89,181,419,879,1467,329,17,51.2,10,3,3,1,0,0
경북,영주시,영주2동,4721056000,4322,2030,2292,—,0.536,107,255,485,1103,1941,424,20,46.3,10,5,4,1,0,0
경북,영주시,휴천1동,4721059000,6886,3396,3490,—,5.277,464,919,1265,2143,1591,1025,2,2.9,0,1,1,0,0,0
경북,영주시,휴천2동,4721060000,9552,4676,4876,—,1.402,318,745,1774,2570,3261,1242,13,13.6,5,5,1,0,0,0
경북,영주시,휴천3동,4721061000,6762,3311,3451,—,9.895,221,493,1074,1985,2310,783,1,1.5,1,0,0,0,0,0
경북,영주시,가흥1동,4721062000,14864,7546,7318,—,7.193,1120,1943,3427,5261,2232,2813,4,2.7,0,3,0,1,0,0
경북,영주시,가흥2동,4721063000,9900,4854,5046,—,16.436,608,1030,2037,3208,2292,1638,9,9.1,0,1,2,1,1,3
경북,영천시,금호읍,4723025000,9735,5187,4548,—,50.447,251,353,1119,2587,4189,784,10,10.3,5,1,3,0,0,1
경북,영천시,청통면,4723031000,3723,1967,1756,—,66.66,93,88,346,852,1891,235,0,0.0,0,0,0,0,0,0
경북,영천시,신녕면,4723032000,3434,1690,1744,—,80.307,61,215,259,717,1792,202,4,11.6,2,0,2,0,0,0
경북,영천시,화산면,4723033000,2832,1497,1335,—,53.2,56,68,204,592,1562,147,0,0.0,0,0,0,0,0,0
경북,영천시,화북면,4723034000,2118,1088,1030,—,86.366,22,96,104,418,1172,83,0,0.0,0,0,0,0,0,0
경북,영천시,화남면,4723035000,3086,1639,1447,—,78.872,69,114,225,642,1639,163,0,0.0,0,0,0,0,0,0
경북,영천시,자양면,4723036000,1214,641,573,—,88.696,18,38,84,236,641,63,0,0.0,0,0,0,0,0,0
경북,영천시,임고면,4723037000,3899,2014,1885,—,87.429,78,98,295,855,2144,202,0,0.0,0,0,0,0,0,0
경북,영천시,고경면,4723038000,5236,2810,2426,—,118.734,173,195,776,1101,2390,473,2,3.8,1,1,0,0,0,0
경북,영천시,북안면,4723039000,4092,2175,1917,—,70.969,49,80,340,870,2254,216,2,4.9,1,0,0,0,0,0
경북,영천시,대창면,4723040000,2839,1526,1313,—,51.111,63,73,231,627,1494,162,0,0.0,0,0,0,0,0,0
경북,영천시,동부동,4723051000,25195,12399,12796,—,10.355,1417,2462,4614,8404,6052,3775,22,8.7,12,5,3,1,0,1
경북,영천시,중앙동,4723052000,8680,4404,4276,—,20.421,499,821,1719,2623,2270,1292,0,0.0,0,0,0,0,0,0
경북,영천시,서부동,4723053500,4174,2100,2074,—,15.403,81,205,597,1104,1725,414,5,12.0,0,1,1,0,1,2
경북,영천시,완산동,4723054000,9703,4723,4980,—,5.009,855,846,1951,3064,2227,1615,66,68.0,35,13,16,0,0,0
경북,영천시,남부동,4723055500,3645,1988,1657,—,27.284,141,207,491,1055,1356,341,12,32.9,2,1,7,0,0,0
경북,상주시,함창읍,4725025000,5871,2852,3019,—,42.904,184,435,596,1448,2634,554,8,13.6,3,2,2,0,0,0
경북,상주시,중동면,4725031000,1261,643,618,—,51.02,23,46,78,255,708,58,0,0.0,0,0,0,0,0,0
경북,상주시,사벌국면,4725032500,3562,1794,1768,—,56.916,70,136,331,730,1896,217,1,2.8,1,0,0,0,0,0
경북,상주시,낙동면,4725033000,2720,1353,1367,—,90.07,48,140,174,514,1495,128,1,3.7,0,0,0,0,0,1
경북,상주시,낙동면동부출장소,4725033500,888,444,444,—,—,16,19,73,179,466,43,—,—,—,—,—,—,—,—
경북,상주시,청리면,4725034000,2340,1121,1219,—,39.161,46,97,172,466,1303,138,0,0.0,0,0,0,0,0,0
경북,상주시,공성면,4725035000,3652,1825,1827,—,88.885,40,274,219,715,1993,172,2,5.5,1,0,1,0,0,0
경북,상주시,외남면,4725036000,1467,751,716,—,33.027,21,58,91,297,812,70,0,0.0,0,0,0,0,0,0
경북,상주시,내서면,4725037000,1751,904,847,—,79.398,19,48,102,337,989,76,1,5.7,0,0,0,0,0,0
경북,상주시,모동면,4725038000,2416,1249,1167,—,70.252,36,186,186,543,1140,157,0,0.0,0,0,0,0,0,0
경북,상주시,모서면,4725039000,1548,784,764,—,84.351,25,48,107,352,822,71,0,0.0,0,0,0,0,0,0
경북,상주시,모서면서부출장소,4725039500,674,330,344,—,—,16,24,44,143,357,37,—,—,—,—,—,—,—,—
경북,상주시,화동면,4725040000,1792,927,865,—,56.208,39,88,153,380,904,117,0,0.0,0,0,0,0,0,0
경북,상주시,화서면,4725041000,2683,1317,1366,—,59.191,118,163,239,615,1218,218,2,7.5,1,0,1,0,0,0
경북,상주시,화북면,4725042000,1109,561,548,—,98.506,15,53,65,283,541,69,0,0.0,0,0,0,0,0,0
경북,상주시,화북면서부출장소,4725042600,299,163,136,—,—,1,4,14,52,180,7,—,—,—,—,—,—,—,—
경북,상주시,외서면,4725043000,2369,1153,1216,—,88.212,34,110,149,525,1267,140,1,4.2,0,0,1,0,0,0
경북,상주시,은척면,4725044000,1093,532,561,—,53.298,19,41,58,188,668,42,1,9.1,0,0,1,0,0,0
경북,상주시,은척면북부출장소,4725044500,340,179,161,—,—,5,6,23,70,196,5,—,—,—,—,—,—,—,—
경북,상주시,공검면,4725045000,1875,918,957,—,39.008,11,50,132,372,1138,82,0,0.0,0,0,0,0,0,0
경북,상주시,이안면,4725046000,1842,925,917,—,52.048,31,80,122,385,1037,97,0,0.0,0,0,0,0,0,0
경북,상주시,화남면,4725047000,744,380,364,—,53.863,26,27,48,144,385,33,2,26.9,1,0,1,0,0,0
경북,상주시,남원동,4725052000,10678,5292,5386,—,28.457,488,1193,1725,3242,3095,1449,17,15.9,10,3,4,0,0,0
경북,상주시,북문동,4725053000,9024,4496,4528,—,14.492,509,864,1695,2859,2347,1394,26,28.8,12,7,5,1,1,0
경북,상주시,계림동,4725054000,8581,4128,4453,—,11.229,611,851,1536,2699,2200,1302,8,9.3,2,2,3,0,1,0
경북,상주시,동문동,4725055000,7150,3446,3704,—,17.195,325,631,1108,2157,2256,942,1,1.4,0,0,0,0,0,1
경북,상주시,동성동,4725056000,3094,1499,1595,—,11.977,71,228,378,877,1235,314,31,100.2,15,9,7,0,0,0
경북,상주시,신흥동,4725057000,8097,4081,4016,—,25.112,389,860,1857,2286,2040,1253,0,0.0,0,0,0,0,0,0
경북,문경시,문경읍,4728025000,5444,2607,2837,—,155.334,154,337,543,1283,2509,438,10,18.4,4,3,2,0,0,1
경북,문경시,문경읍갈평출장소,4728025100,1046,539,507,—,—,12,49,63,252,512,52,—,—,—,—,—,—,—,—
경북,문경시,가은읍,4728025300,2900,1442,1458,—,152.222,70,124,202,575,1556,170,3,10.3,1,1,1,0,0,0
경북,문경시,가은읍북부출장소,4728025400,814,439,375,—,—,12,29,44,211,413,49,—,—,—,—,—,—,—,—
경북,문경시,영순면,4728031000,2215,1169,1046,—,39.913,39,252,155,400,1148,122,0,0.0,0,0,0,0,0,0
경북,문경시,산양면,4728032000,2830,1445,1385,—,33.856,50,135,224,608,1507,175,0,0.0,0,0,0,0,0,0
경북,문경시,호계면,4728033000,2131,1056,1075,—,53.269,28,78,287,415,1058,208,0,0.0,0,0,0,0,0,0
경북,문경시,산북면,4728034000,2483,1275,1208,—,111.289,44,56,173,511,1371,112,0,0.0,0,0,0,0,0,0
경북,문경시,동로면,4728035000,1823,956,867,—,140.913,40,81,113,382,970,91,0,0.0,0,0,0,0,0,0
경북,문경시,마성면,4728036000,3226,1578,1648,—,75.342,40,86,276,699,1751,175,0,0.0,0,0,0,0,0,0
경북,문경시,농암면,4728037000,2395,1151,1244,—,102.598,21,69,151,463,1368,112,0,0.0,0,0,0,0,0,0
경북,문경시,점촌1동,4728057000,5078,2439,2639,—,0.945,219,364,743,1366,1915,608,38,74.8,21,10,6,1,0,0
경북,문경시,점촌2동,4728058000,6269,2974,3295,—,4.472,246,511,857,1700,2403,721,9,14.4,3,2,3,0,0,1
경북,문경시,점촌3동,4728059000,8026,3908,4118,—,8.586,323,703,1282,2312,2660,1029,14,17.4,6,3,5,0,0,0
경북,문경시,점촌4동,4728060000,2802,1418,1384,—,29.602,74,111,311,721,1307,250,0,0.0,0,0,0,0,0,0
경북,문경시,점촌5동,4728061000,15175,7442,7733,—,2.077,962,1777,3163,5256,2890,2679,13,8.6,5,5,2,0,1,0
경북,경산시,하양읍,4729025000,32869,16559,16310,—,48.338,1802,3297,9447,9677,6405,6404,54,16.4,28,15,10,1,0,0
경북,경산시,진량읍,4729025300,32606,17129,15477,—,46.143,1146,2670,7980,10926,6991,5192,24,7.4,12,7,5,0,0,0
경북,경산시,압량읍,4729025600,22043,11788,10255,—,18.06,1774,1836,6379,6714,3948,4281,19,8.6,10,5,4,0,0,0
경북,경산시,와촌면,4729031000,5011,2704,2307,—,47.111,90,159,567,1272,2289,369,2,4.0,1,0,0,0,0,1
경북,경산시,자인면,4729033000,4911,2542,2369,—,21.972,78,175,582,1177,2332,399,8,16.3,3,1,4,0,0,0
경북,경산시,용성면,4729034000,3105,1667,1438,—,79.73,31,80,232,632,1719,143,1,3.2,0,0,1,0,0,0
경북,경산시,남산면,4729035000,3389,1740,1649,—,37.872,42,160,284,754,1734,227,1,3.0,0,0,1,0,0,0
경북,경산시,남천면,4729037000,2574,1336,1238,—,69.96,31,88,232,578,1314,173,0,0.0,0,0,0,0,0,0
경북,경산시,중방동,4729051000,10682,5145,5537,—,1.134,477,647,2695,3112,2688,1908,23,21.5,12,6,3,0,0,1
경북,경산시,중앙동,4729052000,5452,2706,2746,—,0.933,109,223,1240,1510,1810,765,68,124.7,38,13,13,0,1,2
경북,경산시,남부동,4729053000,18028,8767,9261,—,3.866,1047,2006,3173,6050,4410,2931,12,6.7,4,3,3,0,1,1
경북,경산시,서부1동,4729054100,29509,13907,15602,—,5.639,1191,3245,5600,9869,7066,4959,21,7.1,10,6,3,1,0,1
경북,경산시,서부2동,4729054200,41482,19741,21741,—,1.57,3747,3773,9888,13296,7625,8069,63,15.2,30,18,14,1,0,0
경북,경산시,북부동,4729055000,16189,8638,7551,—,9.549,552,944,6612,4126,2828,3746,6,3.7,2,1,0,1,0,1
경북,경산시,동부동,4729056000,35170,17673,17497,—,17.74,1512,3869,8116,11692,7102,6051,29,8.2,13,7,7,0,0,2
경북,의성군,의성읍,4773025000,11993,5964,6029,—,68.451,482,941,1709,3301,4454,1435,21,17.5,9,6,3,0,0,2
경북,의성군,단촌면,4773031000,1812,905,907,—,72.246,42,40,113,355,1047,82,0,0.0,0,0,0,0,0,0
경북,의성군,점곡면,4773032000,1479,756,723,—,65.46,23,30,96,260,894,59,1,6.8,0,0,0,0,0,1
경북,의성군,옥산면,4773033000,1646,825,821,—,103.017,28,28,90,340,923,65,0,0.0,0,0,0,0,0,0
경북,의성군,사곡면,4773034000,1490,744,746,—,72.263,13,23,78,260,900,51,0,0.0,0,0,0,0,0,0
경북,의성군,춘산면,4773035000,1461,765,696,—,66.452,26,54,73,262,858,64,0,0.0,0,0,0,0,0,0
경북,의성군,가음면,4773036000,1425,736,689,—,40.401,22,29,93,264,830,74,0,0.0,0,0,0,0,0,0
경북,의성군,금성면,4773037000,3975,2008,1967,—,73.261,90,115,292,809,2195,225,4,10.1,2,0,1,0,0,1
경북,의성군,봉양면,4773038000,3813,1937,1876,—,66.812,91,219,375,890,1829,294,4,10.5,1,1,1,1,0,0
경북,의성군,비안면,4773039000,2473,1251,1222,—,64.989,54,64,168,487,1394,122,0,0.0,0,0,0,0,0,0
경북,의성군,구천면,4773040000,1628,844,784,—,43.334,29,24,105,320,954,63,0,0.0,0,0,0,0,0,0
경북,의성군,단밀면,4773041000,1595,807,788,—,52.964,26,61,107,316,854,67,0,0.0,0,0,0,0,0,0
경북,의성군,단북면,4773042000,1617,809,808,—,23.235,25,35,112,350,917,82,0,0.0,0,0,0,0,0,0
경북,의성군,안계면,4773043000,4247,2060,2187,—,43.936,182,217,551,1053,1814,432,12,28.3,5,2,3,1,0,1
경북,의성군,다인면,4773044000,3534,1785,1749,—,89.09,76,70,277,690,1993,181,1,2.8,1,0,0,0,0,0
경북,의성군,신평면,4773045000,800,415,385,—,55.338,10,17,35,160,478,27,0,0.0,0,0,0,0,0,0
경북,의성군,안평면,4773046000,2058,1076,982,—,100.95,26,36,101,350,1263,75,0,0.0,0,0,0,0,0,0
경북,의성군,안사면,4773047000,833,420,413,—,60.935,11,14,60,154,499,43,0,0.0,0,0,0,0,0,0
경북,청송군,청송읍,4775025000,5098,2555,2543,—,81.283,194,305,793,1441,1820,589,6,11.8,2,2,2,0,0,0
경북,청송군,주왕산면,4775031500,1795,898,897,—,133.136,24,41,158,392,933,112,0,0.0,0,0,0,0,0,0
경북,청송군,부남면,4775032000,2408,1182,1226,—,121.602,50,85,166,493,1287,127,0,0.0,0,0,0,0,0,0
경북,청송군,현동면,4775033000,2033,1033,1000,—,79.056,63,84,174,506,933,131,0,0.0,0,0,0,0,0,0
경북,청송군,현서면,4775034000,2513,1270,1243,—,112.04,59,82,217,541,1270,164,2,8.0,1,0,1,0,0,0
경북,청송군,안덕면,4775035000,2496,1264,1232,—,106.903,45,85,183,521,1329,133,1,4.0,0,0,1,0,0,0
경북,청송군,파천면,4775036000,1691,866,825,—,99.582,27,51,140,345,946,104,0,0.0,0,0,0,0,0,0
경북,청송군,진보면,4775037000,6526,3412,3114,—,109.517,250,282,1099,1765,2485,666,15,23.0,8,3,3,0,0,0
경북,영양군,영양읍,4776025000,7098,3567,3531,—,129.989,273,550,1159,2036,2405,901,7,9.9,1,3,2,1,0,0
경북,영양군,입암면,4776031000,2034,1009,1025,—,78.973,31,87,155,442,1057,127,0,0.0,0,0,0,0,0,0
경북,영양군,청기면,4776032000,1599,831,768,—,139.56,20,41,91,296,939,57,0,0.0,0,0,0,0,0,0
경북,영양군,일월면,4776033000,1683,852,831,—,127.819,22,49,145,346,861,91,0,0.0,0,0,0,0,0,0
경북,영양군,수비면,4776034000,1630,819,811,—,218.515,26,74,131,394,803,98,0,0.0,0,0,0,0,0,0
경북,영양군,석보면,4776035000,1912,983,929,—,121.977,28,69,145,413,1002,99,0,0.0,0,0,0,0,0,0
경북,영덕군,영덕읍,4777025000,10055,4893,5162,—,62.387,425,815,1502,3061,3292,1312,19,18.9,10,4,3,0,0,2
경북,영덕군,강구면,4777031000,5403,2567,2836,—,41.195,125,238,516,1371,2581,420,8,14.8,3,3,2,0,0,0
경북,영덕군,남정면,4777032000,2168,1072,1096,—,73.676,30,42,139,455,1217,116,0,0.0,0,0,0,0,0,0
경북,영덕군,달산면,4777033000,1061,513,548,—,72.003,19,16,53,191,638,41,0,0.0,0,0,0,0,0,0
경북,영덕군,지품면,4777034000,1379,704,675,—,150.477,31,31,83,271,795,60,0,0.0,0,0,0,0,0,0
경북,영덕군,지품면원전출장소,4777034500,506,247,259,—,—,5,7,24,88,319,13,—,—,—,—,—,—,—,—
경북,영덕군,축산면,4777035000,846,407,439,—,59.24,8,37,47,174,478,45,1,11.8,1,0,0,0,0,0
경북,영덕군,축산면축산출장소,4777035500,1476,690,786,—,—,29,48,105,303,800,103,—,—,—,—,—,—,—,—
경북,영덕군,영해면,4777036000,5713,2665,3048,—,65.791,177,361,618,1418,2539,536,10,17.5,4,3,2,1,0,0
경북,영덕군,병곡면,4777037000,2445,1185,1260,—,66.685,31,70,162,498,1394,118,0,0.0,0,0,0,0,0,0
경북,영덕군,창수면,4777038000,1459,731,728,—,152.225,8,23,54,255,933,52,0,0.0,0,0,0,0,0,0
경북,청도군,화양읍,4782025000,6786,3335,3451,—,42.76,294,566,896,1955,2406,828,6,8.8,2,1,1,1,0,1
경북,청도군,화양읍남성현출장소,4782025100,1051,518,533,—,—,18,39,77,242,566,76,—,—,—,—,—,—,—,—
경북,청도군,청도읍,4782025300,9435,4676,4759,—,85.828,274,613,1096,2678,3830,937,26,27.6,11,6,7,0,0,0
경북,청도군,청도읍유호출장소,4782025400,1478,745,733,—,—,25,44,98,316,831,89,—,—,—,—,—,—,—,—
경북,청도군,각남면,4782031000,2113,1037,1076,—,46.045,37,60,160,427,1186,131,0,0.0,0,0,0,0,0,0
경북,청도군,풍각면,4782032000,3652,1836,1816,—,61.422,89,136,304,761,1901,225,9,24.6,4,3,2,0,0,0
경북,청도군,각북면,4782033000,2274,1165,1109,—,50.516,41,58,173,451,1234,131,3,13.2,0,0,0,0,0,3
경북,청도군,이서면,4782034000,4405,2217,2188,—,55.202,108,233,356,1009,2191,340,2,4.5,1,0,1,0,0,0
경북,청도군,운문면,4782035000,1905,980,925,—,146.581,21,36,117,409,1052,102,0,0.0,0,0,0,0,0,0
경북,청도군,금천면,4782036000,3192,1654,1538,—,70.335,44,78,192,640,1823,159,4,12.5,1,1,1,0,0,1
경북,청도군,매전면,4782037000,3697,1893,1804,—,128.814,42,87,238,719,2084,176,1,2.7,0,0,0,1,0,0
경북,고령군,대가야읍,4783025300,9149,4630,4519,—,46.772,328,693,1299,2799,3120,1039,22,24.0,9,6,5,1,0,1
경북,고령군,덕곡면,4783031000,1385,697,688,—,38.673,19,50,94,267,782,76,0,0.0,0,0,0,0,0,0
경북,고령군,운수면,4783032000,1710,872,838,—,45.149,27,31,136,354,929,105,0,0.0,0,0,0,0,0,0
경북,고령군,성산면,4783033000,2414,1329,1085,—,48.287,38,67,228,595,1170,182,1,4.1,1,0,0,0,0,0
경북,고령군,다산면,4783034000,8383,4343,4040,—,45.699,305,594,1269,2511,2804,1011,6,7.2,2,3,1,0,0,0
경북,고령군,개진면,4783035000,1781,1008,773,—,40.764,27,35,145,390,929,72,0,0.0,0,0,0,0,0,0
경북,고령군,우곡면,4783036000,1518,797,721,—,46.192,24,28,98,338,831,78,0,0.0,0,0,0,0,0,0
경북,고령군,쌍림면,4783037000,3089,1566,1523,—,70.795,59,90,199,645,1708,167,0,0.0,0,0,0,0,0,0
경북,성주군,성주읍,4784025000,13012,6596,6416,—,36.823,677,1166,2202,4012,3746,1753,33,25.4,12,9,7,1,0,3
경북,성주군,선남면,4784031000,5707,3142,2565,—,68.098,139,167,576,1370,2599,362,3,5.3,1,0,1,0,0,1
경북,성주군,용암면,4784032000,3428,1892,1536,—,84.443,44,85,276,843,1699,178,0,0.0,0,0,0,0,0,0
경북,성주군,수륜면,4784033000,3097,1592,1505,—,88.503,49,96,206,680,1619,184,0,0.0,0,0,0,0,0,0
경북,성주군,가천면,4784034000,1859,964,895,—,63.782,30,34,131,389,1002,79,0,0.0,0,0,0,0,0,0
경북,성주군,금수강산면,4784035500,1151,616,535,—,74.302,11,25,80,244,611,59,0,0.0,0,0,0,0,0,0
경북,성주군,대가면,4784036000,2205,1164,1041,—,28.086,23,67,197,502,1154,125,0,0.0,0,0,0,0,0,0
경북,성주군,벽진면,4784037000,2735,1458,1277,—,62.013,52,61,204,564,1475,143,1,3.7,0,0,1,0,0,0
경북,성주군,초전면,4784038000,4019,2072,1947,—,64.851,98,125,367,1009,1897,289,2,5.0,1,1,0,0,0,0
경북,성주군,월항면,4784039000,3080,1648,1432,—,41.08,68,101,262,739,1498,200,2,6.5,1,0,1,0,0,0
경북,칠곡군,왜관읍,4785025000,29602,14894,14708,—,52.829,1228,2843,5132,10080,7483,4124,52,17.6,28,10,10,1,0,1
경북,칠곡군,북삼읍,4785025300,22067,11584,10483,—,36.174,809,2498,3714,9138,3737,3372,17,7.7,8,8,1,0,0,0
경북,칠곡군,석적읍,4785025600,29076,16129,12947,—,49.441,2041,4035,6371,12676,2685,5924,19,6.5,11,5,3,0,0,0
경북,칠곡군,지천면,4785031000,3612,2004,1608,—,88.15,30,76,317,846,1909,196,2,5.5,2,0,0,0,0,0
경북,칠곡군,동명면,4785032000,4834,2465,2369,—,64.077,70,128,421,1094,2440,286,7,14.5,2,1,1,0,0,3
경북,칠곡군,가산면,4785033000,3111,1680,1431,—,86.913,46,65,269,745,1548,180,0,0.0,0,0,0,0,0,0
경북,칠곡군,약목면,4785036000,8312,4315,3997,—,30.476,134,398,1030,2570,3081,728,6,7.2,3,0,2,0,0,0
경북,칠곡군,기산면,4785037000,2812,1448,1364,—,41.091,79,175,291,774,1121,252,0,0.0,0,0,0,0,0,0
경북,예천군,예천읍,4790025000,13314,6525,6789,—,46.973,457,1043,1809,3558,5142,1488,31,23.3,15,7,6,1,0,2
경북,예천군,호명읍,4790025300,20800,10206,10594,—,62.884,2656,3043,4681,6898,2475,4500,13,6.2,5,3,5,0,0,0
경북,예천군,용문면,4790031000,2025,1034,991,—,70.811,27,72,121,356,1210,89,0,0.0,0,0,0,0,0,0
경북,예천군,감천면,4790034000,2340,1181,1159,—,64.832,30,62,147,406,1437,99,0,0.0,0,0,0,0,0,0
경북,예천군,보문면,4790035000,1467,741,726,—,65.404,23,46,84,258,880,77,0,0.0,0,0,0,0,0,0
경북,예천군,유천면,4790037000,2330,1198,1132,—,38.533,97,93,423,401,1102,204,0,0.0,0,0,0,0,0,0
경북,예천군,용궁면,4790038000,2141,1066,1075,—,31.647,27,68,128,443,1274,118,2,9.3,1,0,1,0,0,0
경북,예천군,개포면,4790039000,1396,683,713,—,35.257,14,34,52,241,922,45,0,0.0,0,0,0,0,0,0
경북,예천군,지보면,4790040000,2448,1253,1195,—,79.72,27,69,139,439,1505,92,0,0.0,0,0,0,0,0,0
경북,예천군,풍양면,4790041000,2668,1303,1365,—,63.052,28,51,206,517,1605,121,2,7.5,1,0,1,0,0,0
경북,예천군,효자면,4790042000,1136,588,548,—,67.291,5,52,64,212,651,58,0,0.0,0,0,0,0,0,0
경북,예천군,은풍면,4790043000,1210,615,595,—,34.534,11,49,79,233,712,56,0,0.0,0,0,0,0,0,0
경북,봉화군,봉화읍,4792025000,8757,4339,4418,—,74.229,323,808,1079,2404,3253,931,13,14.8,5,3,3,1,0,1
경북,봉화군,물야면,4792031000,2802,1448,1354,—,109.161,44,75,187,572,1536,130,0,0.0,0,0,0,0,0,0
경북,봉화군,봉성면,4792032000,1845,909,936,—,66.167,34,60,140,381,1025,108,0,0.0,0,0,0,0,0,0
경북,봉화군,법전면,4792033000,1819,941,878,—,69.45,36,78,128,363,1005,97,0,0.0,0,0,0,0,0,0
경북,봉화군,춘양면,4792034000,4036,2019,2017,—,167.868,97,210,382,879,1959,286,5,12.4,3,1,1,0,0,0
경북,봉화군,소천면,4792035000,2019,1047,972,—,259.499,33,51,114,425,1099,104,0,0.0,0,0,0,0,0,0
경북,봉화군,재산면,4792036000,1350,698,652,—,123.275,18,43,77,310,682,76,0,0.0,0,0,0,0,0,0
경북,봉화군,명호면,4792037000,2008,1083,925,—,114.044,24,83,120,425,1073,79,0,0.0,0,0,0,0,0,0
경북,봉화군,상운면,4792038000,1583,806,777,—,59.014,14,41,98,307,939,65,0,0.0,0,0,0,0,0,0
경북,봉화군,석포면,4792039000,1822,1068,754,—,153.282,74,156,250,608,569,174,0,0.0,0,0,0,0,0,0
경북,울진군,울진읍,4793025000,13955,7082,6873,—,84.181,804,1446,2814,4548,3211,2242,17,12.2,6,5,4,1,0,1
경북,울진군,평해읍,4793025300,2466,1188,1278,—,38.503,20,109,243,534,1280,179,2,8.1,1,0,1,0,0,0
경북,울진군,북면,4793031000,7004,3875,3129,—,141.137,663,470,1748,2186,1422,1120,6,8.6,3,2,1,0,0,0
경북,울진군,북면하당출장소,4793031500,609,313,296,—,—,4,8,54,128,328,28,—,—,—,—,—,—,—,—
경북,울진군,근남면,4793033000,2669,1373,1296,—,58.135,80,104,307,707,1151,231,0,0.0,0,0,0,0,0,0
경북,울진군,기성면,4793035000,2238,1118,1120,—,99.181,27,72,232,412,1248,125,0,0.0,0,0,0,0,0,0
경북,울진군,온정면,4793036000,1516,749,767,—,131.282,18,45,95,285,906,68,0,0.0,0,0,0,0,0,0
경북,울진군,죽변면,4793037000,5976,3217,2759,—,17.995,149,292,1016,1769,2091,591,5,8.4,2,2,1,0,0,0
경북,울진군,후포면,4793038000,6834,3373,3461,—,22.645,218,424,978,1826,2727,705,9,13.2,3,3,2,0,0,1
경북,울진군,금강송면,4793039000,1197,603,594,—,295.488,5,28,50,297,632,47,0,0.0,0,0,0,0,0,0
경북,울진군,매화면,4793040000,1855,906,949,—,100.81,21,60,122,397,1033,96,0,0.0,0,0,0,0,0,0
경북,울릉군,울릉읍,4794025000,6050,3438,2612,—,22.163,177,320,1039,2022,1854,663,2,3.3,0,1,1,0,0,0
경북,울릉군,서면,4794031000,921,509,412,—,28.665,21,38,126,278,354,81,0,0.0,0,0,0,0,0,0
경북,울릉군,서면태하출장소,4794031500,455,250,205,—,—,11,11,35,111,230,21,—,—,—,—,—,—,—,—
경북,울릉군,북면,4794032000,1321,746,575,—,24.338,38,40,203,394,483,123,0,0.0,0,0,0,0,0,0
경남,창원의창구,동읍,4812125000,18142,9215,8927,—,58.952,487,1381,3155,5851,5372,2246,14,7.7,6,3,4,0,0,1
경남,창원의창구,북면,4812131000,44275,22288,21987,—,74.152,4276,5754,8610,15060,7376,8564,29,6.5,13,7,5,1,0,3
경남,창원의창구,대산면,4812132000,6390,3264,3126,—,32.864,131,293,784,1637,2766,582,5,7.8,2,1,1,0,0,1
경남,창원의창구,의창동,4812151000,46717,23436,23281,—,7.587,2837,4537,10244,15532,9211,8198,91,19.5,40,22,19,6,0,2
경남,창원의창구,팔룡동,4812152000,28901,14646,14255,—,14.533,1944,2593,7830,10177,3991,5690,35,12.1,16,12,6,0,0,1
경남,창원의창구,명곡동,4812153000,37460,18939,18521,—,6.908,1576,2918,8526,12080,8332,5995,41,10.9,17,9,12,2,1,0
경남,창원의창구,봉림동,4812154000,27948,14885,13063,—,12.61,692,1666,7819,8023,6888,4510,44,15.7,17,12,8,3,1,2
경남,창원성산구,반송동,4812351000,37575,18859,18716,—,1.91,2220,4483,7800,13075,6593,6607,40,10.6,17,11,8,2,0,2
경남,창원성산구,용지동,4812351500,24356,12319,12037,—,2.63,1420,2307,6089,7970,4285,4517,29,11.9,14,8,7,0,0,0
경남,창원성산구,중앙동,4812352000,44045,23743,20302,—,4.606,3683,3504,14430,14039,5224,9238,74,16.8,36,18,10,5,1,0
경남,창원성산구,상남동,4812353000,25321,12577,12744,—,1.177,1285,2776,6028,8707,3977,4705,138,54.5,63,37,32,1,0,0
경남,창원성산구,사파동,4812354000,42475,21031,21444,—,6.46,2037,3914,10870,14324,7134,7994,39,9.2,16,12,11,0,0,0
경남,창원성산구,가음정동,4812355000,38131,19156,18975,—,2.928,2807,3562,9852,12619,5687,7235,60,15.7,27,18,14,1,0,0
경남,창원성산구,성주동,4812356000,26408,13739,12669,—,25.827,1935,2599,6854,9067,3436,4877,10,3.8,4,3,2,0,1,0
경남,창원성산구,웅남동,4812357000,6561,3466,3095,—,39.233,190,539,1355,2086,1727,865,9,13.7,4,3,1,1,0,0
경남,창원마산합포구,구산면,4812531000,3714,1892,1822,—,51.57,57,110,335,788,1977,234,1,2.7,1,0,0,0,0,0
경남,창원마산합포구,진동면,4812532000,11166,5727,5439,—,33.619,528,1123,1592,3564,3367,1544,15,13.4,7,3,3,1,0,1
경남,창원마산합포구,진북면,4812533000,2992,1588,1404,—,46.395,31,89,276,695,1505,190,1,3.3,0,0,0,0,0,0
경남,창원마산합포구,진전면,4812534000,3535,1765,1770,—,78.441,30,86,263,682,2050,175,1,2.8,0,0,0,0,0,0
경남,창원마산합포구,현동,4812551000,14733,7311,7422,—,19.83,1243,1901,2637,5196,2796,2813,11,7.5,2,3,2,1,0,3
경남,창원마산합포구,가포동,4812552000,5273,2675,2598,—,5.383,437,267,1698,1563,916,1185,1,1.9,0,0,0,1,0,0
경남,창원마산합포구,월영동,4812553000,40122,19675,20447,—,2.658,3154,4524,8525,13112,7926,7298,33,8.2,17,8,7,0,0,1
경남,창원마산합포구,문화동,4812554000,10411,5197,5214,—,1.857,218,741,2488,2781,3315,1566,32,30.7,16,10,4,1,1,0
경남,창원마산합포구,반월중앙동,4812556500,12666,6072,6594,—,1.092,386,1153,2052,3924,4081,1770,18,14.2,6,5,4,1,0,1
경남,창원마산합포구,완월동,4812557000,7952,3844,4108,—,2.475,171,597,1340,2311,2764,1040,19,23.9,5,5,5,1,2,1
경남,창원마산합포구,자산동,4812558000,8551,4107,4444,—,1.169,178,682,1270,2504,3073,1029,7,8.2,2,2,2,0,0,1
경남,창원마산합포구,교방동,4812561000,18468,9054,9414,—,2.983,1469,1676,3873,5594,4602,3248,9,4.9,3,3,3,0,0,0
경남,창원마산합포구,오동동,4812563000,17469,8676,8793,—,1.75,475,1117,2996,5393,5948,2424,65,37.2,29,16,13,4,0,3
경남,창원마산합포구,합포동,4812564000,6207,3099,3108,—,0.572,263,390,1065,1936,2007,863,4,6.4,1,1,2,0,0,0
경남,창원마산합포구,산호동,4812565000,10909,5429,5480,—,0.87,338,832,2071,3333,3395,1604,17,15.6,8,5,4,0,0,0
경남,창원마산회원구,내서읍,4812725000,56761,28461,28300,—,56.015,2189,6449,10618,20367,11814,8921,59,10.4,28,15,11,1,1,2
경남,창원마산회원구,회원1동,4812751000,9038,4411,4627,—,0.677,154,556,1244,2455,3768,987,29,32.1,17,7,5,0,0,0
경남,창원마산회원구,회원2동,4812752000,9132,4474,4658,—,4.559,528,692,1835,2570,2745,1457,0,0.0,0,0,0,0,0,0
경남,창원마산회원구,석전동,4812754500,15129,7499,7630,—,2.084,702,1092,2840,4486,4679,2270,38,25.1,16,10,6,4,0,1
경남,창원마산회원구,회성동,4812755000,4883,2462,2421,—,8.482,81,208,682,1253,2111,485,6,12.3,3,1,1,0,0,1
경남,창원마산회원구,양덕1동,4812756000,9879,4886,4993,—,1.01,256,734,1799,2969,3248,1401,13,13.2,7,1,4,0,0,0
경남,창원마산회원구,양덕2동,4812757000,33684,16538,17146,—,1.683,2873,3805,7149,11309,6139,6400,35,10.4,10,14,6,3,0,1
경남,창원마산회원구,합성1동,4812758000,8278,4168,4110,—,4.034,418,529,1665,2514,2417,1269,24,29.0,13,5,5,0,0,0
경남,창원마산회원구,합성2동,4812759000,8249,4082,4167,—,2.533,396,503,1814,2420,2440,1337,39,47.3,28,5,3,1,0,1
경남,창원마산회원구,구암1동,4812760000,7663,3813,3850,—,3.456,141,505,1212,2188,2764,867,5,6.5,2,2,1,0,0,0
경남,창원마산회원구,구암2동,4812761000,8376,4141,4235,—,0.76,251,586,1719,2561,2510,1270,2,2.4,1,0,1,0,0,0
경남,창원마산회원구,봉암동,4812762000,2605,1435,1170,—,5.621,66,143,420,858,851,288,4,15.4,2,1,0,0,0,1
경남,창원진해구,충무동,4812953000,14913,7775,7138,—,18.047,774,1463,3710,4324,3728,2458,4,2.7,0,0,3,1,0,0
경남,창원진해구,여좌동,4812954000,7490,3705,3785,—,4.681,141,467,1208,2017,2997,799,32,42.7,18,10,4,0,0,0
경남,창원진해구,태백동,4812955000,3333,1659,1674,—,1.215,87,187,478,890,1402,360,5,15.0,3,0,0,0,0,2
경남,창원진해구,경화동,4812956000,9385,4741,4644,—,3.026,482,899,1646,3145,2441,1395,2,2.1,0,0,2,0,0,0
경남,창원진해구,병암동,4812957000,6641,3262,3379,—,1.228,207,643,1158,2093,1959,948,11,16.6,6,2,3,0,0,0
경남,창원진해구,석동,4812958000,16566,8525,8041,—,2.247,760,2091,3728,5882,2962,2940,41,24.7,22,10,4,1,1,0
경남,창원진해구,이동,4812959000,8045,4290,3755,—,0.9,155,443,1762,2377,2578,1063,4,5.0,1,1,2,0,0,0
경남,창원진해구,자은동,4812960000,19348,9684,9664,—,5.415,1089,2322,3666,6903,3825,3342,13,6.7,4,5,4,0,0,0
경남,창원진해구,덕산동,4812961000,8844,4318,4526,—,2.417,480,1023,1868,2733,2106,1479,16,18.1,6,4,4,2,0,0
경남,창원진해구,풍호동,4812962000,24015,11908,12107,—,8.53,1794,3637,4196,8651,4170,4508,18,7.5,10,4,2,1,0,0
경남,창원진해구,웅천동,4812963000,14167,7156,7011,—,28.048,1407,1512,3119,4847,2364,2789,8,5.6,4,2,2,0,0,0
경남,창원진해구,웅동1동,4812964000,7430,3830,3600,—,32.225,338,580,1455,2489,1844,1117,5,6.7,2,1,1,0,0,1
경남,창원진해구,웅동2동,4812965000,42286,23250,19036,—,15.202,2771,5297,9150,17172,5405,7738,39,9.2,16,11,8,3,0,1
경남,진주시,문산읍,4817025000,7383,3690,3693,—,36.286,351,638,1180,2041,2462,958,8,10.8,2,1,2,0,0,1
경남,진주시,내동면,4817031000,3820,1895,1925,—,32.774,184,414,658,1213,992,593,0,0.0,0,0,0,0,0,0
경남,진주시,정촌면,4817032000,8634,4360,4274,—,26.611,901,642,2264,2466,1724,1641,2,2.3,0,1,1,0,0,0
경남,진주시,금곡면,4817033000,1990,951,1039,—,39.506,31,74,160,404,1095,116,0,0.0,0,0,0,0,0,0
경남,진주시,진성면,4817035000,1676,861,815,—,36.39,21,49,131,366,907,94,1,6.0,0,0,1,0,0,0
경남,진주시,일반성면,4817036000,2269,1127,1142,—,19.478,41,133,234,607,989,190,8,35.3,3,2,3,0,0,0
경남,진주시,이반성면,4817037000,1429,726,703,—,42.24,8,27,97,245,888,68,0,0.0,0,0,0,0,0,0
경남,진주시,사봉면,4817038000,1314,664,650,—,32.006,16,43,81,270,780,67,0,0.0,0,0,0,0,0,0
경남,진주시,지수면,4817039000,1286,645,641,—,31.058,18,49,106,288,680,66,0,0.0,0,0,0,0,0,0
경남,진주시,대곡면,4817040000,2769,1387,1382,—,55.385,27,74,228,568,1573,127,3,10.8,2,0,1,0,0,0
경남,진주시,금산면,4817041000,19240,9564,9676,—,32.104,1227,2325,3710,6435,4053,3166,12,6.2,5,3,3,1,0,0
경남,진주시,집현면,4817042000,4213,2136,2077,—,46.051,111,294,561,1222,1545,435,0,0.0,0,0,0,0,0,0
경남,진주시,미천면,4817043000,1420,718,702,—,54.342,7,32,86,270,862,56,0,0.0,0,0,0,0,0,0
경남,진주시,명석면,4817044000,3636,1797,1839,—,68.789,63,137,374,868,1764,278,1,2.8,0,0,0,1,0,0
경남,진주시,대평면,4817045000,939,447,492,—,42.007,7,41,91,212,494,67,0,0.0,0,0,0,0,0,0
경남,진주시,수곡면,4817046000,1988,988,1000,—,41.706,24,65,158,451,1057,125,0,0.0,0,0,0,0,0,0
경남,진주시,천전동,4817051500,26590,13010,13580,—,6.158,930,2069,6894,7489,7177,4543,53,19.9,19,16,5,6,2,2
경남,진주시,성북동,4817055500,9196,4582,4614,—,1.236,235,569,1897,2750,2971,1370,46,50.0,16,15,13,0,0,0
경남,진주시,중앙동,4817056500,9775,4685,5090,—,2.0,173,481,1503,2503,4247,1058,64,65.5,33,16,14,1,0,0
경남,진주시,상봉동,4817059500,12245,6031,6214,—,2.578,244,808,2263,3537,4217,1644,4,3.3,3,0,1,0,0,0
경남,진주시,상대동,4817067300,17540,8729,8811,—,3.24,513,1299,3998,5150,5038,2704,48,27.4,27,9,10,1,0,0
경남,진주시,하대동,4817067800,21649,10877,10772,—,2.899,680,1758,4929,6944,5248,3238,31,14.3,16,9,4,2,0,0
경남,진주시,상평동,4817068000,10296,5183,5113,—,3.02,387,894,2206,3169,2746,1654,1,1.0,0,0,0,0,0,1
경남,진주시,초장동,4817069500,27223,13685,13538,—,12.472,2569,4181,6179,9816,2925,5682,22,8.1,11,5,6,0,0,0
경남,진주시,평거동,4817071000,24771,11747,13024,—,2.609,1204,2709,5724,8304,4748,4554,69,27.9,37,17,13,2,0,0
경남,진주시,신안동,4817071500,10715,5056,5659,—,1.087,359,905,2155,3136,3220,1666,12,11.2,1,5,5,1,0,0
경남,진주시,이현동,4817072000,9620,4764,4856,—,5.793,335,881,1731,3010,2728,1326,6,6.2,2,1,1,2,0,0
경남,진주시,판문동,4817073000,19617,9282,10335,—,16.39,1395,2884,3854,6923,3321,3764,13,6.6,6,2,4,0,0,1
경남,진주시,가호동,4817074000,37121,18898,18223,—,9.709,3323,3414,13842,10296,4376,8634,30,8.1,14,8,7,0,1,0
경남,진주시,충무공동,4817075000,33653,16553,17100,—,3.699,4348,5273,8433,11929,2323,8176,29,8.6,15,8,5,1,0,0
경남,통영시,산양읍,4822025000,4054,2162,1892,—,41.581,49,172,348,1108,1858,293,0,0.0,0,0,0,0,0,0
경남,통영시,용남면,4822031000,11237,5549,5688,—,17.856,482,1434,1593,4011,2746,1639,1,0.9,1,0,0,0,0,0
경남,통영시,도산면,4822033000,2552,1337,1215,—,39.626,17,86,197,582,1380,133,2,7.8,0,0,0,0,0,1
경남,통영시,광도면,4822034000,31972,16334,15638,—,42.776,2135,4714,5938,12310,4802,5993,22,6.9,10,7,5,0,0,0
경남,통영시,욕지면,4822035000,1896,1097,799,—,29.138,22,75,150,602,819,121,0,0.0,0,0,0,0,0,0
경남,통영시,한산면,4822036000,1797,953,844,—,36.089,8,35,95,422,1024,68,0,0.0,0,0,0,0,0,0
경남,통영시,사량면,4822037000,1322,664,658,—,29.562,12,24,72,307,751,61,0,0.0,0,0,0,0,0,0
경남,통영시,도천동,4822051000,7771,3889,3882,—,7.285,166,600,1138,2282,2799,863,5,6.4,4,1,0,0,0,0
경남,통영시,명정동,4822053000,2347,1121,1226,—,4.182,30,112,217,574,1155,168,5,21.3,2,1,2,0,0,0
경남,통영시,중앙동,4822055000,3138,1533,1605,—,0.701,53,152,317,830,1421,277,22,70.1,11,6,4,1,0,0
경남,통영시,정량동,4822059000,7514,3794,3720,—,2.145,151,520,873,2381,2757,764,4,5.3,2,0,1,1,0,0
경남,통영시,북신동,4822060000,9351,4406,4945,—,1.036,385,833,1304,2747,3281,1221,38,40.6,21,8,9,0,0,0
경남,통영시,미수동,4822066500,9703,4766,4937,—,2.753,300,1128,1329,3216,2760,1264,5,5.2,3,1,1,0,0,0
경남,통영시,봉평동,4822067000,8617,4396,4221,—,4.408,171,686,1141,2738,2956,947,4,4.6,2,1,1,0,0,0
경남,통영시,무전동,4822070000,12704,6301,6403,—,1.877,525,1471,2400,4547,2728,2122,32,25.2,16,8,2,3,1,1
경남,사천시,사천읍,4824025000,16468,8825,7643,—,29.903,717,1510,3765,5713,3474,2564,50,30.4,18,14,13,2,0,2
경남,사천시,정동면,4824031000,13272,6661,6611,—,36.766,942,1575,2870,4690,2278,2451,0,0.0,0,0,0,0,0,0
경남,사천시,사남면,4824032000,18325,9545,8780,—,42.194,1558,2465,4485,6293,2572,3601,3,1.6,1,1,1,0,0,0
경남,사천시,용현면,4824033000,8735,4426,4309,—,28.095,469,781,1528,2874,2354,1295,0,0.0,0,0,0,0,0,0
경남,사천시,축동면,4824034000,1437,768,669,—,23.331,24,45,128,335,746,79,3,20.9,0,0,0,0,0,1
경남,사천시,곤양면,4824035000,2937,1537,1400,—,62.619,34,120,236,665,1571,152,6,20.4,3,1,2,0,0,0
경남,사천시,곤명면,4824036000,2574,1304,1270,—,70.162,30,73,197,586,1383,130,3,11.7,1,1,1,0,0,0
경남,사천시,서포면,4824037000,3100,1561,1539,—,49.708,45,105,232,726,1617,149,2,6.5,1,0,1,0,0,0
경남,사천시,동서동,4824051000,4862,2317,2545,—,11.053,60,186,374,1236,2533,336,1,2.1,0,0,0,0,0,1
경남,사천시,선구동,4824052000,4382,2172,2210,—,3.781,90,233,623,1210,1748,443,8,18.3,3,3,2,0,0,0
경남,사천시,동서금동,4824053000,6629,3205,3424,—,1.047,404,587,1061,2028,1968,910,13,19.6,6,2,4,1,0,0
경남,사천시,벌용동,4824055000,13944,6760,7184,—,10.609,455,1381,2158,4649,4022,1877,32,22.9,15,12,4,1,0,0
경남,사천시,향촌동,4824057000,6389,3377,3012,—,12.714,187,506,981,2107,2003,731,2,3.1,0,0,0,0,0,1
경남,사천시,남양동,4824059500,4533,2220,2313,—,22.437,113,291,539,1238,1893,427,1,2.2,1,0,0,0,0,0
경남,사천시,신수출장소,4824089000,209,103,106,—,—,0,5,10,51,127,7,—,—,—,—,—,—,—,—
경남,김해시,진영읍,4825025000,52144,26881,25263,—,39.795,3497,6710,9469,19530,9265,9075,56,10.7,24,15,12,2,0,2
경남,김해시,주촌면,4825032000,21765,11098,10667,—,31.308,2746,2226,5589,7528,2292,4721,12,5.5,5,4,2,0,0,1
경남,김해시,진례면,4825033000,5330,2870,2460,—,44.833,79,244,642,1497,2203,443,5,9.4,2,1,1,0,0,1
경남,김해시,한림면,4825034000,6272,3432,2840,—,58.346,83,247,652,1456,2937,406,3,4.8,1,1,1,0,0,0
경남,김해시,생림면,4825035000,3270,1759,1511,—,49.611,46,80,301,777,1620,201,4,12.2,1,0,2,0,0,1
경남,김해시,상동면,4825036000,2835,1561,1274,—,69.034,33,92,339,709,1232,226,2,7.1,1,0,0,0,0,1
경남,김해시,대동면,4825037000,4834,2495,2339,—,48.55,54,169,418,1014,2568,297,2,4.1,1,0,1,0,0,0
경남,김해시,동상동,4825051000,8185,4231,3954,—,1.845,293,490,1697,2549,2272,1181,1,1.2,0,0,1,0,0,0
경남,김해시,회현동,4825052000,7851,3906,3945,—,1.145,344,485,1486,2254,2463,1093,23,29.3,11,5,4,0,0,2
경남,김해시,부원동,4825053000,8729,4473,4256,—,2.016,361,494,1947,2749,2253,1343,51,58.4,25,8,9,4,0,2
경남,김해시,내외동,4825054000,66159,32925,33234,—,5.383,2681,5899,16130,22713,11826,11538,121,18.3,53,34,21,8,0,2
경남,김해시,북부동,4825055000,80538,40236,40302,—,12.787,4965,9683,18212,29476,11735,15035,79,9.8,33,21,17,1,2,2
경남,김해시,칠산서부동,4825056500,8425,4493,3932,—,19.524,238,550,1508,2687,2500,1038,1,1.2,0,0,0,0,0,1
경남,김해시,활천동,4825058000,35237,18017,17220,—,5.927,1185,3021,7399,11930,7788,5367,41,11.6,16,8,9,1,1,5
경남,김해시,삼안동,4825059000,34790,17793,16997,—,11.574,1490,2496,8985,10973,7173,5862,20,5.7,9,7,4,0,0,0
경남,김해시,불암동,4825060000,6384,3223,3161,—,2.862,232,576,1179,2074,1584,882,5,7.8,2,1,2,0,0,0
경남,김해시,장유1동,4825061000,71589,35781,35808,—,12.992,5744,8416,17882,26843,8281,14684,53,7.4,28,12,9,0,1,2
경남,김해시,장유2동,4825062000,36921,18768,18153,—,19.502,2055,4565,8420,14556,4885,6939,35,9.5,13,7,6,2,0,4
경남,김해시,장유3동,4825063000,71596,35466,36130,—,22.401,6690,11986,14943,28015,6910,15476,71,9.9,38,19,12,2,0,0
경남,밀양시,삼랑진읍,4827025000,4817,2446,2371,—,78.552,65,182,424,1119,2426,314,7,14.5,4,1,1,0,0,1
경남,밀양시,삼랑진임천출장소,4827025100,1393,714,679,—,—,11,61,325,234,631,173,—,—,—,—,—,—,—,—
경남,밀양시,하남읍,4827025300,6396,3224,3172,—,38.755,124,305,602,1598,3010,485,9,14.1,4,2,2,1,0,0
경남,밀양시,부북면,4827031000,5234,2747,2487,—,55.276,87,195,601,1220,2493,386,1,1.9,1,0,0,0,0,0
경남,밀양시,상동면,4827032000,3064,1510,1554,—,51.846,42,80,200,582,1742,148,1,3.3,0,0,1,0,0,0
경남,밀양시,산외면,4827033000,2708,1404,1304,—,34.999,41,101,194,583,1420,141,1,3.7,0,0,1,0,0,0
경남,밀양시,산내면,4827034000,3574,1834,1740,—,106.459,37,116,221,804,1899,169,1,2.8,1,0,0,0,0,0
경남,밀양시,단장면,4827035000,4161,2100,2061,—,142.155,33,122,307,845,2237,222,1,2.4,0,0,0,0,0,1
경남,밀양시,상남면,4827036000,7447,3774,3673,—,55.93,202,463,839,1945,3147,663,2,2.7,1,0,1,0,0,0
경남,밀양시,초동면,4827037000,3140,1586,1554,—,47.396,21,80,221,697,1740,158,0,0.0,0,0,0,0,0,0
경남,밀양시,무안면,4827038000,4447,2268,2179,—,100.785,37,277,337,862,2400,258,4,9.0,2,1,1,0,0,0
경남,밀양시,청도면,4827039000,1641,831,810,—,57.394,17,29,76,285,1023,57,0,0.0,0,0,0,0,0,0
경남,밀양시,내일동,4827051000,2353,1147,1206,—,11.646,48,105,277,597,1081,197,7,29.7,3,1,1,1,0,1
경남,밀양시,내이동,4827052000,17036,8547,8489,—,3.249,1150,1509,3835,5531,3673,2906,38,22.3,18,9,8,1,0,1
경남,밀양시,삼문동,4827053000,18467,8807,9660,—,2.407,1061,2289,3196,6238,4180,2963,34,18.4,12,8,10,4,0,0
경남,밀양시,가곡동,4827054000,7196,3383,3813,—,6.614,234,477,1136,2044,2572,923,5,6.9,1,2,1,0,0,0
경남,밀양시,교동,4827055000,5231,2506,2725,—,4.901,181,415,876,1621,1567,701,1,1.9,0,0,0,0,0,1
경남,거제시,일운면,4831031000,7830,4006,3824,—,32.62,294,595,980,2662,2401,971,4,5.1,2,1,1,0,0,0
경남,거제시,동부면,4831032000,2717,1403,1314,—,54.291,31,111,243,698,1317,193,2,7.4,1,0,0,1,0,0
경남,거제시,남부면,4831033000,1378,712,666,—,36.105,10,43,91,341,707,71,0,0.0,0,0,0,0,0,0
경남,거제시,거제면,4831034000,6703,3366,3337,—,38.002,202,506,722,1994,2557,680,7,10.4,3,1,2,0,0,1
경남,거제시,둔덕면,4831035000,2485,1264,1221,—,33.868,26,85,221,582,1278,162,0,0.0,0,0,0,0,0,0
경남,거제시,사등면,4831036000,10543,5488,5055,—,36.407,549,1288,1323,3930,2491,1541,5,4.7,2,0,2,0,0,0
경남,거제시,사등면가조출장소,4831036600,1021,525,496,—,—,11,36,84,273,488,74,—,—,—,—,—,—,—,—
경남,거제시,연초면,4831037000,9327,5146,4181,—,40.136,272,803,1394,3610,2292,1202,4,4.3,1,1,1,0,1,0
경남,거제시,하청면,4831038000,2776,1454,1322,—,32.398,49,179,259,740,1213,211,1,3.6,1,0,0,0,0,0
경남,거제시,하청면칠천출장소,4831038500,1016,533,483,—,—,12,32,52,258,541,63,—,—,—,—,—,—,—,—
경남,거제시,장목면,4831039000,2622,1359,1263,—,39.87,29,55,224,672,1331,157,3,11.4,1,1,1,0,0,0
경남,거제시,장목면외포출장소,4831039500,1182,597,585,—,—,15,48,94,327,569,85,—,—,—,—,—,—,—,—
경남,거제시,장승포동,4831051000,5026,2797,2229,—,4.221,108,446,875,1818,1275,593,5,9.9,0,0,3,0,1,1
경남,거제시,능포동,4831053000,8002,4350,3652,—,3.713,180,659,1073,2895,2299,907,7,8.7,2,3,2,0,0,0
경남,거제시,아주동,4831054000,24584,13344,11240,—,13.418,2100,4181,4942,10466,1810,5004,14,5.7,8,4,2,0,0,0
경남,거제시,옥포1동,4831055000,7201,3861,3340,—,2.219,354,658,1407,2769,1409,1144,13,18.1,5,4,2,2,0,0
경남,거제시,옥포2동,4831056000,23158,12294,10864,—,8.736,1003,2638,3919,9080,4444,3542,17,7.3,9,3,5,0,0,0
경남,거제시,장평동,4831057000,19018,10847,8171,—,7.313,895,1853,4291,8061,2391,2996,16,8.4,8,5,3,0,0,0
경남,거제시,고현동,4831058000,35610,18320,17290,—,5.029,2216,4334,7193,13799,5467,6448,99,27.8,54,27,11,3,0,0
경남,거제시,상문동,4831059000,34493,17466,17027,—,20.725,3248,5968,6524,14473,2655,7327,11,3.2,4,3,3,0,1,0
경남,거제시,수양동,4831060000,22082,11224,10858,—,11.054,1570,4133,3593,9548,2083,4432,8,3.6,2,3,3,0,0,0
경남,양산시,물금읍,4833025300,117213,58069,59144,—,19.819,10029,15493,27113,41061,16389,24921,133,11.3,63,28,28,7,0,1
경남,양산시,동면,4833031000,57866,29235,28631,—,55.233,6244,5726,14171,19433,8711,12246,34,5.9,17,10,6,1,0,0
경남,양산시,원동면,4833032000,3061,1564,1497,—,147.803,57,93,238,590,1701,170,0,0.0,0,0,0,0,0,0
경남,양산시,상북면,4833033000,13528,6891,6637,—,68.57,458,755,2262,3987,4469,1673,10,7.4,3,2,1,0,0,2
경남,양산시,하북면,4833034000,7356,3833,3523,—,69.204,77,401,888,1975,3029,581,8,10.9,2,1,3,0,0,2
경남,양산시,중앙동,4833051000,10991,5823,5168,—,11.435,273,589,2047,3421,3430,1389,37,33.7,13,7,14,0,0,3
경남,양산시,양주동,4833051500,29314,13988,15326,—,2.085,1119,3205,5986,10341,6149,4936,77,26.3,41,18,13,2,0,0
경남,양산시,삼성동,4833052000,19374,10262,9112,—,16.061,729,1389,4213,6703,4310,2878,14,7.2,7,3,2,0,1,1
경남,양산시,강서동,4833053000,8039,4038,4001,—,29.412,298,831,1551,2816,1859,1288,2,2.5,1,0,1,0,0,0
경남,양산시,서창동,4833054000,25520,13370,12150,—,22.693,1091,2912,4442,9468,5457,3803,38,14.9,18,10,7,0,1,1
경남,양산시,소주동,4833055000,19156,9544,9612,—,18.383,719,1539,3307,6699,5029,2770,6,3.1,2,1,2,0,0,0
경남,양산시,평산동,4833056000,28299,13751,14548,—,11.529,1139,2855,4747,9561,7681,4129,16,5.7,4,5,4,2,0,1
경남,양산시,덕계동,4833057000,21327,10554,10773,—,13.332,1725,2008,4552,7212,4195,3819,46,21.6,27,10,6,0,0,1
경남,의령군,의령읍,4872025000,8868,4451,4417,—,34.409,420,830,1447,2904,2526,1266,20,22.6,8,5,5,1,0,0
경남,의령군,가례면,4872031000,1547,781,766,—,35.296,13,47,121,333,843,81,0,0.0,0,0,0,0,0,0
경남,의령군,칠곡면,4872032000,1132,555,577,—,22.156,7,27,86,233,630,67,0,0.0,0,0,0,0,0,0
경남,의령군,대의면,4872033000,1009,503,506,—,35.773,31,43,76,197,545,60,0,0.0,0,0,0,0,0,0
경남,의령군,화정면,4872034000,1419,709,710,—,38.687,32,44,116,325,736,88,0,0.0,0,0,0,0,0,0
경남,의령군,용덕면,4872035000,1364,705,659,—,33.616,7,25,112,294,738,63,0,0.0,0,0,0,0,0,0
경남,의령군,정곡면,4872036000,1292,652,640,—,39.96,16,39,71,264,748,55,0,0.0,0,0,0,0,0,0
경남,의령군,지정면,4872037000,1705,858,847,—,46.739,24,39,114,346,981,99,0,0.0,0,0,0,0,0,0
경남,의령군,낙서면,4872038000,652,313,339,—,24.071,10,12,34,108,413,27,0,0.0,0,0,0,0,0,0
경남,의령군,부림면,4872039000,2517,1235,1282,—,47.167,44,118,242,599,1235,167,5,19.9,2,1,1,0,0,1
경남,의령군,봉수면,4872040000,932,511,421,—,32.581,9,32,80,180,535,39,0,0.0,0,0,0,0,0,0
경남,의령군,궁류면,4872041500,1001,491,510,—,43.335,4,15,35,143,688,29,0,0.0,0,0,0,0,0,0
경남,의령군,유곡면,4872042000,1080,528,552,—,46.345,12,22,54,194,654,44,0,0.0,0,0,0,0,0,0
경남,함안군,가야읍,4873025000,16313,8307,8006,—,41.047,630,1613,2526,5318,4671,2101,28,17.2,13,9,6,0,0,0
경남,함안군,칠원읍,4873025300,17291,8808,8483,—,49.934,816,2464,2346,6292,3964,2548,13,7.5,3,4,3,1,0,2
경남,함안군,함안면,4873031000,2225,1143,1082,—,28.279,40,75,184,483,1160,142,0,0.0,0,0,0,0,0,0
경남,함안군,군북면,4873032000,5518,2905,2613,—,78.968,178,235,786,1192,2548,461,8,14.5,4,3,1,0,0,0
경남,함안군,법수면,4873033000,2574,1347,1227,—,34.702,31,71,208,578,1356,149,0,0.0,0,0,0,0,0,0
경남,함안군,대산면,4873034000,2963,1509,1454,—,47.244,26,89,194,601,1714,140,4,13.5,2,0,2,0,0,0
경남,함안군,칠서면,4873035000,4701,2483,2218,—,36.491,106,365,542,1431,1739,447,1,2.1,0,0,0,0,0,0
경남,함안군,칠북면,4873036000,1738,933,805,—,32.139,17,34,113,320,1023,72,0,0.0,0,0,0,0,0,0
경남,함안군,산인면,4873038000,2460,1251,1209,—,36.637,41,76,222,570,1205,170,1,4.1,0,0,0,1,0,0
경남,함안군,여항면,4873039000,872,463,409,—,28.536,3,16,56,159,514,40,0,0.0,0,0,0,0,0,0
경남,창녕군,창녕읍,4874025000,14888,7417,7471,—,61.09,710,1337,2266,4539,4626,1928,33,22.2,16,7,6,2,0,2
경남,창녕군,남지읍,4874025300,11102,5579,5523,—,54.442,497,1095,1224,3354,3839,1225,14,12.6,5,4,3,0,0,2
경남,창녕군,고암면,4874031000,1733,891,842,—,43.922,33,86,157,319,932,99,1,5.8,0,0,0,0,0,1
경남,창녕군,성산면,4874032000,1453,729,724,—,46.232,16,24,107,304,794,82,0,0.0,0,0,0,0,0,0
경남,창녕군,대합면,4874033000,3394,1731,1663,—,46.525,47,125,321,838,1647,225,0,0.0,0,0,0,0,0,0
경남,창녕군,이방면,4874034000,2249,1069,1180,—,45.808,30,281,146,417,1121,122,0,0.0,0,0,0,0,0,0
경남,창녕군,유어면,4874035000,1558,775,783,—,32.67,22,29,125,304,899,80,0,0.0,0,0,0,0,0,0
경남,창녕군,대지면,4874036000,2271,1189,1082,—,17.901,60,179,231,613,962,198,1,4.4,1,0,0,0,0,0
경남,창녕군,계성면,4874037000,2046,1049,997,—,28.539,28,52,172,494,1040,114,0,0.0,0,0,0,0,0,0
경남,창녕군,영산면,4874038000,4713,2419,2294,—,28.109,89,234,540,1223,2054,359,9,19.1,4,3,1,0,0,1
경남,창녕군,장마면,4874039000,1687,875,812,—,29.588,20,46,139,342,932,98,0,0.0,0,0,0,0,0,0
경남,창녕군,도천면,4874040000,2381,1194,1187,—,25.467,34,92,220,595,1142,171,0,0.0,0,0,0,0,0,0
경남,창녕군,길곡면,4874041000,1408,716,692,—,26.263,4,38,100,289,779,77,0,0.0,0,0,0,0,0,0
경남,창녕군,부곡면,4874042000,3290,1635,1655,—,38.805,54,90,286,727,1704,209,5,15.2,2,0,0,0,0,1
경남,고성군,고성읍,4882025000,22358,11263,11095,—,44.291,820,2603,3143,7229,6507,2893,32,14.3,15,9,4,2,0,2
경남,고성군,삼산면,4882031000,1679,877,802,—,36.828,34,71,104,361,912,74,0,0.0,0,0,0,0,0,0
경남,고성군,하일면,4882032000,1678,856,822,—,32.205,22,74,121,336,939,81,0,0.0,0,0,0,0,0,0
경남,고성군,하이면,4882033000,2406,1259,1147,—,39.079,37,134,238,629,1095,169,0,0.0,0,0,0,0,0,0
경남,고성군,상리면,4882034000,1434,728,706,—,45.985,5,43,95,301,823,69,0,0.0,0,0,0,0,0,0
경남,고성군,대가면,4882035000,1537,788,749,—,52.139,16,36,92,305,888,80,0,0.0,0,0,0,0,0,0
경남,고성군,영현면,4882036000,817,401,416,—,31.752,9,18,43,139,516,38,0,0.0,0,0,0,0,0,0
경남,고성군,영오면,4882037000,1265,651,614,—,22.487,18,45,95,265,692,64,2,15.8,1,0,1,0,0,0
경남,고성군,개천면,4882038000,1017,520,497,—,40.277,9,50,66,190,591,49,0,0.0,0,0,0,0,0,0
경남,고성군,구만면,4882039000,924,464,460,—,21.306,15,29,54,176,540,39,0,0.0,0,0,0,0,0,0
경남,고성군,회화면,4882040000,3190,1615,1575,—,29.823,57,245,281,815,1437,246,6,18.8,2,1,2,0,0,0
경남,고성군,마암면,4882041000,1592,806,786,—,33.592,9,36,94,359,885,70,0,0.0,0,0,0,0,0,0
경남,고성군,동해면,4882042000,2889,1487,1402,—,56.784,22,107,231,668,1487,149,0,0.0,0,0,0,0,0,0
경남,고성군,거류면,4882043000,3926,2056,1870,—,35.875,65,227,347,1120,1731,277,3,7.6,1,1,1,0,0,0
경남,남해군,남해읍,4884025000,12710,6204,6506,—,26.823,573,1236,2229,3870,3644,1790,29,22.8,13,8,6,1,0,1
경남,남해군,이동면,4884031000,3527,1730,1797,—,46.788,29,188,287,761,1844,211,1,2.8,1,0,0,0,0,0
경남,남해군,상주면,4884032000,1578,778,800,—,24.963,39,123,141,358,742,124,1,6.3,1,0,0,0,0,0
경남,남해군,삼동면,4884033000,3800,1882,1918,—,53.672,68,221,292,921,1893,281,1,2.6,1,0,0,0,0,0
경남,남해군,미조면,4884034000,2109,1072,1037,—,17.991,30,99,270,544,910,184,2,9.5,1,1,0,0,0,0
경남,남해군,남면,4884035000,3412,1647,1765,—,44.929,37,265,275,775,1710,214,1,2.9,1,0,0,0,0,0
경남,남해군,서면,4884036000,2562,1306,1256,—,41.912,40,199,167,512,1359,136,0,0.0,0,0,0,0,0,0
경남,남해군,고현면,4884037000,3212,1547,1665,—,29.766,57,141,274,679,1704,191,1,3.1,0,0,1,0,0,0
경남,남해군,설천면,4884038000,2633,1273,1360,—,26.329,33,73,169,506,1541,117,0,0.0,0,0,0,0,0,0
경남,남해군,창선면,4884039000,5530,2662,2868,—,59.262,74,332,398,1220,2885,346,5,9.0,2,1,2,0,0,0
경남,하동군,하동읍,4885025000,9028,4438,4590,—,29.271,370,735,1343,2665,3067,1113,22,24.4,12,5,5,0,0,0
경남,하동군,화개면,4885031000,2678,1357,1321,—,133.28,34,113,233,735,1188,187,3,11.2,1,1,1,0,0,0
경남,하동군,악양면,4885032000,3202,1595,1607,—,52.31,45,126,243,772,1603,173,0,0.0,0,0,0,0,0,0
경남,하동군,적량면,4885033000,1762,884,878,—,41.101,28,72,145,372,916,111,0,0.0,0,0,0,0,0,0
경남,하동군,횡천면,4885034000,1720,855,865,—,34.19,30,47,109,362,970,88,0,0.0,0,0,0,0,0,0
경남,하동군,고전면,4885035000,1905,946,959,—,36.287,23,66,144,427,1026,111,0,0.0,0,0,0,0,0,0
경남,하동군,금남면,4885036000,3035,1584,1451,—,44.187,44,116,247,720,1553,167,3,9.9,1,1,0,0,0,0
경남,하동군,진교면,4885037000,5382,2690,2692,—,50.436,177,365,561,1519,2229,488,9,16.7,4,3,2,0,0,0
경남,하동군,양보면,4885038000,1545,752,793,—,34.26,20,31,101,300,911,67,0,0.0,0,0,0,0,0,0
경남,하동군,북천면,4885039000,1445,728,717,—,32.759,19,40,95,314,802,72,1,6.9,0,0,0,0,0,1
경남,하동군,청암면,4885040000,1267,665,602,—,75.41,32,59,96,278,654,78,0,0.0,0,0,0,0,0,0
경남,하동군,옥종면,4885041000,4003,2054,1949,—,87.25,95,212,362,986,1866,282,4,10.0,1,1,1,0,0,1
경남,하동군,금성면,4885042000,2593,1358,1235,—,23.839,66,113,328,726,1067,204,0,0.0,0,0,0,0,0,0
경남,산청군,산청읍,4886025000,6426,3209,3217,—,67.224,233,528,933,1776,2338,750,14,21.8,7,3,4,0,0,0
경남,산청군,차황면,4886031000,1302,659,643,—,47.084,21,50,57,253,754,50,0,0.0,0,0,0,0,0,0
경남,산청군,오부면,4886032000,943,466,477,—,34.739,6,37,53,194,554,43,0,0.0,0,0,0,0,0,0
경남,산청군,생초면,4886033000,1790,885,905,—,52.411,18,67,114,336,1045,86,1,5.6,0,0,1,0,0,0
경남,산청군,금서면,4886034000,2806,1386,1420,—,75.774,43,126,256,712,1328,208,3,10.7,0,0,2,0,0,1
경남,산청군,삼장면,4886035000,1723,847,876,—,102.319,20,38,132,362,926,83,2,11.6,0,0,2,0,0,0
경남,산청군,시천면,4886036000,3839,1933,1906,—,126.59,43,170,319,1029,1765,257,4,10.4,2,1,1,0,0,0
경남,산청군,단성면,4886037000,5438,2739,2699,—,108.658,106,166,444,1308,2671,338,1,1.8,1,0,0,0,0,0
경남,산청군,신안면,4886038000,5389,2672,2717,—,71.594,201,384,667,1464,2060,572,11,20.4,6,2,3,0,0,0
경남,산청군,생비량면,4886039000,1090,547,543,—,43.877,8,38,61,216,635,48,0,0.0,0,0,0,0,0,0
경남,산청군,신등면,4886040000,1882,958,924,—,57.8,14,54,133,404,1069,88,0,0.0,0,0,0,0,0,0
경남,함양군,함양읍,4887025000,16704,8157,8547,—,68.234,798,1638,2573,5148,5042,2214,37,22.2,17,10,9,1,0,0
경남,함양군,마천면,4887031000,1911,943,968,—,107.327,26,58,119,446,979,97,1,5.2,0,0,1,0,0,0
경남,함양군,휴천면,4887032000,1401,700,701,—,61.765,31,35,80,297,757,71,0,0.0,0,0,0,0,0,0
경남,함양군,유림면,4887033000,1500,737,763,—,29.847,19,53,86,302,865,68,0,0.0,0,0,0,0,0,0
경남,함양군,수동면,4887034000,2089,1065,1024,—,48.881,21,133,191,465,1074,128,0,0.0,0,0,0,0,0,0
경남,함양군,지곡면,4887035000,1878,914,964,—,41.673,19,72,130,424,1008,106,0,0.0,0,0,0,0,0,0
경남,함양군,안의면,4887036000,3940,1891,2049,—,96.775,66,167,269,902,2115,238,5,12.7,3,1,1,0,0,0
경남,함양군,서하면,4887037000,1278,614,664,—,70.32,28,31,75,237,731,50,0,0.0,0,0,0,0,0,0
경남,함양군,서상면,4887038000,1648,802,846,—,89.021,21,64,120,349,914,98,1,6.1,1,0,0,0,0,0
경남,함양군,백전면,4887039000,1514,791,723,—,55.706,19,103,98,295,811,85,0,0.0,0,0,0,0,0,0
경남,함양군,병곡면,4887040000,1211,604,607,—,48.42,6,46,110,262,627,57,0,0.0,0,0,0,0,0,0
경남,거창군,거창읍,4888025000,39612,19528,20084,—,55.346,2290,4865,7319,12293,9664,6028,62,15.7,27,18,11,3,0,3
경남,거창군,주상면,4888031000,1404,710,694,—,50.218,12,40,86,266,837,61,0,0.0,0,0,0,0,0,0
경남,거창군,웅양면,4888032000,1714,839,875,—,57.702,22,67,122,367,942,91,0,0.0,0,0,0,0,0,0
경남,거창군,고제면,4888033000,1278,659,619,—,59.059,12,33,81,260,716,51,0,0.0,0,0,0,0,0,0
경남,거창군,북상면,4888034000,1478,716,762,—,122.284,21,67,100,303,807,87,0,0.0,0,0,0,0,0,0
경남,거창군,위천면,4888035000,1795,880,915,—,54.417,23,139,128,365,950,95,1,5.6,0,0,1,0,0,0
경남,거창군,마리면,4888036000,1858,904,954,—,46.617,24,69,139,370,1031,102,0,0.0,0,0,0,0,0,0
경남,거창군,남상면,4888037000,2159,1059,1100,—,67.016,28,60,186,453,1180,135,0,0.0,0,0,0,0,0,0
경남,거창군,남하면,4888038000,1332,659,673,—,49.548,21,36,94,236,795,64,0,0.0,0,0,0,0,0,0
경남,거창군,신원면,4888039000,1441,708,733,—,73.874,21,42,68,255,886,47,0,0.0,0,0,0,0,0,0
경남,거창군,가조면,4888040000,3374,1618,1756,—,65.294,57,114,256,727,1841,191,3,8.9,1,0,2,0,0,0
경남,거창군,가북면,4888041000,1292,650,642,—,96.226,18,32,68,247,775,37,0,0.0,0,0,0,0,0,0
경남,합천군,합천읍,4889025000,10270,5024,5246,—,54.007,495,974,1671,3166,3015,1446,25,24.3,9,7,7,1,0,1
경남,합천군,봉산면,4889031000,1328,682,646,—,79.343,11,30,78,237,800,61,0,0.0,0,0,0,0,0,0
경남,합천군,묘산면,4889032000,1374,675,699,—,49.297,8,24,64,252,850,62,0,0.0,0,0,0,0,0,0
경남,합천군,가야면,4889033000,3713,1855,1858,—,104.093,35,139,292,862,1905,207,4,10.8,1,1,2,0,0,0
경남,합천군,야로면,4889034000,2156,1083,1073,—,47.623,32,105,154,462,1161,135,1,4.6,1,0,0,0,0,0
경남,합천군,율곡면,4889035000,1983,1018,965,—,73.243,26,47,146,405,1141,98,0,0.0,0,0,0,0,0,0
경남,합천군,초계면,4889036000,2069,1020,1049,—,22.839,39,85,180,479,1074,119,4,19.3,2,1,1,0,0,0
경남,합천군,쌍책면,4889037000,1100,532,568,—,38.79,12,25,44,184,709,42,0,0.0,0,0,0,0,0,0
경남,합천군,덕곡면,4889038000,758,398,360,—,26.397,9,16,41,139,456,24,0,0.0,0,0,0,0,0,0
경남,합천군,청덕면,4889039000,1415,722,693,—,57.156,10,30,87,289,848,52,0,0.0,0,0,0,0,0,0
경남,합천군,적중면,4889040000,1215,592,623,—,24.228,11,34,85,231,733,51,0,0.0,0,0,0,0,0,0
경남,합천군,대양면,4889041000,1598,813,785,—,56.86,76,85,167,396,721,141,2,12.5,0,0,0,0,0,1
경남,합천군,쌍백면,4889042000,1526,745,781,—,63.208,22,47,68,258,949,54,0,0.0,0,0,0,0,0,0
경남,합천군,삼가면,4889043000,2806,1318,1488,—,59.803,44,90,230,621,1543,175,6,21.4,3,1,2,0,0,0
경남,합천군,가회면,4889044000,1622,836,786,—,70.006,8,89,72,306,922,83,0,0.0,0,0,0,0,0,0
경남,합천군,대병면,4889045000,1790,887,903,—,63.308,15,48,120,351,1012,85,0,0.0,0,0,0,0,0,0
경남,합천군,용주면,4889046000,2009,1025,984,—,89.374,24,42,115,413,1161,88,0,0.0,0,0,0,0,0,0
제주,제주시,한림읍,5011025000,19963,10256,9707,—,96.585,931,1734,3152,6697,5530,2774,28,14.0,13,7,7,0,0,1
제주,제주시,애월읍,5011025300,38395,19607,18788,—,204.234,2545,3880,6920,13376,8312,6429,16,4.2,8,4,4,0,0,0
제주,제주시,구좌읍,5011025600,14842,7625,7217,—,192.467,617,1153,2098,4904,4612,1966,14,9.4,6,3,5,0,0,0
제주,제주시,조천읍,5011025900,25976,13143,12833,—,152.136,1583,2336,4790,8869,6089,4299,21,8.1,9,4,8,0,0,0
제주,제주시,한경면,5011031000,9554,4804,4750,—,78.227,442,667,1199,3241,3051,1317,7,7.3,4,1,2,0,0,0
제주,제주시,추자면,5011032000,1492,835,657,—,8.812,40,72,157,424,631,120,1,6.7,0,0,1,0,0,0
제주,제주시,우도면,5011033000,1482,790,692,—,7.736,60,70,254,451,474,189,0,0.0,0,0,0,0,0,0
제주,제주시,일도1동,5011051000,2045,1074,971,—,0.308,59,97,312,595,733,228,19,92.9,7,9,3,0,0,0
제주,제주시,일도2동,5011052000,30599,14952,15647,—,2.187,1830,3318,6655,9355,6945,5196,59,19.3,30,15,13,0,0,1
제주,제주시,이도1동,5011053000,7550,3704,3846,—,0.649,333,645,1990,2218,1757,1478,37,49.0,18,10,8,0,0,0
제주,제주시,이도2동,5011054000,45363,21921,23442,—,5.614,2787,5518,11390,14858,7675,9239,91,20.1,44,32,12,1,1,1
제주,제주시,삼도1동,5011055000,12612,6170,6442,—,0.889,636,1240,2665,3952,3083,2073,30,23.8,16,6,5,0,1,2
제주,제주시,삼도2동,5011056000,7495,3866,3629,—,0.894,412,556,1631,2327,1906,1186,10,13.3,5,1,2,1,0,1
제주,제주시,용담1동,5011057000,6294,3281,3013,—,0.709,230,522,1209,1993,1769,874,15,23.8,7,3,4,0,0,0
제주,제주시,용담2동,5011058000,13391,6741,6650,—,5.168,636,1304,2617,4107,3523,2055,10,7.5,6,2,2,0,0,0
제주,제주시,건입동,5011059000,8302,4203,4099,—,3.415,414,681,1597,2459,2437,1226,5,6.0,3,1,1,0,0,0
제주,제주시,화북동,5011060000,22785,11302,11483,—,8.255,1602,2673,4943,7382,4303,3992,26,11.4,13,9,4,0,0,0
제주,제주시,삼양동,5011061000,26586,13267,13319,—,10.145,2536,3909,5770,9119,3664,5313,31,11.7,16,7,8,0,0,0
제주,제주시,봉개동,5011062000,5186,2683,2503,—,49.198,416,410,1226,1608,1113,902,6,11.6,2,1,1,1,0,1
제주,제주시,아라동,5011063000,41187,20236,20951,—,72.395,3829,5078,11476,13509,4963,9254,29,7.0,12,5,6,2,1,2
제주,제주시,오라동,5011064000,16109,8118,7991,—,25.746,1607,1953,3824,5573,2173,3182,9,5.6,5,2,1,0,0,0
제주,제주시,연동,5011065000,42971,21174,21797,—,12.064,2405,4144,12507,14349,6609,9578,57,13.3,28,16,11,0,1,1
제주,제주시,노형동,5011066000,54226,26377,27849,—,44.468,3762,6510,14116,18679,7241,11275,180,33.2,107,44,28,0,0,0
제주,제주시,외도동,5011067000,22329,11164,11165,—,8.644,2052,2944,5308,7864,2800,4492,36,16.1,21,7,8,0,0,0
제주,제주시,이호동,5011068000,4238,2183,2055,—,2.688,235,342,964,1375,948,698,4,9.4,1,1,1,0,1,0
제주,제주시,도두동,5011069000,3177,1690,1487,—,4.254,197,325,617,1145,624,515,2,6.3,1,0,1,0,0,0
제주,서귀포시,대정읍,5013025000,21571,10498,11073,—,85.077,1346,2832,3056,7389,5249,3452,39,18.1,19,11,9,0,0,0
제주,서귀포시,남원읍,5013025300,17600,9105,8495,—,188.75,727,1322,2561,5456,5594,2076,14,8.0,4,5,5,0,0,0
제주,서귀포시,성산읍,5013025900,14506,7585,6921,—,113.499,590,1018,2011,4432,4759,1717,12,8.3,6,2,4,0,0,0
제주,서귀포시,안덕면,5013031000,12237,6294,5943,—,104.981,596,1021,2212,4105,3135,1900,9,7.4,5,1,3,0,0,0
제주,서귀포시,표선면,5013032000,12849,6604,6245,—,135.287,711,1440,1710,4307,3448,1735,14,10.9,6,3,5,0,0,0
제주,서귀포시,송산동,5013051000,3704,1919,1785,—,5.214,173,280,583,1149,1173,478,0,0.0,0,0,0,0,0,0
제주,서귀포시,정방동,5013052000,2032,999,1033,—,0.46,53,148,347,661,635,308,19,93.5,14,3,2,0,0,0
제주,서귀포시,중앙동,5013053000,2894,1347,1547,—,0.336,96,182,409,813,1065,341,58,200.4,32,15,9,2,0,0
제주,서귀포시,천지동,5013054000,3270,1647,1623,—,1.983,108,212,612,1038,976,463,20,61.2,13,4,3,0,0,0
제주,서귀포시,효돈동,5013055000,5184,2607,2577,—,6.956,282,453,822,1609,1540,708,2,3.9,1,0,1,0,0,0
제주,서귀포시,영천동,5013056000,4959,2528,2431,—,43.343,184,380,804,1531,1546,592,1,2.0,0,0,1,0,0,0
제주,서귀포시,동홍동,5013057000,22409,10865,11544,—,12.579,1378,2719,4503,7603,4420,3883,13,5.8,5,5,2,0,1,0
제주,서귀포시,서홍동,5013058000,10947,5441,5506,—,18.247,913,1514,2179,3699,1946,1947,2,1.8,0,1,1,0,0,0
제주,서귀포시,대륜동,5013059000,14757,7423,7334,—,23.641,1080,1417,2932,5074,3139,2649,10,6.8,7,1,2,0,0,0
제주,서귀포시,대천동,5013060000,13834,7013,6821,—,46.767,1197,1451,2875,4684,2688,2612,15,10.8,10,3,2,0,0,0
제주,서귀포시,중문동,5013061000,12045,6092,5953,—,60.343,771,1135,2622,4096,2514,2259,11,9.1,1,4,5,1,0,0
제주,서귀포시,예래동,5013062000,3734,1930,1804,—,37.281,128,266,686,1165,1108,527,5,13.4,3,1,1,0,0,0
강원,춘천시,신북읍,5111025000,6779,3396,3383,—,58.145,171,288,1038,1699,2810,731,0,0.0,0,0,0,0,0,0
강원,춘천시,동면,5111031000,18516,9055,9461,—,132.079,1122,2536,3397,6131,3926,3183,6,3.2,2,1,2,0,0,1
강원,춘천시,동산면,5111032000,1327,752,575,—,80.251,18,39,165,255,690,82,2,15.1,0,0,0,0,0,0
강원,춘천시,신동면,5111033000,2526,1310,1216,—,47.719,59,145,304,664,1056,228,0,0.0,0,0,0,0,0,0
강원,춘천시,남면,5111034000,1001,548,453,—,71.402,7,24,68,212,555,60,1,10.0,0,0,0,0,0,1
강원,춘천시,서면,5111035000,3513,1841,1672,—,140.795,46,115,348,739,1778,241,2,5.7,0,0,0,0,0,1
강원,춘천시,사북면,5111036000,2242,1112,1130,—,152.86,39,95,186,459,1177,146,0,0.0,0,0,0,0,0,0
강원,춘천시,북산면,5111038000,924,523,401,—,213.337,7,13,41,161,547,22,0,0.0,0,0,0,0,0,0
강원,춘천시,동내면,5111039000,22955,11518,11437,—,36.788,1582,2183,5684,7487,4283,4430,5,2.2,4,0,1,0,0,0
강원,춘천시,남산면,5111040000,3227,1703,1524,—,123.522,57,109,310,777,1568,255,2,6.2,1,0,1,0,0,0
강원,춘천시,교동,5111052000,3855,2051,1804,—,0.546,68,148,1688,743,954,873,2,5.2,0,0,1,0,1,0
강원,춘천시,조운동,5111053000,2408,1180,1228,—,0.309,63,87,548,625,878,362,41,170.3,20,14,6,0,0,0
강원,춘천시,약사명동,5111054500,5271,2556,2715,—,0.552,526,437,1306,1543,1133,1064,28,53.1,17,5,5,0,0,1
강원,춘천시,근화동,5111057000,8833,4353,4480,—,9.192,769,736,2507,2387,1848,1817,1,1.1,0,0,1,0,0,0
강원,춘천시,소양동,5111058000,10673,5207,5466,—,1.262,784,932,2799,3163,2213,2075,14,13.1,9,3,1,1,0,0
강원,춘천시,후평1동,5111060000,10757,5346,5411,—,2.005,286,669,2882,2821,3199,1869,6,5.6,5,1,0,0,0,0
강원,춘천시,후평2동,5111061000,13468,6325,7143,—,0.533,857,1301,3609,3935,2811,2771,7,5.2,3,3,1,0,0,0
강원,춘천시,후평3동,5111061100,18739,8879,9860,—,1.066,1093,1714,4315,5634,4564,3417,32,17.1,16,8,7,0,0,1
강원,춘천시,효자1동,5111062000,3879,1928,1951,—,0.489,194,315,772,1157,1128,598,9,23.2,6,1,2,0,0,0
강원,춘천시,효자2동,5111063000,12286,6605,5681,—,1.864,227,587,5039,2698,2987,2540,5,4.1,2,1,1,0,0,0
강원,춘천시,효자3동,5111064000,4282,2135,2147,—,0.544,107,201,1666,912,1091,992,12,28.0,4,2,4,0,1,0
강원,춘천시,석사동,5111065000,31952,15744,16208,—,3.817,1438,3295,8158,10025,6578,5926,73,22.8,38,19,15,0,0,1
강원,춘천시,퇴계동,5111066000,44921,21431,23490,—,4.318,2803,4865,10303,14501,9107,8562,65,14.5,34,19,10,1,0,1
강원,춘천시,강남동,5111067500,25503,12363,13140,—,14.746,2029,2274,5899,8194,5160,4972,22,8.6,10,6,5,0,0,1
강원,춘천시,신사우동,5111070500,24946,12372,12574,—,11.528,2423,2432,6172,7146,5005,4695,21,8.4,10,5,4,2,0,0
강원,원주시,문막읍,5113025000,16686,8584,8102,—,103.924,630,1261,3119,5375,4646,2345,18,10.8,5,5,5,1,0,1
강원,원주시,소초면,5113031000,7753,4161,3592,—,102.643,217,307,1430,1847,2982,788,5,6.4,1,1,2,1,0,0
강원,원주시,호저면,5113032000,3155,1662,1493,—,76.523,65,111,323,731,1522,219,1,3.2,1,0,0,0,0,0
강원,원주시,지정면,5113033000,33007,16189,16818,—,88.637,4411,4036,8621,10823,3489,7865,22,6.7,12,6,3,0,0,0
강원,원주시,부론면,5113035000,2130,1086,1044,—,81.535,24,83,224,368,1205,149,2,9.4,1,0,1,0,0,0
강원,원주시,귀래면,5113036000,2056,1059,997,—,71.177,28,58,151,410,1101,123,1,4.9,0,0,1,0,0,0
강원,원주시,흥업면,5113037000,9527,5076,4451,—,59.402,323,674,2397,2527,2660,1449,5,5.2,2,1,2,0,0,0
강원,원주시,판부면,5113038000,7856,4129,3727,—,69.719,343,609,2000,2526,1633,1367,2,2.5,0,1,0,0,0,1
강원,원주시,신림면,5113039000,3490,1835,1655,—,132.355,41,110,242,768,1815,190,3,8.6,1,0,1,0,0,1
강원,원주시,중앙동,5113051500,2054,1098,956,—,2.206,27,60,199,507,1025,161,43,209.3,29,6,4,3,0,1
강원,원주시,원인동,5113052000,5415,2590,2825,—,0.494,271,341,1358,1566,1376,979,10,18.5,2,4,3,1,0,0
강원,원주시,개운동,5113053000,11419,5469,5950,—,1.081,352,960,2186,3273,3492,1664,40,35.0,19,9,9,1,1,0
강원,원주시,명륜1동,5113054100,7336,3441,3895,—,0.894,175,543,1341,2054,2428,1040,20,27.3,8,4,7,0,0,1
강원,원주시,명륜2동,5113054200,17645,8563,9082,—,0.895,965,1607,4133,5386,3990,3074,8,4.5,1,1,6,0,0,0
강원,원주시,단구동,5113055000,42084,20561,21523,—,3.481,2158,4197,10757,14306,7412,8163,60,14.3,28,11,20,0,0,1
강원,원주시,일산동,5113056000,7887,3728,4159,—,0.812,233,454,2356,1895,2324,1552,35,44.4,20,7,7,0,0,0
강원,원주시,학성동,5113057500,4003,1955,2048,—,0.583,93,189,661,1112,1533,482,6,15.0,1,0,1,4,0,0
강원,원주시,단계동,5113059000,26120,12686,13434,—,3.654,1572,1923,6875,7804,5515,4993,45,17.2,27,11,6,1,0,0
강원,원주시,우산동,5113060000,12899,6860,6039,—,7.201,558,1184,3276,3998,2865,2200,10,7.8,4,3,1,1,0,0
강원,원주시,태장1동,5113061000,12228,6083,6145,—,3.976,780,1066,2711,3799,2881,2141,7,5.7,4,1,2,0,0,0
강원,원주시,태장2동,5113062000,23996,12017,11979,—,8.102,1129,2121,4891,7804,5791,3837,13,5.4,5,5,3,0,0,0
강원,원주시,봉산동,5113063500,6891,3402,3489,—,7.157,146,403,1073,1833,2676,741,14,20.3,7,4,3,0,0,0
강원,원주시,행구동,5113065000,8135,4013,4122,—,14.201,419,732,1584,2652,2006,1301,3,3.7,0,1,1,1,0,0
강원,원주시,무실동,5113066000,38552,18878,19674,—,8.73,3110,4897,9559,13156,5510,8181,91,23.6,50,20,17,2,0,0
강원,원주시,반곡관설동,5113067500,53055,25812,27243,—,20.237,5185,6553,14070,18816,5470,12348,31,5.8,11,10,7,1,0,0
강원,강릉시,주문진읍,5115025000,15080,7382,7698,—,60.562,447,802,1929,4165,6187,1601,25,16.6,11,9,5,0,0,0
강원,강릉시,성산면,5115031000,3310,1685,1625,—,80.862,76,159,357,861,1447,267,0,0.0,0,0,0,0,0,0
강원,강릉시,왕산면,5115032000,1473,795,678,—,244.24,23,28,113,284,814,66,0,0.0,0,0,0,0,0,0
강원,강릉시,구정면,5115033000,4023,2065,1958,—,41.691,106,269,464,1109,1637,384,0,0.0,0,0,0,0,0,0
강원,강릉시,강동면,5115034000,3612,1904,1708,—,112.365,54,121,410,864,1744,252,0,0.0,0,0,0,0,0,0
강원,강릉시,옥계면,5115035000,3157,1636,1521,—,147.775,48,114,325,765,1524,218,2,6.3,1,0,1,0,0,0
강원,강릉시,사천면,5115036000,5217,2660,2557,—,71.889,135,262,772,1541,1915,619,1,1.9,0,0,0,0,0,0
강원,강릉시,연곡면,5115037000,6289,3138,3151,—,201.999,194,367,815,1800,2438,739,2,3.2,0,1,0,1,0,0
강원,강릉시,홍제동,5115051000,13874,6717,7157,—,3.857,855,1194,3077,4432,3272,2531,12,8.6,5,3,4,0,0,0
강원,강릉시,중앙동,5115052000,3959,1870,2089,—,0.949,78,206,682,1022,1629,497,107,270.3,58,28,19,0,1,1
강원,강릉시,옥천동,5115054000,2898,1471,1427,—,0.581,38,121,434,817,1217,314,29,100.1,16,7,3,0,1,1
강원,강릉시,교1동,5115055000,27445,13455,13990,—,3.123,1690,2899,6434,8941,5612,5053,37,13.5,16,10,10,0,0,0
강원,강릉시,교2동,5115056000,10411,5118,5293,—,2.212,655,949,2241,3237,2496,1813,3,2.9,2,0,1,0,0,0
강원,강릉시,포남1동,5115057100,10263,5035,5228,—,1.248,278,620,2052,2985,3358,1466,10,9.7,4,3,3,0,0,0
강원,강릉시,포남2동,5115057200,11032,5443,5589,—,2.633,319,705,2082,3246,3558,1516,6,5.4,2,1,2,0,1,0
강원,강릉시,초당동,5115058000,4075,1958,2117,—,2.279,164,305,783,1226,1171,594,3,7.4,1,0,2,0,0,0
강원,강릉시,송정동,5115059000,9361,4466,4895,—,3.579,677,776,1969,2970,2197,1643,1,1.1,0,0,1,0,0,0
강원,강릉시,내곡동,5115060000,17929,9115,8814,—,4.979,1191,1580,4356,5800,3706,3277,2,1.1,1,1,0,0,0,0
강원,강릉시,강남동,5115061500,15419,7718,7701,—,15.944,504,1023,2717,4387,5372,1925,3,1.9,2,0,1,0,0,0
강원,강릉시,성덕동,5115064500,25087,12302,12785,—,11.669,1464,2582,5384,8333,5434,4312,13,5.2,3,4,6,0,0,0
강원,강릉시,경포동,5115066500,11526,5951,5575,—,23.704,844,1222,2937,3740,1978,2231,2,1.7,0,0,0,0,0,0
강원,동해시,천곡동,5117051000,28329,13967,14362,—,10.345,1652,2891,5524,9097,6800,4585,56,19.8,26,16,9,1,2,2
강원,동해시,송정동,5117052000,3318,1845,1473,—,4.33,51,172,684,836,1264,303,1,3.0,0,1,0,0,0,0
강원,동해시,북삼동,5117053000,21291,11006,10285,—,16.686,1284,2418,4455,7621,3979,3541,24,11.3,13,6,4,0,0,1
강원,동해시,부곡동,5117054000,4372,2107,2265,—,5.053,85,254,532,1267,1819,443,1,2.3,0,1,0,0,0,0
강원,동해시,동호동,5117055000,4508,2282,2226,—,2.801,157,348,625,1373,1563,526,1,2.2,0,0,1,0,0,0
강원,동해시,발한동,5117057000,2758,1415,1343,—,1.141,49,100,283,666,1393,185,15,54.4,6,5,4,0,0,0
강원,동해시,묵호동,5117059000,2584,1265,1319,—,3.856,47,102,231,709,1252,213,0,0.0,0,0,0,0,0,0
강원,동해시,북평동,5117060000,12947,6636,6311,—,18.941,1020,1229,2369,4324,3042,1983,5,3.9,3,0,2,0,0,0
강원,동해시,망상동,5117063000,3070,1564,1506,—,26.297,68,155,343,823,1366,269,0,0.0,0,0,0,0,0,0
강원,동해시,삼화동,5117065000,2357,1224,1133,—,91.48,31,103,241,604,1082,157,0,0.0,0,0,0,0,0,0
강원,태백시,황지동,5119051500,7574,3792,3782,—,3.329,491,720,1438,2386,1940,1172,33,43.6,19,9,5,0,0,0
강원,태백시,황연동,5119052500,3545,1816,1729,—,38.405,63,217,370,971,1534,307,1,2.8,1,0,0,0,0,0
강원,태백시,삼수동,5119053500,4680,2365,2315,—,111.916,139,369,510,1440,1810,493,0,0.0,0,0,0,0,0,0
강원,태백시,상장동,5119054000,11260,5733,5527,—,17.869,503,1273,1917,4039,2683,1728,3,2.7,1,0,1,1,0,0
강원,태백시,문곡소도동,5119058500,3125,1553,1572,—,70.315,62,163,361,856,1336,306,0,0.0,0,0,0,0,0,0
강원,태백시,장성동,5119059500,2881,1420,1461,—,12.431,79,149,349,726,1259,262,5,17.4,1,1,1,0,1,1
강원,태백시,구문소동,5119060500,2056,1070,986,—,27.341,21,187,154,434,1079,127,0,0.0,0,0,0,0,0,0
강원,태백시,철암동,5119061500,1559,831,728,—,19.928,16,50,151,363,806,102,0,0.0,0,0,0,0,0,0
강원,속초시,영랑동,5121051000,4312,2241,2071,—,7.762,130,205,686,1249,1599,482,1,2.3,1,0,0,0,0,0
강원,속초시,동명동,5121052000,5205,2568,2637,—,0.827,353,429,929,1651,1355,827,4,7.7,1,1,1,0,1,0
강원,속초시,금호동,5121054000,5635,2780,2855,—,1.435,225,358,885,1567,2028,692,19,33.7,9,6,4,0,0,0
강원,속초시,교동,5121056000,8372,4112,4260,—,0.805,282,631,1573,2446,2628,1139,46,54.9,26,12,7,0,1,0
강원,속초시,노학동,5121057000,19542,9733,9809,—,20.375,806,1720,3603,6269,5277,2824,24,12.3,11,7,5,0,0,0
강원,속초시,조양동,5121058000,28390,13730,14660,—,5.657,1955,2772,6310,9363,5651,5090,37,13.0,20,11,4,0,0,2
강원,속초시,청호동,5121059000,4568,2314,2254,—,1.583,214,247,839,1365,1468,657,2,4.4,1,0,1,0,0,0
강원,속초시,대포동,5121060000,2764,1447,1317,—,68.078,48,98,306,720,1265,206,1,3.6,0,0,1,0,0,0
강원,삼척시,도계읍,5123025000,8364,4297,4067,—,163.951,134,736,1745,1853,3112,1048,7,8.4,3,1,2,0,0,1
강원,삼척시,원덕읍,5123025300,3060,1678,1382,—,176.768,60,90,318,811,1416,177,4,13.1,2,1,1,0,0,0
강원,삼척시,원덕읍임원출장소,5123025400,1428,704,724,—,—,24,46,115,372,704,89,—,—,—,—,—,—,—,—
강원,삼척시,근덕면,5123031000,4502,2332,2170,—,137.827,51,104,393,1048,2359,250,3,6.7,1,1,1,0,0,0
강원,삼척시,하장면,5123032000,1150,632,518,—,204.395,8,24,67,279,612,51,0,0.0,0,0,0,0,0,0
강원,삼척시,노곡면,5123033000,683,378,305,—,140.101,9,10,20,142,402,17,0,0.0,0,0,0,0,0,0
강원,삼척시,미로면,5123034000,1672,896,776,—,98.369,16,31,103,399,902,81,0,0.0,0,0,0,0,0,0
강원,삼척시,가곡면,5123035000,632,337,295,—,151.352,11,24,32,150,330,34,0,0.0,0,0,0,0,0,0
강원,삼척시,신기면,5123036000,611,342,269,—,56.742,7,5,35,142,331,25,0,0.0,0,0,0,0,0,0
강원,삼척시,남양동,5123051000,6351,3121,3230,—,17.963,141,360,871,1622,2714,627,29,45.7,14,8,7,0,0,0
강원,삼척시,교동,5123053000,15156,7772,7384,—,9.686,1237,1659,3667,5162,2448,2793,1,0.7,0,1,0,0,0,0
강원,삼척시,정라동,5123054000,9473,4827,4646,—,2.943,663,828,1845,3039,2351,1471,6,6.3,3,1,0,1,1,0
강원,삼척시,성내동,5123057000,6959,3419,3540,—,22.1,268,569,1073,1990,2420,888,1,1.4,1,0,0,0,0,0
강원,홍천군,홍천읍,5172025000,33299,16830,16469,—,106.245,1944,3088,6754,10098,8496,5089,47,14.1,24,14,8,0,1,0
강원,홍천군,화촌면,5172031000,4099,2213,1886,—,209.203,66,90,408,797,2222,235,1,2.4,0,0,1,0,0,0
강원,홍천군,두촌면,5172032000,2382,1201,1181,—,138.934,32,75,199,465,1307,152,2,8.4,0,0,0,1,0,1
강원,홍천군,내촌면,5172033000,2359,1231,1128,—,146.516,29,65,138,461,1312,105,0,0.0,0,0,0,0,0,0
강원,홍천군,서석면,5172034000,3564,1828,1736,—,223.015,80,161,333,819,1682,276,4,11.2,1,1,2,0,0,0
강원,홍천군,영귀미면,5172035200,4023,2097,1926,—,148.927,64,157,289,918,2076,259,0,0.0,0,0,0,0,0,0
강원,홍천군,남면,5172036000,5456,2931,2525,—,117.089,226,268,988,1081,2291,501,4,7.3,2,1,1,0,0,0
강원,홍천군,서면,5172037000,3794,1999,1795,—,125.157,85,118,350,862,1852,274,0,0.0,0,0,0,0,0,0
강원,홍천군,북방면,5172038000,3990,2092,1898,—,146.949,60,179,373,932,1921,289,4,10.0,1,1,1,0,0,1
강원,홍천군,내면,5172039000,2851,1528,1323,—,445.569,60,114,198,668,1362,155,0,0.0,0,0,0,0,0,0
강원,횡성군,횡성읍,5173025000,20194,10214,9980,—,72.977,1072,1840,3432,6027,5969,2786,28,13.9,11,8,8,1,0,0
강원,횡성군,우천면,5173031000,4276,2272,2004,—,92.155,65,159,461,944,2054,287,1,2.3,0,0,1,0,0,0
강원,횡성군,안흥면,5173032000,3114,1619,1495,—,96.421,50,533,193,489,1452,159,2,6.4,1,0,1,0,0,0
강원,횡성군,둔내면,5173033000,5897,3140,2757,—,128.08,161,291,594,1521,2543,450,4,6.8,1,1,2,0,0,0
강원,횡성군,갑천면,5173034000,2492,1311,1181,—,121.966,27,59,181,514,1339,159,0,0.0,0,0,0,0,0,0
강원,횡성군,청일면,5173035000,2386,1220,1166,—,134.819,24,64,129,471,1338,109,0,0.0,0,0,0,0,0,0
강원,횡성군,공근면,5173036000,3359,1779,1580,—,127.74,38,98,242,662,1840,174,0,0.0,0,0,0,0,0,0
강원,횡성군,서원면,5173037000,2005,1092,913,—,123.451,38,65,126,413,1063,100,0,0.0,0,0,0,0,0,0
강원,횡성군,강림면,5173038000,1742,913,829,—,91.738,19,58,104,358,964,83,1,5.7,0,0,0,0,0,1
강원,영월군,영월읍,5175025000,19150,9742,9408,—,170.945,853,1703,3220,5815,5783,2596,20,10.4,8,7,2,1,1,1
강원,영월군,상동읍,5175025300,987,531,456,—,138.533,14,59,72,237,491,56,0,0.0,0,0,0,0,0,0
강원,영월군,산솔면,5175031200,1334,724,610,—,124.329,24,45,89,287,694,69,0,0.0,0,0,0,0,0,0
강원,영월군,김삿갓면,5175032500,1758,925,833,—,170.209,32,72,128,422,846,111,0,0.0,0,0,0,0,0,0
강원,영월군,북면,5175033000,1922,1024,898,—,111.596,39,75,135,457,960,120,0,0.0,0,0,0,0,0,0
강원,영월군,남면,5175034000,2066,1110,956,—,81.558,27,71,154,448,1067,101,0,0.0,0,0,0,0,0,0
강원,영월군,한반도면,5175035500,1114,588,526,—,68.671,37,35,121,248,527,86,1,9.0,0,0,1,0,0,0
강원,영월군,한반도면쌍용출장소,5175035900,1437,758,679,—,—,34,50,113,347,741,92,—,—,—,—,—,—,—,—
강원,영월군,주천면,5175036000,3774,1957,1817,—,100.622,62,179,306,828,1905,235,4,10.6,2,1,1,0,0,0
강원,영월군,무릉도원면,5175038000,2109,1110,999,—,149.811,28,71,138,456,1094,119,0,0.0,0,0,0,0,0,0
강원,평창군,평창읍,5176025000,8272,4260,4012,—,163.131,291,625,1210,2240,3011,933,8,9.7,4,3,1,0,0,0
강원,평창군,미탄면,5176031000,1462,806,656,—,109.496,18,44,108,360,727,62,0,0.0,0,0,0,0,0,0
강원,평창군,방림면,5176032000,786,427,359,—,118.981,8,28,56,167,403,41,0,0.0,0,0,0,0,0,0
강원,평창군,방림면계촌출장소,5176032500,1729,899,830,—,—,46,51,151,382,828,128,—,—,—,—,—,—,—,—
강원,평창군,대화면,5176033000,4886,2517,2369,—,165.258,120,279,507,1284,2137,406,4,8.2,1,2,1,0,0,0
강원,평창군,봉평면,5176034000,5546,2875,2671,—,216.441,174,368,674,1668,2009,577,5,9.0,1,2,1,0,0,1
강원,평창군,용평면,5176035000,2928,1488,1440,—,134.934,63,146,301,785,1236,241,2,6.8,0,1,1,0,0,0
강원,평창군,진부면,5176036000,8348,4229,4119,—,330.074,271,572,1068,2307,3238,882,12,14.4,6,3,3,0,0,0
강원,평창군,대관령면,5176038000,5892,3184,2708,—,219.416,201,334,1059,1811,1873,708,5,8.5,2,1,2,0,0,0
강원,정선군,정선읍,5177025000,10308,5328,4980,—,213.507,367,824,1668,3240,3197,1298,11,10.7,5,3,2,1,0,0
강원,정선군,고한읍,5177025300,4730,2506,2224,—,51.981,218,222,953,1633,1322,787,2,4.2,1,0,1,0,0,0
강원,정선군,사북읍,5177025600,4389,2305,2084,—,47.026,143,328,586,1448,1422,496,5,11.4,1,2,1,1,0,0
강원,정선군,신동읍,5177025900,1727,904,823,—,118.713,30,93,177,468,744,129,0,0.0,0,0,0,0,0,0
강원,정선군,신동읍함백출장소,5177026000,1524,784,740,—,—,22,80,159,408,670,125,—,—,—,—,—,—,—,—
강원,정선군,남면,5177032000,3182,1739,1443,—,129.583,80,146,338,993,1248,282,0,0.0,0,0,0,0,0,0
강원,정선군,북평면,5177034000,2491,1271,1220,—,138.983,44,150,258,666,1058,215,0,0.0,0,0,0,0,0,0
강원,정선군,임계면,5177035000,3351,1806,1545,—,244.056,43,99,250,807,1711,164,2,6.0,1,0,1,0,0,0
강원,정선군,화암면,5177036000,1534,839,695,—,134.353,22,54,125,379,724,76,0,0.0,0,0,0,0,0,0
강원,정선군,여량면,5177037000,1901,1006,895,—,133.479,35,56,156,468,953,121,0,0.0,0,0,0,0,0,0
강원,철원군,철원읍,5178025000,4682,2356,2326,—,99.566,260,330,927,1267,1475,644,3,6.4,0,1,2,0,0,0
강원,철원군,김화읍,5178025300,2938,1570,1368,—,81.905,200,209,697,634,943,394,0,0.0,0,0,0,0,0,0
강원,철원군,갈말읍,5178025600,11361,6043,5318,—,178.249,626,850,2409,3120,3326,1520,11,9.7,4,3,3,1,0,0
강원,철원군,동송읍,5178025900,13764,6906,6858,—,122.205,795,1143,2608,3750,4177,1883,12,8.7,6,3,2,0,0,1
강원,철원군,서면,5178031000,1608,904,704,—,72.445,67,69,483,316,541,192,13,80.8,7,3,3,0,0,0
강원,철원군,서면와수출장소,5178031500,3334,1668,1666,—,—,168,285,553,949,1048,434,—,—,—,—,—,—,—,—
강원,철원군,근남면,5178032000,1824,942,882,—,166.619,81,77,357,369,743,197,0,0.0,0,0,0,0,0,0
강원,철원군,근북면,5178033000,87,44,43,—,27.498,0,2,3,24,50,1,0,0.0,0,0,0,0,0,0
강원,화천군,화천읍,5179025000,8203,4267,3936,—,370.422,525,740,1917,2227,2100,1248,0,0.0,0,0,0,0,0,0
강원,화천군,간동면,5179031000,2523,1374,1149,—,127.497,44,93,291,580,1168,158,0,0.0,0,0,0,0,0,0
강원,화천군,하남면,5179032000,2842,1486,1356,—,116.47,112,214,438,803,983,346,14,49.3,6,6,2,0,0,0
강원,화천군,상서면,5179033000,3568,2149,1419,—,281.706,146,135,1267,631,1117,392,1,2.8,1,0,0,0,0,0
강원,화천군,사내면,5179034000,5772,3056,2716,—,149.511,368,436,1518,1292,1661,825,8,13.9,3,2,3,0,0,0
강원,양구군,양구읍,5180025000,12999,6621,6378,—,170.521,1009,1542,2845,3612,2953,2081,16,12.3,5,5,3,3,0,0
강원,양구군,국토정중앙면,5180031500,3243,1809,1434,—,133.342,54,139,633,746,1295,295,0,0.0,0,0,0,0,0,0
강원,양구군,동면,5180032000,1794,982,812,—,123.611,67,43,429,353,709,195,0,0.0,0,0,0,0,0,0
강원,양구군,방산면,5180033000,1121,636,485,—,180.704,13,51,237,219,473,79,0,0.0,0,0,0,0,0,0
강원,양구군,해안면,5180034000,1197,664,533,—,60.099,18,53,146,326,501,93,0,0.0,0,0,0,0,0,0
강원,인제군,인제읍,5181025000,9705,5153,4552,—,317.531,788,890,2031,2902,2311,1526,8,8.2,1,4,2,1,0,0
강원,인제군,인제읍귀둔출장소,5181025100,459,236,223,—,—,9,20,36,127,202,30,—,—,—,—,—,—,—,—
강원,인제군,남면,5181031000,3666,2058,1608,—,241.325,180,147,938,879,1164,474,0,0.0,0,0,0,0,0,0
강원,인제군,북면,5181032000,7608,4160,3448,—,341.577,356,600,1498,2119,2257,934,8,10.5,2,4,2,0,0,0
강원,인제군,기린면,5181033000,4893,2705,2188,—,272.723,279,256,1124,1259,1480,635,7,14.3,2,1,3,0,0,1
강원,인제군,서화면,5181034000,2350,1382,968,—,259.557,160,86,850,422,636,333,0,0.0,0,0,0,0,0,0
강원,인제군,상남면,5181035000,2011,1128,883,—,196.577,106,96,495,410,696,222,0,0.0,0,0,0,0,0,0
강원,고성군,간성읍,5182025000,7344,3835,3509,—,246.952,578,590,1818,1867,1894,1150,10,13.6,3,5,2,0,0,0
강원,고성군,거진읍,5182025300,5371,2659,2712,—,119.065,91,247,560,1297,2575,420,6,11.2,3,1,2,0,0,0
강원,고성군,현내면,5182031000,2014,994,1020,—,136.485,32,73,172,428,1066,117,0,0.0,0,0,0,0,0,0
강원,고성군,죽왕면,5182032000,3173,1658,1515,—,60.094,60,131,416,818,1401,250,1,3.2,0,0,1,0,0,0
강원,고성군,토성면,5182033000,9294,4790,4504,—,127.969,432,536,1669,2838,2863,1220,2,2.2,1,0,1,0,0,0
강원,양양군,양양읍,5183025000,12679,6427,6252,—,32.231,709,1078,2220,3910,3700,1826,15,11.8,6,5,4,0,0,0
강원,양양군,서면,5183031000,2566,1319,1247,—,266.953,45,115,243,650,1195,192,0,0.0,0,0,0,0,0,0
강원,양양군,손양면,5183032000,2126,1075,1051,—,48.132,41,89,267,510,974,192,0,0.0,0,0,0,0,0,0
강원,양양군,현북면,5183033000,2621,1363,1258,—,164.92,71,92,283,645,1216,220,0,0.0,0,0,0,0,0,0
강원,양양군,현남면,5183034000,2883,1515,1368,—,65.956,73,104,268,730,1406,233,0,0.0,0,0,0,0,0,0
강원,양양군,강현면,5183035000,4475,2290,2185,—,53.386,128,204,542,1205,1893,403,0,0.0,0,0,0,0,0,0
전북,전주완산구,중앙동,5211151000,9374,4616,4758,—,1.285,576,625,2159,2518,2768,1574,30,32.0,13,7,8,0,0,1
전북,전주완산구,풍남동,5211153000,3278,1604,1674,—,2.112,62,108,478,819,1517,367,25,76.3,11,5,8,0,0,1
전북,전주완산구,노송동,5211160500,9810,4800,5010,—,1.957,346,636,1740,2819,3428,1381,29,29.6,16,6,4,1,0,2
전북,전주완산구,완산동,5211163500,4630,2254,2376,—,1.114,196,309,789,1288,1657,648,6,13.0,2,2,0,1,0,1
전북,전주완산구,동서학동,5211165000,5518,2686,2832,—,15.558,102,341,872,1409,2243,669,0,0.0,0,0,0,0,0,0
전북,전주완산구,서서학동,5211166000,7546,3658,3888,—,2.829,136,445,1247,2124,2862,939,10,13.3,4,2,2,0,0,1
전북,전주완산구,중화산1동,5211167100,13107,6165,6942,—,1.219,521,1140,3127,3761,3454,2361,31,23.7,13,6,4,2,2,1
전북,전주완산구,중화산2동,5211167200,18489,9276,9213,—,1.537,820,2223,5041,6263,2863,3849,38,20.6,16,12,6,3,0,0
전북,전주완산구,서신동,5211168000,37770,18363,19407,—,2.369,2074,4187,9542,12595,6581,7497,92,24.4,50,20,21,0,0,0
전북,전주완산구,평화1동,5211169100,11384,5429,5955,—,1.407,270,637,1854,3190,4298,1396,21,18.4,12,3,2,1,0,2
전북,전주완산구,평화2동,5211169200,41667,19896,21771,—,15.476,2137,4606,8231,13550,9632,7044,40,9.6,20,8,11,0,0,1
전북,전주완산구,삼천1동,5211170100,10302,4986,5316,—,0.687,513,873,2208,3047,2710,1673,11,10.7,4,4,2,1,0,0
전북,전주완산구,삼천2동,5211170200,11356,5403,5953,—,0.735,317,849,2354,3239,3411,1711,43,37.9,14,14,13,1,0,1
전북,전주완산구,삼천3동,5211170300,19902,9470,10432,—,25.887,822,1907,3967,6325,4876,3142,3,1.5,0,0,0,0,0,2
전북,전주완산구,효자1동,5211171100,11603,5521,6082,—,1.026,683,1003,2446,3385,3198,1927,24,20.7,9,7,6,2,0,0
전북,전주완산구,효자2동,5211171200,8455,4024,4431,—,0.842,282,596,1797,2426,2557,1350,17,20.1,7,5,3,1,0,1
전북,전주완산구,효자3동,5211171300,13438,6237,7201,—,0.745,577,1199,2889,3936,3665,2237,55,40.9,27,15,10,1,0,1
전북,전주완산구,효자4동,5211171400,38723,18851,19872,—,8.621,2928,5209,10066,12877,5125,8289,59,15.2,33,13,8,3,0,1
전북,전주완산구,효자5동,5211173000,36138,18103,18035,—,6.522,1806,3805,13001,12501,3065,9168,104,28.8,51,32,14,4,0,1
전북,전주덕진구,진북동,5211352500,11849,5679,6170,—,1.615,303,754,2152,3193,4460,1574,30,25.3,20,2,5,1,0,1
전북,전주덕진구,인후1동,5211354000,16542,7928,8614,—,1.09,746,1990,3294,5296,4050,2789,27,16.3,11,7,7,0,0,1
전북,전주덕진구,인후2동,5211355000,9853,4803,5050,—,1.442,309,596,2227,2662,3267,1606,35,35.5,17,12,4,0,1,1
전북,전주덕진구,인후3동,5211356000,28936,14218,14718,—,1.71,1398,3323,6658,10318,5168,5597,52,18.0,28,13,10,1,0,0
전북,전주덕진구,덕진동,5211357000,19727,10062,9665,—,5.105,1237,1867,6689,5575,3240,4419,42,21.3,21,11,7,1,0,1
전북,전주덕진구,금암동,5211357500,17891,9152,8739,—,2.217,457,955,6884,3977,4495,3817,41,22.9,18,12,4,0,0,3
전북,전주덕진구,팔복동,5211360000,7017,3813,3204,—,6.885,135,351,1657,1908,2299,976,6,8.6,2,2,1,0,0,1
전북,전주덕진구,우아1동,5211361100,11427,5712,5715,—,2.166,803,915,2891,3403,2548,2166,12,10.5,5,2,4,0,0,1
전북,전주덕진구,우아2동,5211361200,13424,7111,6313,—,22.384,432,1016,3040,4667,3093,2245,7,5.2,0,2,2,0,1,1
전북,전주덕진구,호성동,5211362000,17762,8443,9319,—,7.534,761,1965,3501,5527,4452,2888,21,11.8,10,6,3,1,0,0
전북,전주덕진구,송천1동,5211364100,32067,15846,16221,—,3.083,1806,4261,7898,10907,4932,6206,74,23.1,38,18,13,1,0,1
전북,전주덕진구,송천2동,5211364200,23904,11625,12279,—,11.322,1176,2589,5470,7604,5044,4180,16,6.7,6,4,5,0,0,0
전북,전주덕진구,송천3동,5211364300,32865,16289,16576,—,2.129,4447,5561,7771,11837,1996,7763,44,13.4,25,12,7,0,0,0
전북,전주덕진구,조촌동,5211365000,12103,6157,5946,—,24.66,670,890,2620,3716,3165,1950,13,10.7,7,2,3,0,0,1
전북,전주덕진구,여의동,5211366500,15243,7658,7585,—,17.056,881,1470,3257,4952,3386,2545,40,26.2,20,11,5,0,0,3
전북,전주덕진구,혁신동,5211367000,35808,17606,18202,—,1.912,4296,6154,8415,13104,2368,8400,16,4.5,6,6,4,0,0,0
전북,군산시,옥구읍,5213025000,2760,1408,1352,—,31.032,42,122,266,662,1356,172,3,10.9,1,0,0,0,0,2
전북,군산시,옥산면,5213031000,4149,2126,2023,—,16.538,287,457,622,1348,1087,622,0,0.0,0,0,0,0,0,0
전북,군산시,회현면,5213032000,2928,1508,1420,—,25.723,68,292,280,816,1170,280,0,0.0,0,0,0,0,0,0
전북,군산시,임피면,5213033000,2327,1212,1115,—,21.81,30,71,260,519,1187,159,1,4.3,1,0,0,0,0,0
전북,군산시,서수면,5213034000,2259,1141,1118,—,24.023,37,81,190,481,1193,130,0,0.0,0,0,0,0,0,0
전북,군산시,대야면,5213035000,4285,2130,2155,—,36.405,60,195,421,987,2214,329,9,21.0,5,1,3,0,0,0
전북,군산시,개정면,5213036000,2620,1321,1299,—,16.738,48,95,288,576,1291,212,0,0.0,0,0,0,0,0,0
전북,군산시,성산면,5213037000,2424,1200,1224,—,27.145,28,107,237,541,1184,179,0,0.0,0,0,0,0,0,0
전북,군산시,나포면,5213038000,1957,1005,952,—,28.381,15,65,156,433,1082,127,0,0.0,0,0,0,0,0,0
전북,군산시,옥도면,5213039000,2642,1485,1157,—,28.228,25,92,298,818,1060,215,0,0.0,0,0,0,0,0,0
전북,군산시,옥서면,5213040000,2484,1277,1207,—,21.147,51,95,375,571,1175,221,3,12.1,2,0,1,0,0,0
전북,군산시,해신동,5213051500,1876,917,959,—,3.338,34,105,196,458,909,182,0,0.0,0,0,0,0,0,0
전북,군산시,월명동,5213053000,4328,2127,2201,—,1.643,98,243,530,1140,1908,426,18,41.6,9,4,5,0,0,0
전북,군산시,신풍동,5213055000,5678,2800,2878,—,1.251,126,439,813,1560,2281,644,10,17.6,5,1,2,1,0,1
전북,군산시,삼학동,5213056000,4798,2357,2441,—,0.56,69,214,661,1114,2297,454,4,8.3,2,0,2,0,0,0
전북,군산시,중앙동,5213060500,3750,1885,1865,—,1.4,153,160,680,1038,1412,517,6,16.0,2,3,1,0,0,0
전북,군산시,흥남동,5213064000,10946,5458,5488,—,0.968,563,947,1958,3375,3193,1575,12,11.0,7,2,3,0,0,0
전북,군산시,조촌동,5213065000,26901,13461,13440,—,3.072,2809,3121,6311,8827,4376,5488,41,15.2,19,10,6,3,1,2
전북,군산시,경암동,5213066000,6461,3212,3249,—,1.955,162,422,957,1813,2518,750,12,18.6,7,1,4,0,0,0
전북,군산시,구암동,5213067000,16425,8307,8118,—,9.544,1540,1496,4544,5106,2637,3486,2,1.2,1,1,0,0,0,0
전북,군산시,개정동,5213068000,2328,1186,1142,—,5.115,77,138,344,602,923,250,1,4.3,1,0,0,0,0,0
전북,군산시,수송동,5213069000,53506,26839,26667,—,5.308,3821,7892,11511,19780,7251,10405,97,18.1,50,28,15,0,1,0
전북,군산시,나운1동,5213070100,12233,6129,6104,—,1.249,421,924,2473,3714,3526,1836,27,22.1,11,7,5,2,0,1
전북,군산시,나운2동,5213070200,20096,9661,10435,—,0.86,714,2115,3492,6457,5488,2911,56,27.9,28,14,13,1,0,0
전북,군산시,나운3동,5213070300,29470,14743,14727,—,8.968,1241,3166,6646,10329,5752,5038,13,4.4,5,3,4,0,0,1
전북,군산시,소룡동,5213071000,15483,8767,6716,—,35.439,499,1205,2953,5847,3481,2150,21,13.6,11,6,4,0,0,0
전북,군산시,미성동,5213072000,10403,6028,4375,—,25.073,269,696,1869,3818,2751,1316,1,1.0,1,0,0,0,0,0
전북,익산시,함열읍,5214025000,5920,2913,3007,—,18.959,155,422,728,1506,2497,575,18,30.4,9,4,4,0,0,1
전북,익산시,오산면,5214031000,6448,3188,3260,—,29.607,167,447,868,1716,2566,661,0,0.0,0,0,0,0,0,0
전북,익산시,황등면,5214032000,6154,3102,3052,—,27.415,132,348,791,1522,2634,573,13,21.1,6,3,4,0,0,0
전북,익산시,함라면,5214033000,1922,952,970,—,22.496,33,77,167,431,980,141,0,0.0,0,0,0,0,0,0
전북,익산시,웅포면,5214034000,1383,707,676,—,33.459,16,55,102,290,768,69,0,0.0,0,0,0,0,0,0
전북,익산시,성당면,5214035000,1653,846,807,—,18.975,18,50,148,359,882,106,0,0.0,0,0,0,0,0,0
전북,익산시,용안면,5214036000,2270,1162,1108,—,27.334,35,77,212,459,1270,129,0,0.0,0,0,0,0,0,0
전북,익산시,낭산면,5214037000,2709,1421,1288,—,34.888,46,98,331,647,1283,214,3,11.1,1,1,1,0,0,0
전북,익산시,망성면,5214038000,2582,1294,1288,—,31.438,33,97,190,518,1463,142,0,0.0,0,0,0,0,0,0
전북,익산시,여산면,5214039000,2905,1482,1423,—,36.834,117,116,420,625,1321,246,2,6.9,1,0,1,0,0,0
전북,익산시,금마면,5214040000,4923,2547,2376,—,28.253,203,362,801,1260,1793,524,6,12.2,3,2,1,0,0,0
전북,익산시,왕궁면,5214041000,4969,2554,2415,—,46.122,225,216,827,1185,2055,559,0,0.0,0,0,0,0,0,0
전북,익산시,춘포면,5214042000,4156,2188,1968,—,28.913,78,199,575,1109,1723,391,1,2.4,0,0,0,0,0,1
전북,익산시,삼기면,5214043000,2286,1179,1107,—,23.304,24,84,256,561,1053,167,0,0.0,0,0,0,0,0,0
전북,익산시,용동면,5214044000,1327,649,678,—,15.253,14,43,89,261,780,65,0,0.0,0,0,0,0,0,0
전북,익산시,중앙동,5214052000,2968,1575,1393,—,0.881,76,136,587,767,1138,357,28,94.3,14,7,6,0,0,1
전북,익산시,평화동,5214053000,6000,3126,2874,—,6.655,314,441,1364,1832,1529,987,1,1.7,0,0,0,0,0,1
전북,익산시,인화동,5214056000,5668,2841,2827,—,2.52,148,284,1071,1439,2180,765,13,22.9,3,4,5,1,0,0
전북,익산시,동산동,5214057000,19229,9401,9828,—,12.771,837,1720,3272,5992,5588,2719,11,5.7,5,3,3,0,0,0
전북,익산시,마동,5214058000,18371,9208,9163,—,1.496,1862,1977,4541,5870,2875,3673,17,9.3,9,3,3,1,0,1
전북,익산시,남중동,5214059500,11179,5707,5472,—,1.741,306,866,2011,3140,3961,1442,28,25.0,14,5,6,0,0,1
전북,익산시,모현동,5214061000,35080,16957,18123,—,3.414,2015,3965,7001,11209,8147,6028,68,19.4,37,19,10,1,0,0
전북,익산시,송학동,5214062000,11445,5646,5799,—,1.467,909,1244,2967,3602,1975,2282,3,2.6,0,1,2,0,0,0
전북,익산시,영등1동,5214064600,19337,9436,9901,—,1.694,700,1963,4104,6105,4660,3103,36,18.6,15,9,8,1,0,1
전북,익산시,영등2동,5214064700,11916,5783,6133,—,1.458,521,1402,2979,4328,1770,2288,63,52.9,36,15,11,0,1,0
전북,익산시,어양동,5214065200,21396,10462,10934,—,2.173,968,2432,5101,7783,3364,4038,35,16.4,15,10,9,1,0,0
전북,익산시,신동,5214065600,15555,7833,7722,—,12.325,423,1140,5707,3452,3751,3262,9,5.8,2,1,1,1,0,1
전북,익산시,팔봉동,5214067000,5936,3061,2875,—,21.893,265,547,1146,1936,1509,886,0,0.0,0,0,0,0,0,0
전북,익산시,삼성동,5214069000,30952,15369,15583,—,12.868,1759,3565,7210,10846,5111,5702,16,5.2,9,5,2,0,0,0
전북,정읍시,신태인읍,5218025000,4820,2367,2453,—,29.83,118,299,526,1202,2209,431,10,20.7,4,2,4,0,0,0
전북,정읍시,북면,5218031000,3762,1916,1846,—,35.781,93,172,481,953,1578,326,2,5.3,0,0,1,0,0,0
전북,정읍시,입암면,5218032000,2519,1264,1255,—,35.814,28,107,213,562,1289,154,1,4.0,1,0,0,0,0,0
전북,정읍시,소성면,5218033000,1852,952,900,—,29.502,31,62,162,405,983,107,1,5.4,1,0,0,0,0,0
전북,정읍시,고부면,5218034000,2509,1278,1231,—,39.552,46,70,224,567,1318,154,1,4.0,0,0,1,0,0,0
전북,정읍시,영원면,5218035000,1578,815,763,—,25.958,31,55,132,327,872,93,0,0.0,0,0,0,0,0,0
전북,정읍시,덕천면,5218036000,1570,809,761,—,21.079,24,52,174,357,766,97,0,0.0,0,0,0,0,0,0
전북,정읍시,이평면,5218037000,1823,929,894,—,25.519,33,65,159,389,993,117,0,0.0,0,0,0,0,0,0
전북,정읍시,정우면,5218038000,2265,1161,1104,—,29.852,37,81,195,521,1158,149,0,0.0,0,0,0,0,0,0
전북,정읍시,태인면,5218039000,3094,1568,1526,—,34.205,52,130,277,726,1585,203,2,6.5,1,0,1,0,0,0
전북,정읍시,감곡면,5218040000,2574,1350,1224,—,41.487,48,60,226,526,1434,147,0,0.0,0,0,0,0,0,0
전북,정읍시,옹동면,5218041000,1539,793,746,—,40.364,34,76,107,364,799,96,0,0.0,0,0,0,0,0,0
전북,정읍시,칠보면,5218042000,2068,1072,996,—,50.24,51,110,183,497,1000,142,2,9.7,1,0,1,0,0,0
전북,정읍시,산내면,5218043000,1150,582,568,—,62.865,20,40,78,248,626,60,0,0.0,0,0,0,0,0,0
전북,정읍시,산외면,5218044000,1906,991,915,—,63.548,22,53,163,426,1017,106,1,5.2,1,0,0,0,0,0
전북,정읍시,수성동,5218051000,15596,7909,7687,—,5.865,760,1501,3277,5411,3339,2588,13,8.3,6,5,2,0,0,0
전북,정읍시,장명동,5218052000,2608,1308,1300,—,6.929,90,179,408,801,872,334,4,15.3,1,1,0,1,0,1
전북,정읍시,내장상동,5218053500,20127,9758,10369,—,44.915,1123,2455,3794,6637,4612,3295,15,7.5,7,5,2,0,0,1
전북,정읍시,시기동,5218054500,2882,1335,1547,—,0.54,99,197,443,722,1166,350,39,135.3,20,10,7,0,0,1
전북,정읍시,초산동,5218056500,9635,4774,4861,—,2.818,581,1113,1885,3187,2087,1558,5,5.2,1,3,1,0,0,0
전북,정읍시,연지동,5218057000,5499,2706,2793,—,1.665,291,447,933,1613,1758,759,51,92.7,30,9,9,2,0,1
전북,정읍시,농소동,5218058000,5259,2619,2640,—,18.632,339,449,1009,1515,1483,802,2,3.8,0,0,0,0,2,0
전북,정읍시,상교동,5218059500,3945,2037,1908,—,45.996,95,203,811,966,1488,507,0,0.0,0,0,0,0,0,0
전북,남원시,운봉읍,5219025000,3435,1687,1748,—,68.905,89,160,301,777,1701,240,2,5.8,1,0,1,0,0,0
전북,남원시,주천면,5219031000,2390,1219,1171,—,54.019,66,106,270,617,1071,205,0,0.0,0,0,0,0,0,0
전북,남원시,수지면,5219032000,1006,508,498,—,31.455,22,55,84,206,531,61,0,0.0,0,0,0,0,0,0
전북,남원시,송동면,5219033000,1769,907,862,—,32.582,27,64,157,417,904,108,0,0.0,0,0,0,0,0,0
전북,남원시,주생면,5219034000,1660,824,836,—,26.076,45,81,135,380,857,99,0,0.0,0,0,0,0,0,0
전북,남원시,금지면,5219035000,2010,963,1047,—,32.682,25,86,141,440,1113,120,0,0.0,0,0,0,0,0,0
전북,남원시,대강면,5219036000,1361,672,689,—,45.087,6,26,94,248,829,66,0,0.0,0,0,0,0,0,0
전북,남원시,대산면,5219037000,1416,738,678,—,35.86,43,58,127,295,733,74,0,0.0,0,0,0,0,0,0
전북,남원시,사매면,5219038000,1398,729,669,—,32.167,28,92,109,292,725,95,1,7.2,0,0,0,0,0,0
전북,남원시,덕과면,5219039000,901,465,436,—,23.211,27,37,71,197,477,53,0,0.0,0,0,0,0,0,0
전북,남원시,보절면,5219040000,1244,622,622,—,41.657,17,44,78,280,708,58,0,0.0,0,0,0,0,0,0
전북,남원시,산동면,5219041000,1563,794,769,—,53.391,23,73,103,328,840,74,0,0.0,0,0,0,0,0,0
전북,남원시,이백면,5219042000,2048,996,1052,—,43.237,39,112,208,472,973,165,0,0.0,0,0,0,0,0,0
전북,남원시,아영면,5219045000,1755,907,848,—,34.897,49,94,135,402,871,107,0,0.0,0,0,0,0,0,0
전북,남원시,산내면,5219046000,1949,967,982,—,102.484,29,144,168,586,759,153,0,0.0,0,0,0,0,0,0
전북,남원시,인월면,5219047000,2635,1309,1326,—,36.291,75,167,284,673,1163,218,5,19.0,3,1,1,0,0,0
전북,남원시,동충동,5219051000,2767,1329,1438,—,0.574,72,206,434,797,1010,339,28,101.2,21,5,2,0,0,0
전북,남원시,죽항동,5219052000,2772,1283,1489,—,0.705,106,159,419,769,1075,334,22,79.4,12,5,4,0,0,1
전북,남원시,노암동,5219054000,5748,2819,2929,—,9.164,419,492,1056,1828,1488,866,1,1.7,1,0,0,0,0,0
전북,남원시,금동,5219055000,5670,2681,2989,—,2.046,239,615,856,1749,1751,826,18,31.7,8,4,6,0,0,0
전북,남원시,왕정동,5219056000,5327,2576,2751,—,6.034,343,449,1049,1556,1494,835,5,9.4,5,0,0,0,0,0
전북,남원시,향교동,5219057000,6300,3188,3112,—,18.671,213,488,987,1917,2120,785,7,11.1,1,2,0,1,0,3
전북,남원시,도통동,5219059000,16480,8031,8449,—,15.04,1107,2056,3406,5724,3014,2931,10,6.1,5,3,1,0,1,0
전북,김제시,만경읍,5221025000,2521,1308,1213,—,21.316,51,99,293,556,1265,189,0,0.0,0,0,0,0,0,0
전북,김제시,죽산면,5221032000,2275,1132,1143,—,36.592,27,80,215,463,1253,159,0,0.0,0,0,0,0,0,0
전북,김제시,백산면,5221033000,3965,2072,1893,—,29.218,275,211,889,1038,1229,595,0,0.0,0,0,0,0,0,0
전북,김제시,용지면,5221034000,3267,1704,1563,—,34.722,69,107,402,684,1652,240,1,3.1,1,0,0,0,0,0
전북,김제시,백구면,5221035000,3512,1762,1750,—,21.629,117,147,402,846,1589,300,1,2.8,0,0,0,0,0,0
전북,김제시,부량면,5221036000,1257,628,629,—,19.942,31,55,129,289,629,88,0,0.0,0,0,0,0,0,0
전북,김제시,공덕면,5221038000,2420,1284,1136,—,28.516,69,112,295,540,1130,202,0,0.0,0,0,0,0,0,0
전북,김제시,청하면,5221039000,1612,824,788,—,19.216,33,52,161,346,837,122,0,0.0,0,0,0,0,0,0
전북,김제시,성덕면,5221040000,1659,878,781,—,21.341,45,65,173,364,848,104,0,0.0,0,0,0,0,0,0
전북,김제시,진봉면,5221041000,2377,1163,1214,—,30.268,28,55,203,515,1334,158,6,25.2,3,1,2,0,0,0
전북,김제시,금구면,5221042000,5950,3062,2888,—,42.539,236,273,1083,1596,2118,727,5,8.4,1,0,1,0,0,1
전북,김제시,봉남면,5221043000,2071,1025,1046,—,23.77,70,59,191,463,1098,143,0,0.0,0,0,0,0,0,0
전북,김제시,황산면,5221044000,1826,944,882,—,17.691,43,58,197,435,887,125,0,0.0,0,0,0,0,0,0
전북,김제시,금산면,5221045000,4332,2171,2161,—,67.056,99,157,481,1030,2054,348,9,20.8,3,1,3,0,0,0
전북,김제시,광활면,5221046000,1227,630,597,—,18.379,30,53,128,279,602,80,0,0.0,0,0,0,0,0,0
전북,김제시,요촌동,5221051000,10817,5423,5394,—,10.734,572,973,2021,3190,3141,1624,56,51.8,31,12,10,2,0,1
전북,김제시,신풍동,5221052000,12270,5965,6305,—,23.142,619,1249,2274,3651,3466,1799,4,3.3,1,0,0,1,0,1
전북,김제시,검산동,5221054000,11887,5831,6056,—,14.1,701,1192,2559,3672,2809,2026,19,16.0,10,5,4,0,0,0
전북,김제시,교월동,5221058000,6340,3140,3200,—,28.127,390,505,1007,1663,2200,811,1,1.6,1,0,0,0,0,0
전북,완주군,삼례읍,5271025000,22480,11663,10817,—,28.61,1994,1853,6050,6149,4936,4233,29,12.9,15,7,6,1,0,0
전북,완주군,봉동읍,5271025300,24174,12641,11533,—,45.92,1369,3051,4801,8267,4927,4014,32,13.2,16,7,7,0,0,1
전북,완주군,용진읍,5271025600,11040,5553,5487,—,38.344,621,688,2344,3226,3055,1697,4,3.6,1,0,2,0,0,1
전북,완주군,상관면,5271032000,3984,2070,1914,—,67.73,117,301,531,1179,1426,439,0,0.0,0,0,0,0,0,0
전북,완주군,이서면,5271033000,15494,7697,7797,—,32.65,1045,1522,3713,5179,2912,3167,26,16.8,16,5,4,1,0,0
전북,완주군,소양면,5271034000,5610,2874,2736,—,94.756,106,284,651,1377,2506,467,4,7.1,1,0,1,0,0,1
전북,완주군,구이면,5271035000,5550,2831,2719,—,89.43,105,271,737,1403,2288,528,2,3.6,1,0,1,0,0,0
전북,완주군,고산면,5271036000,4274,2220,2054,—,69.34,123,274,462,1149,1783,359,7,16.4,4,1,2,0,0,0
전북,완주군,비봉면,5271037000,1734,914,820,—,44.471,26,91,161,419,850,122,0,0.0,0,0,0,0,0,0
전북,완주군,운주면,5271038000,1862,934,928,—,93.379,17,54,127,436,975,109,0,0.0,0,0,0,0,0,0
전북,완주군,화산면,5271039000,2488,1322,1166,—,70.781,47,207,222,632,1135,185,1,4.0,0,0,0,0,0,0
전북,완주군,동상면,5271040000,1031,547,484,—,105.231,20,42,106,216,491,72,1,9.7,0,0,1,0,0,0
전북,완주군,경천면,5271041000,921,463,458,—,37.434,7,27,80,208,494,54,0,0.0,0,0,0,0,0,0
전북,진안군,진안읍,5272025000,9895,5016,4879,—,115.143,435,771,1537,2766,3453,1238,21,21.2,9,5,5,2,0,0
전북,진안군,용담면,5272031000,879,442,437,—,53.849,4,26,58,186,463,48,0,0.0,0,0,0,0,0,0
전북,진안군,안천면,5272032000,1050,521,529,—,36.917,11,58,108,227,528,74,0,0.0,0,0,0,0,0,0
전북,진안군,동향면,5272033000,1340,661,679,—,52.863,33,69,125,260,669,102,0,0.0,0,0,0,0,0,0
전북,진안군,상전면,5272034000,858,435,423,—,54.406,22,32,85,210,421,70,0,0.0,0,0,0,0,0,0
전북,진안군,백운면,5272035000,2001,1061,940,—,85.677,51,77,238,495,901,155,0,0.0,0,0,0,0,0,0
전북,진안군,성수면,5272036000,1752,899,853,—,71.195,45,72,175,382,865,137,0,0.0,0,0,0,0,0,0
전북,진안군,마령면,5272037000,1711,881,830,—,41.167,47,62,171,366,854,126,1,5.8,1,0,0,0,0,0
전북,진안군,부귀면,5272038000,2942,1511,1431,—,104.308,112,199,327,714,1200,279,0,0.0,0,0,0,0,0,0
전북,진안군,정천면,5272039000,1096,577,519,—,76.517,49,65,104,282,479,90,0,0.0,0,0,0,0,0,0
전북,진안군,주천면,5272040000,1406,738,668,—,94.696,22,36,110,277,782,63,0,0.0,0,0,0,0,0,0
전북,무주군,무주읍,5273025000,9529,4774,4755,—,79.207,441,966,1720,2897,2755,1380,17,17.8,7,4,5,0,0,1
전북,무주군,무풍면,5273031000,2095,1072,1023,—,89.857,29,77,186,457,1039,134,0,0.0,0,0,0,0,0,0
전북,무주군,설천면,5273032000,3899,1991,1908,—,159.366,72,230,507,1082,1566,385,2,5.1,1,0,1,0,0,0
전북,무주군,적상면,5273033000,2551,1288,1263,—,132.509,42,112,202,575,1317,155,0,0.0,0,0,0,0,0,0
전북,무주군,안성면,5273034000,4037,2014,2023,—,96.61,75,216,377,910,1972,298,3,7.4,1,1,1,0,0,0
전북,무주군,부남면,5273035000,1344,703,641,—,69.423,15,38,86,268,767,64,0,0.0,0,0,0,0,0,0
전북,장수군,장수읍,5274025000,7281,3638,3643,—,98.627,316,714,1201,2032,2367,983,7,9.6,3,2,2,0,0,0
전북,장수군,산서면,5274031000,1913,975,938,—,47.611,49,88,173,425,944,126,0,0.0,0,0,0,0,0,0
전북,장수군,번암면,5274032000,2188,1125,1063,—,126.9,47,87,162,467,1178,124,0,0.0,0,0,0,0,0,0
전북,장수군,장계면,5274033500,4193,2136,2057,—,66.073,147,304,556,1193,1571,447,9,21.5,4,3,2,0,0,0
전북,장수군,천천면,5274034000,1999,993,1006,—,85.01,31,49,176,454,1058,124,0,0.0,0,0,0,0,0,0
전북,장수군,계남면,5274035000,2094,1058,1036,—,49.714,52,110,227,530,930,162,0,0.0,0,0,0,0,0,0
전북,장수군,계북면,5274036000,1516,786,730,—,54.888,38,69,125,333,764,102,0,0.0,0,0,0,0,0,0
전북,임실군,임실읍,5275025000,7050,3605,3445,—,66.015,473,680,1318,1985,2064,1036,14,19.9,6,4,3,0,0,1
전북,임실군,청웅면,5275031000,1216,618,598,—,34.712,31,43,103,271,641,76,0,0.0,0,0,0,0,0,0
전북,임실군,운암면,5275032000,1529,810,719,—,75.914,35,38,148,344,756,107,0,0.0,0,0,0,0,0,0
전북,임실군,신평면,5275033000,1360,729,631,—,33.475,28,46,136,289,704,72,0,0.0,0,0,0,0,0,0
전북,임실군,성수면,5275034000,1541,813,728,—,59.721,33,56,143,314,808,92,0,0.0,0,0,0,0,0,0
전북,임실군,오수면,5275035500,3341,1719,1622,—,39.745,72,145,347,780,1643,243,9,26.9,4,2,3,0,0,0
전북,임실군,신덕면,5275036000,1248,661,587,—,65.3,29,33,110,283,648,83,0,0.0,0,0,0,0,0,0
전북,임실군,삼계면,5275037000,1380,729,651,—,55.523,30,48,89,252,802,64,0,0.0,0,0,0,0,0,0
전북,임실군,관촌면,5275038000,2994,1558,1436,—,52.944,105,137,331,732,1354,247,6,20.0,3,1,2,0,0,0
전북,임실군,강진면,5275039000,1379,728,651,—,53.045,28,41,143,308,669,77,1,7.3,1,0,0,0,0,0
전북,임실군,덕치면,5275040000,1090,578,512,—,41.956,24,24,81,231,568,52,1,9.2,0,0,0,0,0,0
전북,임실군,지사면,5275041000,1162,588,574,—,17.817,41,64,85,273,568,85,0,0.0,0,0,0,0,0,0
전북,순창군,순창읍,5277025000,11000,5376,5624,—,21.134,640,1280,2118,3549,2623,1849,27,24.5,13,7,5,1,0,1
전북,순창군,인계면,5277031000,1494,737,757,—,36.26,48,68,148,345,697,141,1,6.7,0,0,0,0,0,1
전북,순창군,동계면,5277032000,1927,970,957,—,57.015,30,88,144,471,982,120,1,5.2,0,0,1,0,0,0
전북,순창군,풍산면,5277033000,1565,797,768,—,28.217,33,65,134,376,808,111,0,0.0,0,0,0,0,0,0
전북,순창군,금과면,5277034000,1764,901,863,—,27.309,34,41,182,380,894,119,0,0.0,0,0,0,0,0,0
전북,순창군,팔덕면,5277035000,1443,746,697,—,40.281,44,76,135,334,678,115,0,0.0,0,0,0,0,0,0
전북,순창군,쌍치면,5277036000,1942,976,966,—,78.496,47,84,206,439,925,142,1,5.1,1,0,0,0,0,0
전북,순창군,복흥면,5277037000,2052,1005,1047,—,73.675,75,127,196,469,962,157,2,9.7,1,0,1,0,0,0
전북,순창군,적성면,5277038000,1249,606,643,—,32.701,30,49,127,285,625,93,0,0.0,0,0,0,0,0,0
전북,순창군,유등면,5277039000,1018,516,502,—,17.456,14,33,96,237,540,72,0,0.0,0,0,0,0,0,0
전북,순창군,구림면,5277040000,2200,1109,1091,—,84.324,32,74,206,488,1136,145,0,0.0,0,0,0,0,0,0
전북,고창군,고창읍,5279025000,20526,10136,10390,—,42.385,1194,2511,3549,6053,5594,3007,40,19.5,18,10,7,1,1,3
전북,고창군,고수면,5279031000,2207,1140,1067,—,45.425,43,82,219,513,1089,158,0,0.0,0,0,0,0,0,0
전북,고창군,아산면,5279032000,2386,1242,1144,—,74.309,30,92,204,583,1215,148,0,0.0,0,0,0,0,0,0
전북,고창군,무장면,5279033000,2592,1320,1272,—,43.301,48,236,237,560,1249,175,2,7.7,1,0,0,0,0,1
전북,고창군,공음면,5279034000,2162,1084,1078,—,50.008,19,88,186,463,1187,142,0,0.0,0,0,0,0,0,0
전북,고창군,상하면,5279035000,2145,1094,1051,—,33.862,30,82,216,500,1084,135,0,0.0,0,0,0,0,0,0
전북,고창군,해리면,5279036000,2402,1214,1188,—,39.812,44,78,170,480,1378,124,3,12.5,2,0,1,0,0,0
전북,고창군,성송면,5279037000,1609,838,771,—,36.047,24,44,115,363,905,79,0,0.0,0,0,0,0,0,0
전북,고창군,대산면,5279038000,2787,1398,1389,—,43.479,34,96,220,602,1519,158,5,17.9,3,1,1,0,0,0
전북,고창군,심원면,5279039000,2217,1122,1095,—,39.972,47,99,200,544,1050,152,0,0.0,0,0,0,0,0,0
전북,고창군,흥덕면,5279040000,2819,1415,1404,—,34.031,65,173,258,624,1390,190,4,14.2,2,1,1,0,0,0
전북,고창군,성내면,5279041000,1732,912,820,—,29.915,24,62,146,378,948,87,1,5.8,0,0,0,0,0,1
전북,고창군,신림면,5279042000,1982,1019,963,—,40.904,23,83,196,444,1034,142,0,0.0,0,0,0,0,0,0
전북,고창군,부안면,5279043000,2459,1236,1223,—,53.89,44,115,170,571,1324,132,1,4.1,1,0,0,0,0,0
전북,부안군,부안읍,5280025000,19803,9675,10128,—,24.953,1086,2110,3332,6070,5549,2884,50,25.2,20,14,11,2,1,1
전북,부안군,주산면,5280031000,1699,852,847,—,24.195,27,51,134,358,940,97,0,0.0,0,0,0,0,0,0
전북,부안군,동진면,5280032000,2443,1272,1171,—,32.19,37,63,235,511,1302,137,0,0.0,0,0,0,0,0,0
전북,부안군,행안면,5280033000,1959,1032,927,—,20.266,40,93,241,488,879,156,1,5.1,0,0,0,0,0,1
전북,부안군,계화면,5280034000,2886,1453,1433,—,48.875,49,110,252,685,1523,205,1,3.5,1,0,0,0,0,0
전북,부안군,보안면,5280035000,2142,1097,1045,—,38.013,24,61,145,433,1218,87,0,0.0,0,0,0,0,0,0
전북,부안군,변산면,5280036000,4050,2114,1936,—,88.736,83,197,458,1152,1675,354,3,7.4,1,1,1,0,0,0
전북,부안군,진서면,5280037000,2049,1045,1004,—,38.047,42,81,173,470,1028,138,2,9.8,1,0,1,0,0,0
전북,부안군,백산면,5280038000,2219,1106,1113,—,35.481,23,62,185,461,1226,128,0,0.0,0,0,0,0,0,0
전북,부안군,상서면,5280039000,1931,959,972,—,51.767,29,58,187,403,1013,120,0,0.0,0,0,0,0,0,0
전북,부안군,하서면,5280040000,2319,1158,1161,—,43.307,32,59,235,515,1231,159,0,0.0,0,0,0,0,0,0
전북,부안군,줄포면,5280041000,2363,1193,1170,—,23.13,48,89,199,538,1201,158,3,12.7,1,1,1,0,0,0
전북,부안군,위도면,5280042000,1089,595,494,—,16.233,10,28,82,312,550,65,0,0.0,0,0,0,0,0,0
