시도,시군구,진료과목,표시기관수,전문기관수,겸업기관수,과목전문의수,인구,인구1만명당,1개소당_인구
강원,강릉시,가정의학과,20,11,9,20,205440,0.97,10272
강원,강릉시,결핵과,1,0,1,0,205440,0.05,205440
강원,강릉시,구강내과,40,1,39,3,205440,1.95,5136
강원,강릉시,구강병리과,18,1,17,1,205440,0.88,11413
강원,강릉시,구강악안면외과,46,5,41,9,205440,2.24,4466
강원,강릉시,내과,61,27,34,89,205440,2.97,3368
강원,강릉시,마취통증의학과,26,13,13,21,205440,1.27,7902
강원,강릉시,방사선종양학과,1,1,0,3,205440,0.05,205440
강원,강릉시,병리과,3,2,1,5,205440,0.15,68480
강원,강릉시,비뇨의학과,26,7,19,10,205440,1.27,7902
강원,강릉시,사상체질과,38,0,38,0,205440,1.85,5406
강원,강릉시,산부인과,15,13,2,24,205440,0.73,13696
강원,강릉시,성형외과,15,8,7,9,205440,0.73,13696
강원,강릉시,소아청소년과,43,14,29,25,205440,2.09,4778
강원,강릉시,소아치과,46,4,42,5,205440,2.24,4466
강원,강릉시,신경과,15,7,8,12,205440,0.73,13696
강원,강릉시,신경외과,12,5,7,11,205440,0.58,17120
강원,강릉시,심장혈관흉부외과,5,2,3,7,205440,0.24,41088
강원,강릉시,안과,15,11,4,16,205440,0.73,13696
강원,강릉시,영상의학과,9,7,2,20,205440,0.44,22827
강원,강릉시,영상치의학과,37,1,36,3,205440,1.8,5552
강원,강릉시,예방의학과,2,0,2,0,205440,0.1,102720
강원,강릉시,예방치과,44,1,43,3,205440,2.14,4669
강원,강릉시,외과,25,12,13,28,205440,1.22,8218
강원,강릉시,응급의학과,6,3,3,16,205440,0.29,34240
강원,강릉시,이비인후과,31,11,20,14,205440,1.51,6627
강원,강릉시,재활의학과,15,6,9,8,205440,0.73,13696
강원,강릉시,정신건강의학과,12,10,2,17,205440,0.58,17120
강원,강릉시,정형외과,31,15,16,30,205440,1.51,6627
강원,강릉시,직업환경의학과,2,2,0,3,205440,0.1,102720
강원,강릉시,진단검사의학과,4,3,1,5,205440,0.19,51360
강원,강릉시,치과,2,0,2,0,205440,0.1,102720
강원,강릉시,치과교정과,27,4,23,6,205440,1.31,7609
강원,강릉시,치과보존과,53,4,49,7,205440,2.58,3876
강원,강릉시,치과보철과,59,6,53,10,205440,2.87,3482
강원,강릉시,치주과,55,6,49,9,205440,2.68,3735
강원,강릉시,침구과,47,1,46,1,205440,2.29,4371
강원,강릉시,통합치의학과,37,12,25,17,205440,1.8,5552
강원,강릉시,피부과,35,4,31,4,205440,1.7,5870
강원,강릉시,한방내과,59,0,59,0,205440,2.87,3482
강원,강릉시,한방부인과,52,0,52,0,205440,2.53,3951
강원,강릉시,한방소아과,52,0,52,0,205440,2.53,3951
강원,강릉시,한방신경정신과,46,1,45,1,205440,2.24,4466
강원,강릉시,한방안·이비인후·피부과,52,1,51,1,205440,2.53,3951
강원,강릉시,한방응급,1,0,1,0,205440,0.05,205440
강원,강릉시,한방재활의학과,44,3,41,3,205440,2.14,4669
강원,강릉시,핵의학과,1,1,0,2,205440,0.05,205440
강원,고성군,가정의학과,4,0,4,0,27196,1.47,6799
강원,고성군,구강내과,5,0,5,0,27196,1.84,5439
강원,고성군,구강병리과,3,0,3,0,27196,1.1,9065
강원,고성군,구강악안면외과,6,0,6,0,27196,2.21,4533
강원,고성군,내과,9,1,8,1,27196,3.31,3022
강원,고성군,마취통증의학과,3,0,3,0,27196,1.1,9065
강원,고성군,비뇨의학과,4,0,4,0,27196,1.47,6799
강원,고성군,사상체질과,2,0,2,0,27196,0.74,13598
강원,고성군,산부인과,1,0,1,0,27196,0.37,27196
강원,고성군,성형외과,2,0,2,0,27196,0.74,13598
강원,고성군,소아청소년과,4,0,4,0,27196,1.47,6799
강원,고성군,소아치과,8,0,8,0,27196,2.94,3400
강원,고성군,신경과,3,0,3,0,27196,1.1,9065
강원,고성군,신경외과,2,0,2,0,27196,0.74,13598
강원,고성군,심장혈관흉부외과,1,0,1,0,27196,0.37,27196
강원,고성군,안과,3,0,3,0,27196,1.1,9065
강원,고성군,영상의학과,2,1,1,1,27196,0.74,13598
강원,고성군,영상치의학과,5,0,5,0,27196,1.84,5439
강원,고성군,예방의학과,1,0,1,0,27196,0.37,27196
강원,고성군,예방치과,8,0,8,0,27196,2.94,3400
강원,고성군,외과,6,2,4,2,27196,2.21,4533
강원,고성군,응급의학과,2,0,2,0,27196,0.74,13598
강원,고성군,이비인후과,5,0,5,0,27196,1.84,5439
강원,고성군,재활의학과,2,1,1,1,27196,0.74,13598
강원,고성군,정신건강의학과,1,0,1,0,27196,0.37,27196
강원,고성군,정형외과,7,0,7,0,27196,2.57,3885
강원,고성군,치과교정과,4,0,4,0,27196,1.47,6799
강원,고성군,치과보존과,8,0,8,0,27196,2.94,3400
강원,고성군,치과보철과,7,0,7,0,27196,2.57,3885
강원,고성군,치주과,8,0,8,0,27196,2.94,3400
강원,고성군,침구과,4,0,4,0,27196,1.47,6799
강원,고성군,통합치의학과,4,1,3,1,27196,1.47,6799
강원,고성군,피부과,4,0,4,0,27196,1.47,6799
강원,고성군,한방내과,8,0,8,0,27196,2.94,3400
강원,고성군,한방부인과,3,0,3,0,27196,1.1,9065
강원,고성군,한방소아과,3,0,3,0,27196,1.1,9065
강원,고성군,한방신경정신과,3,0,3,0,27196,1.1,9065
강원,고성군,한방안·이비인후·피부과,3,0,3,0,27196,1.1,9065
강원,고성군,한방재활의학과,3,0,3,0,27196,1.1,9065
강원,동해시,가정의학과,12,5,7,5,85534,1.4,7128
강원,동해시,결핵과,4,0,4,0,85534,0.47,21384
강원,동해시,구강내과,29,0,29,0,85534,3.39,2949
강원,동해시,구강병리과,10,0,10,0,85534,1.17,8553
강원,동해시,구강악안면외과,23,2,21,2,85534,2.69,3719
강원,동해시,내과,39,13,26,17,85534,4.56,2193
강원,동해시,마취통증의학과,17,6,11,7,85534,1.99,5031
강원,동해시,방사선종양학과,1,0,1,0,85534,0.12,85534
강원,동해시,병리과,2,1,1,1,85534,0.23,42767
강원,동해시,비뇨의학과,20,2,18,2,85534,2.34,4277
강원,동해시,사상체질과,16,0,16,0,85534,1.87,5346
강원,동해시,산부인과,7,5,2,7,85534,0.82,12219
강원,동해시,성형외과,6,1,5,1,85534,0.7,14256
강원,동해시,소아청소년과,25,5,20,5,85534,2.92,3421
강원,동해시,소아치과,23,1,22,2,85534,2.69,3719
강원,동해시,신경과,8,2,6,2,85534,0.94,10692
강원,동해시,신경외과,17,7,10,7,85534,1.99,5031
강원,동해시,심장혈관흉부외과,3,0,3,0,85534,0.35,28511
강원,동해시,안과,5,2,3,2,85534,0.58,17107
강원,동해시,영상의학과,7,2,5,2,85534,0.82,12219
강원,동해시,영상치의학과,21,0,21,0,85534,2.46,4073
강원,동해시,예방의학과,1,0,1,0,85534,0.12,85534
강원,동해시,예방치과,22,0,22,0,85534,2.57,3888
강원,동해시,외과,15,6,9,8,85534,1.75,5702
강원,동해시,응급의학과,3,0,3,0,85534,0.35,28511
강원,동해시,이비인후과,20,5,15,7,85534,2.34,4277
강원,동해시,재활의학과,10,2,8,2,85534,1.17,8553
강원,동해시,정신건강의학과,4,2,2,2,85534,0.47,21384
강원,동해시,정형외과,25,6,19,8,85534,2.92,3421
강원,동해시,직업환경의학과,2,1,1,1,85534,0.23,42767
강원,동해시,진단검사의학과,2,0,2,0,85534,0.23,42767
강원,동해시,치과교정과,12,3,9,3,85534,1.4,7128
강원,동해시,치과보존과,22,0,22,0,85534,2.57,3888
강원,동해시,치과보철과,23,1,22,1,85534,2.69,3719
강원,동해시,치주과,23,1,22,1,85534,2.69,3719
강원,동해시,침구과,20,0,20,0,85534,2.34,4277
강원,동해시,통합치의학과,12,2,10,2,85534,1.4,7128
강원,동해시,피부과,26,0,26,0,85534,3.04,3290
강원,동해시,한방내과,24,0,24,0,85534,2.81,3564
강원,동해시,한방부인과,20,0,20,0,85534,2.34,4277
강원,동해시,한방소아과,19,0,19,0,85534,2.22,4502
강원,동해시,한방신경정신과,19,0,19,0,85534,2.22,4502
강원,동해시,한방안·이비인후·피부과,19,0,19,0,85534,2.22,4502
강원,동해시,한방응급,2,0,2,0,85534,0.23,42767
강원,동해시,한방재활의학과,12,0,12,0,85534,1.4,7128
강원,동해시,핵의학과,1,0,1,0,85534,0.12,85534
강원,삼척시,가정의학과,4,0,4,0,60041,0.67,15010
강원,삼척시,구강내과,9,0,9,0,60041,1.5,6671
강원,삼척시,구강병리과,7,0,7,0,60041,1.17,8577
강원,삼척시,구강악안면외과,11,1,10,1,60041,1.83,5458
강원,삼척시,내과,23,5,18,9,60041,3.83,2610
강원,삼척시,마취통증의학과,5,4,1,5,60041,0.83,12008
강원,삼척시,비뇨의학과,6,2,4,2,60041,1.0,10007
강원,삼척시,사상체질과,5,0,5,0,60041,0.83,12008
강원,삼척시,산부인과,2,2,0,4,60041,0.33,30020
강원,삼척시,소아청소년과,13,3,10,3,60041,2.17,4619
강원,삼척시,소아치과,11,0,11,0,60041,1.83,5458
강원,삼척시,신경과,6,1,5,1,60041,1.0,10007
강원,삼척시,신경외과,4,1,3,1,60041,0.67,15010
강원,삼척시,심장혈관흉부외과,1,1,0,1,60041,0.17,60041
강원,삼척시,안과,3,2,1,2,60041,0.5,20014
강원,삼척시,영상의학과,2,2,0,4,60041,0.33,30020
강원,삼척시,영상치의학과,9,0,9,0,60041,1.5,6671
강원,삼척시,예방치과,9,0,9,0,60041,1.5,6671
강원,삼척시,외과,13,6,7,8,60041,2.17,4619
강원,삼척시,응급의학과,1,1,0,3,60041,0.17,60041
강원,삼척시,이비인후과,9,2,7,3,60041,1.5,6671
강원,삼척시,재활의학과,3,1,2,1,60041,0.5,20014
강원,삼척시,정신건강의학과,2,1,1,1,60041,0.33,30020
강원,삼척시,정형외과,13,3,10,4,60041,2.17,4619
강원,삼척시,진단검사의학과,1,1,0,1,60041,0.17,60041
강원,삼척시,치과교정과,6,0,6,0,60041,1.0,10007
강원,삼척시,치과보존과,11,0,11,0,60041,1.83,5458
강원,삼척시,치과보철과,11,0,11,0,60041,1.83,5458
강원,삼척시,치주과,11,0,11,0,60041,1.83,5458
강원,삼척시,침구과,11,0,11,0,60041,1.83,5458
강원,삼척시,통합치의학과,11,3,8,4,60041,1.83,5458
강원,삼척시,피부과,11,0,11,0,60041,1.83,5458
강원,삼척시,한방내과,12,0,12,0,60041,2.0,5003
강원,삼척시,한방부인과,11,1,10,1,60041,1.83,5458
강원,삼척시,한방소아과,11,0,11,0,60041,1.83,5458
강원,삼척시,한방신경정신과,6,0,6,0,60041,1.0,10007
강원,삼척시,한방안·이비인후·피부과,11,0,11,0,60041,1.83,5458
강원,삼척시,한방재활의학과,6,0,6,0,60041,1.0,10007
강원,속초시,가정의학과,10,5,5,5,78788,1.27,7879
강원,속초시,구강내과,25,0,25,0,78788,3.17,3152
강원,속초시,구강병리과,13,0,13,0,78788,1.65,6061
강원,속초시,구강악안면외과,30,2,28,2,78788,3.81,2626
강원,속초시,내과,32,17,15,22,78788,4.06,2462
강원,속초시,마취통증의학과,15,7,8,7,78788,1.9,5253
강원,속초시,병리과,1,0,1,0,78788,0.13,78788
강원,속초시,비뇨의학과,11,5,6,5,78788,1.4,7163
강원,속초시,사상체질과,10,0,10,0,78788,1.27,7879
강원,속초시,산부인과,10,8,2,9,78788,1.27,7879
강원,속초시,성형외과,4,2,2,2,78788,0.51,19697
강원,속초시,소아청소년과,19,7,12,8,78788,2.41,4147
강원,속초시,소아치과,29,0,29,0,78788,3.68,2717
강원,속초시,신경과,7,1,6,2,78788,0.89,11255
강원,속초시,신경외과,14,5,9,5,78788,1.78,5628
강원,속초시,심장혈관흉부외과,1,1,0,1,78788,0.13,78788
강원,속초시,안과,7,4,3,4,78788,0.89,11255
강원,속초시,영상의학과,4,4,0,5,78788,0.51,19697
강원,속초시,영상치의학과,25,1,24,1,78788,3.17,3152
강원,속초시,예방치과,34,0,34,0,78788,4.32,2317
강원,속초시,외과,9,6,3,7,78788,1.14,8754
강원,속초시,응급의학과,2,1,1,2,78788,0.25,39394
강원,속초시,이비인후과,16,3,13,3,78788,2.03,4924
강원,속초시,재활의학과,9,3,6,3,78788,1.14,8754
강원,속초시,정신건강의학과,4,3,1,3,78788,0.51,19697
강원,속초시,정형외과,19,8,11,12,78788,2.41,4147
강원,속초시,진단검사의학과,2,1,1,1,78788,0.25,39394
강원,속초시,치과교정과,16,3,13,3,78788,2.03,4924
강원,속초시,치과보존과,32,0,32,0,78788,4.06,2462
강원,속초시,치과보철과,33,0,33,0,78788,4.19,2388
강원,속초시,치주과,34,0,34,0,78788,4.32,2317
강원,속초시,침구과,21,0,21,0,78788,2.67,3752
강원,속초시,통합치의학과,18,3,15,3,78788,2.28,4377
강원,속초시,피부과,20,2,18,2,78788,2.54,3939
강원,속초시,한방내과,23,0,23,0,78788,2.92,3426
강원,속초시,한방부인과,14,0,14,0,78788,1.78,5628
강원,속초시,한방소아과,14,0,14,0,78788,1.78,5628
강원,속초시,한방신경정신과,12,0,12,0,78788,1.52,6566
강원,속초시,한방안·이비인후·피부과,13,0,13,0,78788,1.65,6061
강원,속초시,한방응급,1,0,1,0,78788,0.13,78788
강원,속초시,한방재활의학과,11,0,11,0,78788,1.4,7163
강원,양구군,가정의학과,2,2,0,2,20354,0.98,10177
강원,양구군,구강내과,2,0,2,0,20354,0.98,10177
강원,양구군,구강병리과,2,0,2,0,20354,0.98,10177
강원,양구군,구강악안면외과,4,0,4,0,20354,1.97,5088
강원,양구군,내과,7,2,5,2,20354,3.44,2908
강원,양구군,마취통증의학과,1,0,1,0,20354,0.49,20354
강원,양구군,비뇨의학과,2,0,2,0,20354,0.98,10177
강원,양구군,사상체질과,3,0,3,0,20354,1.47,6785
강원,양구군,산부인과,2,1,1,1,20354,0.98,10177
강원,양구군,성형외과,1,0,1,0,20354,0.49,20354
강원,양구군,소아청소년과,7,2,5,2,20354,3.44,2908
강원,양구군,소아치과,4,0,4,0,20354,1.97,5088
강원,양구군,신경과,1,0,1,0,20354,0.49,20354
강원,양구군,신경외과,2,0,2,0,20354,0.98,10177
강원,양구군,심장혈관흉부외과,1,0,1,0,20354,0.49,20354
강원,양구군,안과,1,0,1,0,20354,0.49,20354
강원,양구군,영상치의학과,3,0,3,0,20354,1.47,6785
강원,양구군,예방치과,4,0,4,0,20354,1.97,5088
강원,양구군,외과,3,0,3,0,20354,1.47,6785
강원,양구군,응급의학과,1,0,1,0,20354,0.49,20354
강원,양구군,이비인후과,6,0,6,0,20354,2.95,3392
강원,양구군,재활의학과,1,0,1,0,20354,0.49,20354
강원,양구군,정신건강의학과,1,0,1,0,20354,0.49,20354
강원,양구군,정형외과,7,3,4,3,20354,3.44,2908
강원,양구군,치과교정과,2,0,2,0,20354,0.98,10177
강원,양구군,치과보존과,4,0,4,0,20354,1.97,5088
강원,양구군,치과보철과,4,0,4,0,20354,1.97,5088
강원,양구군,치주과,4,0,4,0,20354,1.97,5088
강원,양구군,침구과,3,0,3,0,20354,1.47,6785
강원,양구군,통합치의학과,2,0,2,0,20354,0.98,10177
강원,양구군,피부과,6,0,6,0,20354,2.95,3392
강원,양구군,한방내과,3,0,3,0,20354,1.47,6785
강원,양구군,한방부인과,3,0,3,0,20354,1.47,6785
강원,양구군,한방소아과,3,0,3,0,20354,1.47,6785
강원,양구군,한방신경정신과,3,0,3,0,20354,1.47,6785
강원,양구군,한방안·이비인후·피부과,3,0,3,0,20354,1.47,6785
강원,양구군,한방재활의학과,3,0,3,0,20354,1.47,6785
강원,양양군,구강내과,4,0,4,0,27350,1.46,6838
강원,양양군,구강병리과,3,0,3,0,27350,1.1,9117
강원,양양군,구강악안면외과,4,0,4,0,27350,1.46,6838
강원,양양군,내과,4,1,3,1,27350,1.46,6838
강원,양양군,마취통증의학과,1,0,1,0,27350,0.37,27350
강원,양양군,비뇨의학과,1,0,1,0,27350,0.37,27350
강원,양양군,사상체질과,2,0,2,0,27350,0.73,13675
강원,양양군,산부인과,1,1,0,1,27350,0.37,27350
강원,양양군,소아청소년과,1,0,1,0,27350,0.37,27350
강원,양양군,소아치과,5,0,5,0,27350,1.83,5470
강원,양양군,신경과,1,0,1,0,27350,0.37,27350
강원,양양군,신경외과,2,0,2,0,27350,0.73,13675
강원,양양군,영상치의학과,4,0,4,0,27350,1.46,6838
강원,양양군,예방치과,5,0,5,0,27350,1.83,5470
강원,양양군,외과,4,1,3,1,27350,1.46,6838
강원,양양군,이비인후과,2,0,2,0,27350,0.73,13675
강원,양양군,재활의학과,1,0,1,0,27350,0.37,27350
강원,양양군,정형외과,2,1,1,1,27350,0.73,13675
강원,양양군,치과교정과,4,0,4,0,27350,1.46,6838
강원,양양군,치과보존과,5,0,5,0,27350,1.83,5470
강원,양양군,치과보철과,5,0,5,0,27350,1.83,5470
강원,양양군,치주과,5,0,5,0,27350,1.83,5470
강원,양양군,침구과,4,0,4,0,27350,1.46,6838
강원,양양군,통합치의학과,4,0,4,0,27350,1.46,6838
강원,양양군,피부과,1,0,1,0,27350,0.37,27350
강원,양양군,한방내과,4,0,4,0,27350,1.46,6838
강원,양양군,한방부인과,4,0,4,0,27350,1.46,6838
강원,양양군,한방소아과,2,0,2,0,27350,0.73,13675
강원,양양군,한방신경정신과,2,0,2,0,27350,0.73,13675
강원,양양군,한방안·이비인후·피부과,2,0,2,0,27350,0.73,13675
강원,양양군,한방재활의학과,2,0,2,0,27350,0.73,13675
강원,영월군,가정의학과,5,1,4,1,35651,1.4,7130
강원,영월군,결핵과,1,0,1,0,35651,0.28,35651
강원,영월군,구강내과,4,0,4,0,35651,1.12,8913
강원,영월군,구강병리과,3,0,3,0,35651,0.84,11884
강원,영월군,구강악안면외과,7,0,7,0,35651,1.96,5093
강원,영월군,내과,11,4,7,6,35651,3.09,3241
강원,영월군,마취통증의학과,6,1,5,1,35651,1.68,5942
강원,영월군,방사선종양학과,1,0,1,0,35651,0.28,35651
강원,영월군,병리과,1,0,1,0,35651,0.28,35651
강원,영월군,비뇨의학과,10,1,9,1,35651,2.8,3565
강원,영월군,사상체질과,4,0,4,0,35651,1.12,8913
강원,영월군,산부인과,2,1,1,2,35651,0.56,17826
강원,영월군,성형외과,2,0,2,0,35651,0.56,17826
강원,영월군,소아청소년과,10,1,9,2,35651,2.8,3565
강원,영월군,소아치과,5,0,5,0,35651,1.4,7130
강원,영월군,신경과,3,0,3,0,35651,0.84,11884
강원,영월군,신경외과,6,0,6,0,35651,1.68,5942
강원,영월군,심장혈관흉부외과,4,1,3,1,35651,1.12,8913
강원,영월군,안과,3,1,2,1,35651,0.84,11884
강원,영월군,영상의학과,3,1,2,1,35651,0.84,11884
강원,영월군,영상치의학과,5,0,5,0,35651,1.4,7130
강원,영월군,예방치과,4,0,4,0,35651,1.12,8913
강원,영월군,외과,9,5,4,5,35651,2.52,3961
강원,영월군,응급의학과,4,1,3,1,35651,1.12,8913
강원,영월군,이비인후과,7,0,7,0,35651,1.96,5093
강원,영월군,재활의학과,4,0,4,0,35651,1.12,8913
강원,영월군,정신건강의학과,2,1,1,1,35651,0.56,17826
강원,영월군,정형외과,8,2,6,3,35651,2.24,4456
강원,영월군,진단검사의학과,2,1,1,1,35651,0.56,17826
강원,영월군,치과교정과,4,0,4,0,35651,1.12,8913
강원,영월군,치과보존과,6,0,6,0,35651,1.68,5942
강원,영월군,치과보철과,7,0,7,0,35651,1.96,5093
강원,영월군,치주과,5,0,5,0,35651,1.4,7130
강원,영월군,침구과,5,0,5,0,35651,1.4,7130
강원,영월군,통합치의학과,5,3,2,3,35651,1.4,7130
강원,영월군,피부과,9,0,9,0,35651,2.52,3961
강원,영월군,한방내과,5,0,5,0,35651,1.4,7130
강원,영월군,한방부인과,5,0,5,0,35651,1.4,7130
강원,영월군,한방소아과,5,0,5,0,35651,1.4,7130
강원,영월군,한방신경정신과,4,0,4,0,35651,1.12,8913
강원,영월군,한방안·이비인후·피부과,5,0,5,0,35651,1.4,7130
강원,영월군,한방응급,1,0,1,0,35651,0.28,35651
강원,영월군,한방재활의학과,2,0,2,0,35651,0.56,17826
강원,원주시,가정의학과,58,14,44,21,365379,1.59,6300
강원,원주시,결핵과,1,0,1,0,365379,0.03,365379
강원,원주시,구강내과,77,0,77,0,365379,2.11,4745
강원,원주시,구강병리과,43,0,43,0,365379,1.18,8497
강원,원주시,구강악안면외과,80,7,73,8,365379,2.19,4567
강원,원주시,내과,159,57,102,130,365379,4.35,2298
강원,원주시,마취통증의학과,50,17,33,28,365379,1.37,7308
강원,원주시,방사선종양학과,1,1,0,4,365379,0.03,365379
강원,원주시,병리과,2,1,1,4,365379,0.05,182690
강원,원주시,비뇨의학과,45,10,35,16,365379,1.23,8120
강원,원주시,사상체질과,97,6,91,7,365379,2.65,3767
강원,원주시,산부인과,24,16,8,31,365379,0.66,15224
강원,원주시,성형외과,30,9,21,11,365379,0.82,12179
강원,원주시,소아청소년과,98,24,74,44,365379,2.68,3728
강원,원주시,소아치과,86,4,82,5,365379,2.35,4249
강원,원주시,신경과,33,5,28,13,365379,0.9,11072
강원,원주시,신경외과,54,14,40,18,365379,1.48,6766
강원,원주시,심장혈관흉부외과,9,6,3,9,365379,0.25,40598
강원,원주시,안과,22,12,10,20,365379,0.6,16608
강원,원주시,영상의학과,26,14,12,27,365379,0.71,14053
강원,원주시,영상치의학과,69,0,69,0,365379,1.89,5295
강원,원주시,예방의학과,2,0,2,0,365379,0.05,182690
강원,원주시,예방치과,78,1,77,1,365379,2.13,4684
강원,원주시,외과,62,23,39,48,365379,1.7,5893
강원,원주시,응급의학과,5,4,1,27,365379,0.14,73076
강원,원주시,이비인후과,77,19,58,28,365379,2.11,4745
강원,원주시,재활의학과,42,12,30,20,365379,1.15,8700
강원,원주시,정신건강의학과,21,14,7,23,365379,0.57,17399
강원,원주시,정형외과,90,29,61,61,365379,2.46,4060
강원,원주시,직업환경의학과,3,1,2,5,365379,0.08,121793
강원,원주시,진단검사의학과,8,2,6,7,365379,0.22,45672
강원,원주시,치과교정과,71,7,64,8,365379,1.94,5146
강원,원주시,치과보존과,93,5,88,5,365379,2.55,3929
강원,원주시,치과보철과,97,6,91,6,365379,2.65,3767
강원,원주시,치주과,94,2,92,3,365379,2.57,3887
강원,원주시,침구과,117,4,113,6,365379,3.2,3123
강원,원주시,통합치의학과,72,29,43,37,365379,1.97,5075
강원,원주시,피부과,93,7,86,9,365379,2.55,3929
강원,원주시,한방내과,121,12,109,13,365379,3.31,3020
강원,원주시,한방부인과,114,3,111,3,365379,3.12,3205
강원,원주시,한방소아과,114,1,113,1,365379,3.12,3205
강원,원주시,한방신경정신과,108,1,107,1,365379,2.96,3383
강원,원주시,한방안·이비인후·피부과,110,3,107,4,365379,3.01,3322
강원,원주시,한방응급,11,0,11,0,365379,0.3,33216
강원,원주시,한방재활의학과,108,1,107,3,365379,2.96,3383
강원,원주시,핵의학과,1,1,0,1,365379,0.03,365379
강원,인제군,가정의학과,3,1,2,1,30692,0.98,10231
강원,인제군,구강내과,5,0,5,0,30692,1.63,6138
강원,인제군,구강병리과,4,0,4,0,30692,1.3,7673
강원,인제군,구강악안면외과,5,0,5,0,30692,1.63,6138
강원,인제군,내과,6,1,5,1,30692,1.95,5115
강원,인제군,비뇨의학과,2,0,2,0,30692,0.65,15346
강원,인제군,사상체질과,3,0,3,0,30692,0.98,10231
강원,인제군,산부인과,3,2,1,2,30692,0.98,10231
강원,인제군,성형외과,2,2,0,2,30692,0.65,15346
강원,인제군,소아청소년과,6,2,4,2,30692,1.95,5115
강원,인제군,소아치과,5,0,5,0,30692,1.63,6138
강원,인제군,신경과,2,1,1,1,30692,0.65,15346
강원,인제군,신경외과,2,0,2,0,30692,0.65,15346
강원,인제군,안과,2,0,2,0,30692,0.65,15346
강원,인제군,영상치의학과,4,0,4,0,30692,1.3,7673
강원,인제군,예방치과,5,0,5,0,30692,1.63,6138
강원,인제군,외과,2,1,1,1,30692,0.65,15346
강원,인제군,이비인후과,3,0,3,0,30692,0.98,10231
강원,인제군,재활의학과,1,0,1,0,30692,0.33,30692
강원,인제군,정형외과,5,1,4,1,30692,1.63,6138
강원,인제군,치과교정과,5,0,5,0,30692,1.63,6138
강원,인제군,치과보존과,5,0,5,0,30692,1.63,6138
강원,인제군,치과보철과,7,0,7,0,30692,2.28,4385
강원,인제군,치주과,6,1,5,1,30692,1.95,5115
강원,인제군,침구과,6,0,6,0,30692,1.95,5115
강원,인제군,통합치의학과,4,2,2,2,30692,1.3,7673
강원,인제군,피부과,2,0,2,0,30692,0.65,15346
강원,인제군,한방내과,7,1,6,1,30692,2.28,4385
강원,인제군,한방부인과,6,0,6,0,30692,1.95,5115
강원,인제군,한방소아과,6,0,6,0,30692,1.95,5115
강원,인제군,한방신경정신과,4,0,4,0,30692,1.3,7673
강원,인제군,한방안·이비인후·피부과,5,0,5,0,30692,1.63,6138
강원,인제군,한방재활의학과,4,0,4,0,30692,1.3,7673
강원,정선군,가정의학과,3,2,1,2,35137,0.85,11712
강원,정선군,구강내과,3,0,3,0,35137,0.85,11712
강원,정선군,구강병리과,1,0,1,0,35137,0.28,35137
강원,정선군,구강악안면외과,3,0,3,0,35137,0.85,11712
강원,정선군,내과,10,3,7,3,35137,2.85,3514
강원,정선군,마취통증의학과,1,0,1,0,35137,0.28,35137
강원,정선군,비뇨의학과,4,0,4,0,35137,1.14,8784
강원,정선군,사상체질과,1,0,1,0,35137,0.28,35137
강원,정선군,산부인과,2,1,1,1,35137,0.57,17568
강원,정선군,성형외과,1,0,1,0,35137,0.28,35137
강원,정선군,소아청소년과,5,1,4,1,35137,1.42,7027
강원,정선군,소아치과,1,0,1,0,35137,0.28,35137
강원,정선군,신경과,3,0,3,0,35137,0.85,11712
강원,정선군,영상의학과,1,1,0,1,35137,0.28,35137
강원,정선군,영상치의학과,1,0,1,0,35137,0.28,35137
강원,정선군,예방치과,1,0,1,0,35137,0.28,35137
강원,정선군,외과,6,3,3,4,35137,1.71,5856
강원,정선군,응급의학과,1,1,0,1,35137,0.28,35137
강원,정선군,이비인후과,2,0,2,0,35137,0.57,17568
강원,정선군,정형외과,8,1,7,1,35137,2.28,4392
강원,정선군,직업환경의학과,1,1,0,1,35137,0.28,35137
강원,정선군,치과교정과,1,0,1,0,35137,0.28,35137
강원,정선군,치과보존과,3,0,3,0,35137,0.85,11712
강원,정선군,치과보철과,4,0,4,0,35137,1.14,8784
강원,정선군,치주과,3,0,3,0,35137,0.85,11712
강원,정선군,침구과,3,0,3,0,35137,0.85,11712
강원,정선군,통합치의학과,3,1,2,1,35137,0.85,11712
강원,정선군,피부과,3,0,3,0,35137,0.85,11712
강원,정선군,한방내과,5,0,5,0,35137,1.42,7027
강원,정선군,한방부인과,5,0,5,0,35137,1.42,7027
강원,정선군,한방소아과,5,0,5,0,35137,1.42,7027
강원,정선군,한방신경정신과,3,0,3,0,35137,0.85,11712
강원,정선군,한방안·이비인후·피부과,3,0,3,0,35137,0.85,11712
강원,정선군,한방재활의학과,3,0,3,0,35137,0.85,11712
강원,철원군,가정의학과,5,3,2,3,39598,1.26,7920
강원,철원군,구강내과,8,0,8,0,39598,2.02,4950
강원,철원군,구강병리과,3,0,3,0,39598,0.76,13199
강원,철원군,구강악안면외과,10,1,9,1,39598,2.53,3960
강원,철원군,내과,16,4,12,4,39598,4.04,2475
강원,철원군,마취통증의학과,3,1,2,1,39598,0.76,13199
강원,철원군,병리과,1,0,1,0,39598,0.25,39598
강원,철원군,비뇨의학과,9,0,9,0,39598,2.27,4400
강원,철원군,사상체질과,6,0,6,0,39598,1.52,6600
강원,철원군,산부인과,4,2,2,3,39598,1.01,9900
강원,철원군,성형외과,1,0,1,0,39598,0.25,39598
강원,철원군,소아청소년과,14,2,12,2,39598,3.54,2828
강원,철원군,소아치과,9,0,9,0,39598,2.27,4400
강원,철원군,신경과,4,1,3,1,39598,1.01,9900
강원,철원군,신경외과,1,1,0,1,39598,0.25,39598
강원,철원군,심장혈관흉부외과,1,1,0,1,39598,0.25,39598
강원,철원군,안과,2,1,1,1,39598,0.51,19799
강원,철원군,영상의학과,3,1,2,1,39598,0.76,13199
강원,철원군,영상치의학과,6,0,6,0,39598,1.52,6600
강원,철원군,예방치과,7,0,7,0,39598,1.77,5657
강원,철원군,외과,11,3,8,3,39598,2.78,3600
강원,철원군,이비인후과,13,2,11,2,39598,3.28,3046
강원,철원군,재활의학과,4,0,4,0,39598,1.01,9900
강원,철원군,정신건강의학과,1,0,1,0,39598,0.25,39598
강원,철원군,정형외과,14,3,11,3,39598,3.54,2828
강원,철원군,치과교정과,5,1,4,1,39598,1.26,7920
강원,철원군,치과보존과,9,0,9,0,39598,2.27,4400
강원,철원군,치과보철과,10,1,9,1,39598,2.53,3960
강원,철원군,치주과,9,0,9,0,39598,2.27,4400
강원,철원군,침구과,10,0,10,0,39598,2.53,3960
강원,철원군,통합치의학과,6,3,3,3,39598,1.52,6600
강원,철원군,피부과,12,0,12,0,39598,3.03,3300
강원,철원군,한방내과,10,0,10,0,39598,2.53,3960
강원,철원군,한방부인과,8,0,8,0,39598,2.02,4950
강원,철원군,한방소아과,8,0,8,0,39598,2.02,4950
강원,철원군,한방신경정신과,8,0,8,0,39598,2.02,4950
강원,철원군,한방안·이비인후·피부과,8,0,8,0,39598,2.02,4950
강원,철원군,한방재활의학과,8,1,7,1,39598,2.02,4950
강원,춘천시,가정의학과,53,23,30,34,284783,1.86,5373
강원,춘천시,결핵과,2,1,1,1,284783,0.07,142392
강원,춘천시,구강내과,48,0,48,0,284783,1.69,5933
강원,춘천시,구강병리과,29,0,29,0,284783,1.02,9820
강원,춘천시,구강악안면외과,57,7,50,9,284783,2.0,4996
강원,춘천시,내과,119,40,79,119,284783,4.18,2393
강원,춘천시,마취통증의학과,37,14,23,25,284783,1.3,7697
강원,춘천시,방사선종양학과,5,1,4,3,284783,0.18,56957
강원,춘천시,병리과,2,2,0,5,284783,0.07,142392
강원,춘천시,비뇨의학과,36,7,29,11,284783,1.26,7911
강원,춘천시,사상체질과,45,1,44,1,284783,1.58,6329
강원,춘천시,산부인과,21,17,4,34,284783,0.74,13561
강원,춘천시,성형외과,16,4,12,6,284783,0.56,17799
강원,춘천시,소아청소년과,72,16,56,41,284783,2.53,3955
강원,춘천시,소아치과,53,2,51,2,284783,1.86,5373
강원,춘천시,신경과,36,5,31,16,284783,1.26,7911
강원,춘천시,신경외과,34,8,26,21,284783,1.19,8376
강원,춘천시,심장혈관흉부외과,7,3,4,7,284783,0.25,40683
강원,춘천시,안과,24,14,10,23,284783,0.84,11866
강원,춘천시,영상의학과,16,7,9,14,284783,0.56,17799
강원,춘천시,영상치의학과,42,1,41,1,284783,1.47,6781
강원,춘천시,예방의학과,2,1,1,2,284783,0.07,142392
강원,춘천시,예방치과,55,0,55,0,284783,1.93,5178
강원,춘천시,외과,50,16,34,27,284783,1.76,5696
강원,춘천시,응급의학과,5,4,1,28,284783,0.18,56957
강원,춘천시,이비인후과,61,12,49,21,284783,2.14,4669
강원,춘천시,재활의학과,34,13,21,18,284783,1.19,8376
강원,춘천시,정신건강의학과,24,16,8,30,284783,0.84,11866
강원,춘천시,정형외과,60,27,33,48,284783,2.11,4746
강원,춘천시,진단검사의학과,6,2,4,5,284783,0.21,47464
강원,춘천시,치과,1,0,1,0,284783,0.04,284783
강원,춘천시,치과교정과,33,6,27,6,284783,1.16,8630
강원,춘천시,치과보존과,62,2,60,2,284783,2.18,4593
강원,춘천시,치과보철과,66,7,59,11,284783,2.32,4315
강원,춘천시,치주과,60,3,57,3,284783,2.11,4746
강원,춘천시,침구과,73,4,69,4,284783,2.56,3901
강원,춘천시,통합치의학과,57,10,47,10,284783,2.0,4996
강원,춘천시,피부과,80,9,71,11,284783,2.81,3560
강원,춘천시,한방내과,71,4,67,4,284783,2.49,4011
강원,춘천시,한방부인과,62,0,62,0,284783,2.18,4593
강원,춘천시,한방소아과,64,0,64,0,284783,2.25,4450
강원,춘천시,한방신경정신과,54,0,54,0,284783,1.9,5274
강원,춘천시,한방안·이비인후·피부과,55,0,55,0,284783,1.93,5178
강원,춘천시,한방응급,11,0,11,0,284783,0.39,25889
강원,춘천시,한방재활의학과,52,3,49,3,284783,1.83,5477
강원,춘천시,핵의학과,2,2,0,2,284783,0.07,142392
강원,태백시,가정의학과,4,1,3,1,36680,1.09,9170
강원,태백시,결핵과,1,0,1,0,36680,0.27,36680
강원,태백시,구강내과,3,0,3,0,36680,0.82,12227
강원,태백시,구강병리과,1,0,1,0,36680,0.27,36680
강원,태백시,구강악안면외과,4,0,4,0,36680,1.09,9170
강원,태백시,내과,19,4,15,6,36680,5.18,1931
강원,태백시,마취통증의학과,4,2,2,2,36680,1.09,9170
강원,태백시,비뇨의학과,7,1,6,1,36680,1.91,5240
강원,태백시,사상체질과,5,0,5,0,36680,1.36,7336
강원,태백시,산부인과,4,2,2,5,36680,1.09,9170
강원,태백시,소아청소년과,12,2,10,2,36680,3.27,3057
강원,태백시,소아치과,8,0,8,0,36680,2.18,4585
강원,태백시,신경과,5,0,5,0,36680,1.36,7336
강원,태백시,신경외과,4,3,1,3,36680,1.09,9170
강원,태백시,안과,2,1,1,2,36680,0.55,18340
강원,태백시,영상의학과,2,2,0,2,36680,0.55,18340
강원,태백시,영상치의학과,2,0,2,0,36680,0.55,18340
강원,태백시,예방치과,3,0,3,0,36680,0.82,12227
강원,태백시,외과,12,5,7,5,36680,3.27,3057
강원,태백시,응급의학과,1,0,1,0,36680,0.27,36680
강원,태백시,이비인후과,9,2,7,2,36680,2.45,4076
강원,태백시,재활의학과,2,1,1,1,36680,0.55,18340
강원,태백시,정신건강의학과,2,2,0,2,36680,0.55,18340
강원,태백시,정형외과,9,3,6,4,36680,2.45,4076
강원,태백시,직업환경의학과,1,1,0,1,36680,0.27,36680
강원,태백시,진단검사의학과,1,1,0,1,36680,0.27,36680
강원,태백시,치과교정과,10,0,10,0,36680,2.73,3668
강원,태백시,치과보존과,4,0,4,0,36680,1.09,9170
강원,태백시,치과보철과,5,0,5,0,36680,1.36,7336
강원,태백시,치주과,9,0,9,0,36680,2.45,4076
강원,태백시,침구과,7,0,7,0,36680,1.91,5240
강원,태백시,통합치의학과,2,0,2,0,36680,0.55,18340
강원,태백시,피부과,7,0,7,0,36680,1.91,5240
강원,태백시,한방내과,7,0,7,0,36680,1.91,5240
강원,태백시,한방부인과,7,0,7,0,36680,1.91,5240
강원,태백시,한방소아과,6,1,5,1,36680,1.64,6113
강원,태백시,한방신경정신과,6,0,6,0,36680,1.64,6113
강원,태백시,한방안·이비인후·피부과,6,0,6,0,36680,1.64,6113
강원,태백시,한방재활의학과,6,0,6,0,36680,1.64,6113
강원,평창군,가정의학과,7,5,2,6,39849,1.76,5693
강원,평창군,구강내과,11,0,11,0,39849,2.76,3623
강원,평창군,구강병리과,6,0,6,0,39849,1.51,6642
강원,평창군,구강악안면외과,13,1,12,1,39849,3.26,3065
강원,평창군,내과,19,4,15,4,39849,4.77,2097
강원,평창군,마취통증의학과,6,1,5,1,39849,1.51,6642
강원,평창군,비뇨의학과,6,0,6,0,39849,1.51,6642
강원,평창군,사상체질과,5,0,5,0,39849,1.25,7970
강원,평창군,산부인과,1,1,0,1,39849,0.25,39849
강원,평창군,성형외과,1,0,1,0,39849,0.25,39849
강원,평창군,소아청소년과,11,0,11,0,39849,2.76,3623
강원,평창군,소아치과,10,0,10,0,39849,2.51,3985
강원,평창군,신경과,2,0,2,0,39849,0.5,19924
강원,평창군,신경외과,3,0,3,0,39849,0.75,13283
강원,평창군,심장혈관흉부외과,1,0,1,0,39849,0.25,39849
강원,평창군,안과,5,0,5,0,39849,1.25,7970
강원,평창군,영상의학과,3,0,3,0,39849,0.75,13283
강원,평창군,영상치의학과,11,0,11,0,39849,2.76,3623
강원,평창군,예방의학과,1,0,1,0,39849,0.25,39849
강원,평창군,예방치과,10,0,10,0,39849,2.51,3985
강원,평창군,외과,13,3,10,3,39849,3.26,3065
강원,평창군,응급의학과,2,1,1,1,39849,0.5,19924
강원,평창군,이비인후과,6,0,6,0,39849,1.51,6642
강원,평창군,재활의학과,1,0,1,0,39849,0.25,39849
강원,평창군,정신건강의학과,3,1,2,1,39849,0.75,13283
강원,평창군,정형외과,9,0,9,0,39849,2.26,4428
강원,평창군,직업환경의학과,1,0,1,0,39849,0.25,39849
강원,평창군,치과교정과,6,0,6,0,39849,1.51,6642
강원,평창군,치과보존과,13,0,13,0,39849,3.26,3065
강원,평창군,치과보철과,12,0,12,0,39849,3.01,3321
강원,평창군,치주과,13,0,13,0,39849,3.26,3065
강원,평창군,침구과,11,0,11,0,39849,2.76,3623
강원,평창군,통합치의학과,6,0,6,0,39849,1.51,6642
강원,평창군,피부과,8,0,8,0,39849,2.01,4981
강원,평창군,한방내과,11,1,10,1,39849,2.76,3623
강원,평창군,한방부인과,10,0,10,0,39849,2.51,3985
강원,평창군,한방소아과,10,0,10,0,39849,2.51,3985
강원,평창군,한방신경정신과,9,0,9,0,39849,2.26,4428
강원,평창군,한방안·이비인후·피부과,8,0,8,0,39849,2.01,4981
강원,평창군,한방응급,2,0,2,0,39849,0.5,19924
강원,평창군,한방재활의학과,8,0,8,0,39849,2.01,4981
강원,홍천군,가정의학과,9,5,4,6,65817,1.37,7313
강원,홍천군,구강내과,15,0,15,0,65817,2.28,4388
강원,홍천군,구강병리과,6,0,6,0,65817,0.91,10970
강원,홍천군,구강악안면외과,13,1,12,2,65817,1.98,5063
강원,홍천군,내과,20,9,11,12,65817,3.04,3291
강원,홍천군,마취통증의학과,5,5,0,5,65817,0.76,13163
강원,홍천군,비뇨의학과,8,3,5,3,65817,1.22,8227
강원,홍천군,사상체질과,12,0,12,0,65817,1.82,5485
강원,홍천군,산부인과,4,3,1,3,65817,0.61,16454
강원,홍천군,성형외과,1,0,1,0,65817,0.15,65817
강원,홍천군,소아청소년과,13,2,11,2,65817,1.98,5063
강원,홍천군,소아치과,14,0,14,0,65817,2.13,4701
강원,홍천군,신경과,2,1,1,1,65817,0.3,32908
강원,홍천군,신경외과,10,3,7,6,65817,1.52,6582
강원,홍천군,안과,3,2,1,2,65817,0.46,21939
강원,홍천군,영상의학과,4,3,1,3,65817,0.61,16454
강원,홍천군,영상치의학과,13,0,13,0,65817,1.98,5063
강원,홍천군,예방치과,14,0,14,0,65817,2.13,4701
강원,홍천군,외과,9,4,5,4,65817,1.37,7313
강원,홍천군,응급의학과,1,1,0,4,65817,0.15,65817
강원,홍천군,이비인후과,8,3,5,5,65817,1.22,8227
강원,홍천군,재활의학과,5,0,5,0,65817,0.76,13163
강원,홍천군,정신건강의학과,2,2,0,2,65817,0.3,32908
강원,홍천군,정형외과,15,4,11,9,65817,2.28,4388
강원,홍천군,진단검사의학과,2,1,1,1,65817,0.3,32908
강원,홍천군,치과교정과,3,0,3,0,65817,0.46,21939
강원,홍천군,치과보존과,16,2,14,2,65817,2.43,4114
강원,홍천군,치과보철과,16,1,15,1,65817,2.43,4114
강원,홍천군,치주과,16,2,14,2,65817,2.43,4114
강원,홍천군,침구과,13,0,13,0,65817,1.98,5063
강원,홍천군,통합치의학과,12,1,11,1,65817,1.82,5485
강원,홍천군,피부과,8,1,7,1,65817,1.22,8227
강원,홍천군,한방내과,13,0,13,0,65817,1.98,5063
강원,홍천군,한방부인과,12,0,12,0,65817,1.82,5485
강원,홍천군,한방소아과,12,0,12,0,65817,1.82,5485
강원,홍천군,한방신경정신과,12,0,12,0,65817,1.82,5485
강원,홍천군,한방안·이비인후·피부과,12,0,12,0,65817,1.82,5485
강원,홍천군,한방응급,1,0,1,0,65817,0.15,65817
강원,홍천군,한방재활의학과,13,0,13,0,65817,1.98,5063
강원,화천군,가정의학과,2,1,1,2,22908,0.87,11454
강원,화천군,구강내과,3,0,3,0,22908,1.31,7636
강원,화천군,구강병리과,3,0,3,0,22908,1.31,7636
강원,화천군,구강악안면외과,7,0,7,0,22908,3.06,3273
강원,화천군,내과,10,2,8,2,22908,4.37,2291
강원,화천군,마취통증의학과,1,1,0,2,22908,0.44,22908
강원,화천군,비뇨의학과,5,0,5,0,22908,2.18,4582
강원,화천군,사상체질과,2,0,2,0,22908,0.87,11454
강원,화천군,산부인과,2,1,1,1,22908,0.87,11454
강원,화천군,소아청소년과,8,2,6,2,22908,3.49,2864
강원,화천군,소아치과,3,0,3,0,22908,1.31,7636
강원,화천군,신경과,1,0,1,0,22908,0.44,22908
강원,화천군,신경외과,3,0,3,0,22908,1.31,7636
강원,화천군,안과,2,0,2,0,22908,0.87,11454
강원,화천군,영상의학과,2,0,2,0,22908,0.87,11454
강원,화천군,영상치의학과,3,0,3,0,22908,1.31,7636
강원,화천군,예방치과,4,0,4,0,22908,1.75,5727
강원,화천군,외과,6,3,3,3,22908,2.62,3818
강원,화천군,응급의학과,2,0,2,0,22908,0.87,11454
강원,화천군,이비인후과,7,1,6,1,22908,3.06,3273
강원,화천군,재활의학과,1,0,1,0,22908,0.44,22908
강원,화천군,정신건강의학과,1,0,1,0,22908,0.44,22908
강원,화천군,정형외과,8,2,6,2,22908,3.49,2864
강원,화천군,진단검사의학과,1,0,1,0,22908,0.44,22908
강원,화천군,치과교정과,3,0,3,0,22908,1.31,7636
강원,화천군,치과보존과,5,0,5,0,22908,2.18,4582
강원,화천군,치과보철과,6,1,5,1,22908,2.62,3818
강원,화천군,치주과,6,1,5,1,22908,2.62,3818
강원,화천군,침구과,3,0,3,0,22908,1.31,7636
강원,화천군,통합치의학과,2,1,1,1,22908,0.87,11454
강원,화천군,피부과,7,0,7,0,22908,3.06,3273
강원,화천군,한방내과,5,0,5,0,22908,2.18,4582
강원,화천군,한방부인과,4,0,4,0,22908,1.75,5727
강원,화천군,한방소아과,5,1,4,1,22908,2.18,4582
강원,화천군,한방신경정신과,4,0,4,0,22908,1.75,5727
강원,화천군,한방안·이비인후·피부과,4,0,4,0,22908,1.75,5727
강원,화천군,한방재활의학과,3,0,3,0,22908,1.31,7636
강원,횡성군,가정의학과,2,0,2,0,45465,0.44,22732
강원,횡성군,구강내과,6,0,6,0,45465,1.32,7578
강원,횡성군,구강병리과,4,0,4,0,45465,0.88,11366
강원,횡성군,구강악안면외과,7,0,7,0,45465,1.54,6495
강원,횡성군,내과,12,5,7,5,45465,2.64,3789
강원,횡성군,마취통증의학과,2,1,1,1,45465,0.44,22732
강원,횡성군,비뇨의학과,7,0,7,0,45465,1.54,6495
강원,횡성군,사상체질과,6,0,6,0,45465,1.32,7578
강원,횡성군,소아청소년과,4,1,3,1,45465,0.88,11366
강원,횡성군,소아치과,9,0,9,0,45465,1.98,5052
강원,횡성군,신경과,2,0,2,0,45465,0.44,22732
강원,횡성군,신경외과,3,2,1,2,45465,0.66,15155
강원,횡성군,안과,1,1,0,1,45465,0.22,45465
강원,횡성군,영상의학과,1,1,0,1,45465,0.22,45465
강원,횡성군,영상치의학과,6,0,6,0,45465,1.32,7578
강원,횡성군,예방치과,6,0,6,0,45465,1.32,7578
강원,횡성군,외과,6,4,2,4,45465,1.32,7578
강원,횡성군,이비인후과,7,0,7,0,45465,1.54,6495
강원,횡성군,재활의학과,1,0,1,0,45465,0.22,45465
강원,횡성군,정형외과,8,3,5,3,45465,1.76,5683
강원,횡성군,치과교정과,6,1,5,1,45465,1.32,7578
강원,횡성군,치과보존과,7,0,7,0,45465,1.54,6495
강원,횡성군,치과보철과,9,0,9,0,45465,1.98,5052
강원,횡성군,치주과,8,1,7,1,45465,1.76,5683
강원,횡성군,침구과,10,0,10,0,45465,2.2,4546
강원,횡성군,통합치의학과,5,2,3,3,45465,1.1,9093
강원,횡성군,피부과,5,0,5,0,45465,1.1,9093
강원,횡성군,한방내과,12,1,11,1,45465,2.64,3789
강원,횡성군,한방부인과,12,0,12,0,45465,2.64,3789
강원,횡성군,한방소아과,11,0,11,0,45465,2.42,4133
강원,횡성군,한방신경정신과,7,2,5,2,45465,1.54,6495
강원,횡성군,한방안·이비인후·피부과,10,0,10,0,45465,2.2,4546
강원,횡성군,한방재활의학과,9,0,9,0,45465,1.98,5052
경기,가평군,가정의학과,9,4,5,4,62046,1.45,6894
경기,가평군,결핵과,2,1,1,1,62046,0.32,31023
경기,가평군,구강내과,19,0,19,0,62046,3.06,3266
경기,가평군,구강병리과,12,0,12,0,62046,1.93,5170
경기,가평군,구강악안면외과,20,2,18,2,62046,3.22,3102
경기,가평군,내과,29,7,22,10,62046,4.67,2140
경기,가평군,마취통증의학과,13,4,9,4,62046,2.1,4773
경기,가평군,방사선종양학과,1,0,1,0,62046,0.16,62046
경기,가평군,비뇨의학과,17,0,17,0,62046,2.74,3650
경기,가평군,사상체질과,13,0,13,0,62046,2.1,4773
경기,가평군,산부인과,6,1,5,1,62046,0.97,10341
경기,가평군,성형외과,7,0,7,0,62046,1.13,8864
경기,가평군,소아청소년과,20,0,20,0,62046,3.22,3102
경기,가평군,소아치과,20,0,20,0,62046,3.22,3102
경기,가평군,신경과,8,2,6,4,62046,1.29,7756
경기,가평군,신경외과,9,2,7,2,62046,1.45,6894
경기,가평군,심장혈관흉부외과,3,1,2,1,62046,0.48,20682
경기,가평군,안과,7,1,6,1,62046,1.13,8864
경기,가평군,영상의학과,8,2,6,2,62046,1.29,7756
경기,가평군,영상치의학과,17,0,17,0,62046,2.74,3650
경기,가평군,예방치과,18,0,18,0,62046,2.9,3447
경기,가평군,외과,19,7,12,8,62046,3.06,3266
경기,가평군,응급의학과,3,0,3,0,62046,0.48,20682
경기,가평군,이비인후과,17,0,17,0,62046,2.74,3650
경기,가평군,재활의학과,10,1,9,1,62046,1.61,6205
경기,가평군,정신건강의학과,4,2,2,5,62046,0.64,15512
경기,가평군,정형외과,23,6,17,6,62046,3.71,2698
경기,가평군,진단검사의학과,2,0,2,0,62046,0.32,31023
경기,가평군,치과교정과,15,0,15,0,62046,2.42,4136
경기,가평군,치과보존과,20,0,20,0,62046,3.22,3102
경기,가평군,치과보철과,20,0,20,0,62046,3.22,3102
경기,가평군,치주과,20,1,19,1,62046,3.22,3102
경기,가평군,침구과,19,0,19,0,62046,3.06,3266
경기,가평군,통합치의학과,14,6,8,7,62046,2.26,4432
경기,가평군,피부과,18,0,18,0,62046,2.9,3447
경기,가평군,한방내과,21,0,21,0,62046,3.38,2955
경기,가평군,한방부인과,17,0,17,0,62046,2.74,3650
경기,가평군,한방소아과,17,0,17,0,62046,2.74,3650
경기,가평군,한방신경정신과,16,0,16,0,62046,2.58,3878
경기,가평군,한방안·이비인후·피부과,16,0,16,0,62046,2.58,3878
경기,가평군,한방재활의학과,15,2,13,2,62046,2.42,4136
경기,고양덕양구,가정의학과,113,37,76,42,482470,2.34,4270
경기,고양덕양구,결핵과,4,1,3,1,482470,0.08,120618
경기,고양덕양구,구강내과,121,2,119,2,482470,2.51,3987
경기,고양덕양구,구강병리과,86,0,86,0,482470,1.78,5610
경기,고양덕양구,구강악안면외과,124,7,117,8,482470,2.57,3891
경기,고양덕양구,내과,198,59,139,127,482470,4.1,2437
경기,고양덕양구,마취통증의학과,67,18,49,33,482470,1.39,7201
경기,고양덕양구,방사선종양학과,3,2,1,2,482470,0.06,160823
경기,고양덕양구,병리과,5,1,4,5,482470,0.1,96494
경기,고양덕양구,비뇨의학과,67,12,55,15,482470,1.39,7201
경기,고양덕양구,사상체질과,113,1,112,1,482470,2.34,4270
경기,고양덕양구,산부인과,39,21,18,28,482470,0.81,12371
경기,고양덕양구,성형외과,35,3,32,4,482470,0.73,13785
경기,고양덕양구,소아청소년과,137,35,102,48,482470,2.84,3522
경기,고양덕양구,소아치과,124,6,118,7,482470,2.57,3891
경기,고양덕양구,신경과,58,9,49,17,482470,1.2,8318
경기,고양덕양구,신경외과,64,14,50,28,482470,1.33,7539
경기,고양덕양구,심장혈관흉부외과,16,3,13,7,482470,0.33,30154
경기,고양덕양구,안과,36,16,20,27,482470,0.75,13402
경기,고양덕양구,영상의학과,39,11,28,22,482470,0.81,12371
경기,고양덕양구,영상치의학과,112,0,112,0,482470,2.32,4308
경기,고양덕양구,예방의학과,5,0,5,0,482470,0.1,96494
경기,고양덕양구,예방치과,116,1,115,1,482470,2.4,4159
경기,고양덕양구,외과,79,16,63,31,482470,1.64,6107
경기,고양덕양구,응급의학과,14,7,7,23,482470,0.29,34462
경기,고양덕양구,이비인후과,129,34,95,45,482470,2.67,3740
경기,고양덕양구,재활의학과,74,17,57,23,482470,1.53,6520
경기,고양덕양구,정신건강의학과,40,18,22,39,482470,0.83,12062
경기,고양덕양구,정형외과,98,40,58,62,482470,2.03,4923
경기,고양덕양구,직업환경의학과,2,1,1,3,482470,0.04,241235
경기,고양덕양구,진단검사의학과,13,2,11,2,482470,0.27,37113
경기,고양덕양구,치과,3,0,3,0,482470,0.06,160823
경기,고양덕양구,치과교정과,107,5,102,5,482470,2.22,4509
경기,고양덕양구,치과보존과,133,8,125,8,482470,2.76,3628
경기,고양덕양구,치과보철과,131,7,124,8,482470,2.72,3683
경기,고양덕양구,치주과,129,3,126,3,482470,2.67,3740
경기,고양덕양구,침구과,139,6,133,7,482470,2.88,3471
경기,고양덕양구,통합치의학과,83,49,34,60,482470,1.72,5813
경기,고양덕양구,피부과,146,10,136,16,482470,3.03,3305
경기,고양덕양구,한방내과,143,5,138,5,482470,2.96,3374
경기,고양덕양구,한방부인과,136,3,133,3,482470,2.82,3548
경기,고양덕양구,한방소아과,136,0,136,0,482470,2.82,3548
경기,고양덕양구,한방신경정신과,128,2,126,2,482470,2.65,3769
경기,고양덕양구,한방안·이비인후·피부과,133,1,132,1,482470,2.76,3628
경기,고양덕양구,한방응급,23,0,23,0,482470,0.48,20977
경기,고양덕양구,한방재활의학과,135,3,132,3,482470,2.8,3574
경기,고양덕양구,핵의학과,2,1,1,1,482470,0.04,241235
경기,고양일산동구,가정의학과,62,33,29,63,298091,2.08,4808
경기,고양일산동구,구강내과,85,1,84,1,298091,2.85,3507
경기,고양일산동구,구강병리과,20,0,20,0,298091,0.67,14905
경기,고양일산동구,구강악안면외과,51,6,45,9,298091,1.71,5845
경기,고양일산동구,내과,103,43,60,193,298091,3.46,2894
경기,고양일산동구,마취통증의학과,39,21,18,56,298091,1.31,7643
경기,고양일산동구,방사선종양학과,6,4,2,10,298091,0.2,49682
경기,고양일산동구,병리과,8,4,4,18,298091,0.27,37261
경기,고양일산동구,비뇨의학과,27,11,16,25,298091,0.91,11040
경기,고양일산동구,사상체질과,52,3,49,3,298091,1.74,5733
경기,고양일산동구,산부인과,24,18,6,88,298091,0.81,12420
경기,고양일산동구,성형외과,33,7,26,14,298091,1.11,9033
경기,고양일산동구,소아청소년과,55,21,34,49,298091,1.85,5420
경기,고양일산동구,소아치과,47,1,46,2,298091,1.58,6342
경기,고양일산동구,신경과,26,5,21,25,298091,0.87,11465
경기,고양일산동구,신경외과,32,11,21,22,298091,1.07,9315
경기,고양일산동구,심장혈관흉부외과,7,4,3,14,298091,0.23,42584
경기,고양일산동구,안과,12,7,5,30,298091,0.4,24841
경기,고양일산동구,영상의학과,22,13,9,57,298091,0.74,13550
경기,고양일산동구,영상치의학과,32,0,32,0,298091,1.07,9315
경기,고양일산동구,예방치과,40,0,40,0,298091,1.34,7452
경기,고양일산동구,외과,42,19,23,87,298091,1.41,7097
경기,고양일산동구,응급의학과,3,3,0,23,298091,0.1,99364
경기,고양일산동구,이비인후과,51,17,34,30,298091,1.71,5845
경기,고양일산동구,재활의학과,37,15,22,30,298091,1.24,8057
경기,고양일산동구,정신건강의학과,20,15,5,35,298091,0.67,14905
경기,고양일산동구,정형외과,49,16,33,41,298091,1.64,6083
경기,고양일산동구,진단검사의학과,6,4,2,11,298091,0.2,49682
경기,고양일산동구,치과,15,0,15,0,298091,0.5,19873
경기,고양일산동구,치과교정과,44,11,33,12,298091,1.48,6775
경기,고양일산동구,치과보존과,91,9,82,10,298091,3.05,3276
경기,고양일산동구,치과보철과,53,9,44,10,298091,1.78,5624
경기,고양일산동구,치주과,89,7,82,8,298091,2.99,3349
경기,고양일산동구,침구과,61,5,56,8,298091,2.05,4887
경기,고양일산동구,통합치의학과,20,12,8,13,298091,0.67,14905
경기,고양일산동구,피부과,85,9,76,18,298091,2.85,3507
경기,고양일산동구,한방내과,81,10,71,14,298091,2.72,3680
경기,고양일산동구,한방부인과,57,1,56,1,298091,1.91,5230
경기,고양일산동구,한방소아과,56,2,54,2,298091,1.88,5323
경기,고양일산동구,한방신경정신과,55,2,53,2,298091,1.85,5420
경기,고양일산동구,한방안·이비인후·피부과,56,1,55,1,298091,1.88,5323
경기,고양일산동구,한방응급,1,0,1,0,298091,0.03,298091
경기,고양일산동구,한방재활의학과,55,5,50,9,298091,1.85,5420
경기,고양일산동구,핵의학과,4,4,0,6,298091,0.13,74523
경기,고양일산서구,가정의학과,55,22,33,31,276028,1.99,5019
경기,고양일산서구,결핵과,3,0,3,0,276028,0.11,92009
경기,고양일산서구,구강내과,53,1,52,1,276028,1.92,5208
경기,고양일산서구,구강병리과,35,0,35,0,276028,1.27,7887
경기,고양일산서구,구강악안면외과,60,10,50,13,276028,2.17,4600
경기,고양일산서구,내과,110,41,69,106,276028,3.99,2509
경기,고양일산서구,마취통증의학과,27,14,13,22,276028,0.98,10223
경기,고양일산서구,방사선종양학과,1,1,0,1,276028,0.04,276028
경기,고양일산서구,병리과,3,1,2,4,276028,0.11,92009
경기,고양일산서구,비뇨의학과,39,9,30,13,276028,1.41,7078
경기,고양일산서구,사상체질과,63,0,63,0,276028,2.28,4381
경기,고양일산서구,산부인과,14,8,6,18,276028,0.51,19716
경기,고양일산서구,성형외과,19,4,15,5,276028,0.69,14528
경기,고양일산서구,소아청소년과,83,15,68,26,276028,3.01,3326
경기,고양일산서구,소아치과,57,2,55,2,276028,2.07,4843
경기,고양일산서구,신경과,28,3,25,10,276028,1.01,9858
경기,고양일산서구,신경외과,37,6,31,13,276028,1.34,7460
경기,고양일산서구,심장혈관흉부외과,2,1,1,2,276028,0.07,138014
경기,고양일산서구,안과,20,10,10,15,276028,0.72,13801
경기,고양일산서구,영상의학과,15,6,9,13,276028,0.54,18402
경기,고양일산서구,영상치의학과,56,2,54,2,276028,2.03,4929
경기,고양일산서구,예방의학과,2,0,2,0,276028,0.07,138014
경기,고양일산서구,예방치과,57,0,57,0,276028,2.07,4843
경기,고양일산서구,외과,45,11,34,28,276028,1.63,6134
경기,고양일산서구,응급의학과,6,2,4,13,276028,0.22,46005
경기,고양일산서구,이비인후과,63,19,44,25,276028,2.28,4381
경기,고양일산서구,재활의학과,36,6,30,13,276028,1.3,7667
경기,고양일산서구,정신건강의학과,21,16,5,21,276028,0.76,13144
경기,고양일산서구,정형외과,56,24,32,41,276028,2.03,4929
경기,고양일산서구,직업환경의학과,3,1,2,1,276028,0.11,92009
경기,고양일산서구,진단검사의학과,6,1,5,4,276028,0.22,46005
경기,고양일산서구,치과,15,0,15,0,276028,0.54,18402
경기,고양일산서구,치과교정과,49,6,43,7,276028,1.78,5633
경기,고양일산서구,치과보존과,67,4,63,7,276028,2.43,4120
경기,고양일산서구,치과보철과,67,7,60,8,276028,2.43,4120
경기,고양일산서구,치주과,64,2,62,2,276028,2.32,4313
경기,고양일산서구,침구과,71,5,66,5,276028,2.57,3888
경기,고양일산서구,통합치의학과,56,12,44,16,276028,2.03,4929
경기,고양일산서구,피부과,79,10,69,13,276028,2.86,3494
경기,고양일산서구,한방내과,94,2,92,2,276028,3.41,2936
경기,고양일산서구,한방부인과,68,0,68,0,276028,2.46,4059
경기,고양일산서구,한방소아과,66,0,66,0,276028,2.39,4182
경기,고양일산서구,한방신경정신과,64,1,63,1,276028,2.32,4313
경기,고양일산서구,한방안·이비인후·피부과,67,1,66,1,276028,2.43,4120
경기,고양일산서구,한방응급,4,0,4,0,276028,0.14,69007
경기,고양일산서구,한방재활의학과,67,0,67,0,276028,2.43,4120
경기,고양일산서구,핵의학과,1,1,0,1,276028,0.04,276028
경기,과천시,가정의학과,9,1,8,1,81107,1.11,9012
경기,과천시,구강내과,16,0,16,0,81107,1.97,5069
경기,과천시,구강병리과,15,0,15,0,81107,1.85,5407
경기,과천시,구강악안면외과,21,0,21,0,81107,2.59,3862
경기,과천시,내과,31,13,18,13,81107,3.82,2616
경기,과천시,마취통증의학과,9,3,6,5,81107,1.11,9012
경기,과천시,비뇨의학과,4,1,3,1,81107,0.49,20277
경기,과천시,사상체질과,16,0,16,0,81107,1.97,5069
경기,과천시,산부인과,3,3,0,3,81107,0.37,27036
경기,과천시,성형외과,6,0,6,0,81107,0.74,13518
경기,과천시,소아청소년과,19,5,14,6,81107,2.34,4269
경기,과천시,소아치과,20,2,18,2,81107,2.47,4055
경기,과천시,신경과,4,0,4,0,81107,0.49,20277
경기,과천시,신경외과,11,2,9,2,81107,1.36,7373
경기,과천시,심장혈관흉부외과,1,0,1,0,81107,0.12,81107
경기,과천시,안과,7,4,3,5,81107,0.86,11587
경기,과천시,영상의학과,1,0,1,0,81107,0.12,81107
경기,과천시,영상치의학과,16,0,16,0,81107,1.97,5069
경기,과천시,예방치과,20,0,20,0,81107,2.47,4055
경기,과천시,외과,7,1,6,1,81107,0.86,11587
경기,과천시,이비인후과,18,7,11,9,81107,2.22,4506
경기,과천시,재활의학과,10,1,9,1,81107,1.23,8111
경기,과천시,정신건강의학과,5,4,1,4,81107,0.62,16221
경기,과천시,정형외과,17,6,11,6,81107,2.1,4771
경기,과천시,치과,1,0,1,0,81107,0.12,81107
경기,과천시,치과교정과,15,0,15,0,81107,1.85,5407
경기,과천시,치과보존과,23,2,21,2,81107,2.84,3526
경기,과천시,치과보철과,25,6,19,6,81107,3.08,3244
경기,과천시,치주과,24,1,23,1,81107,2.96,3379
경기,과천시,침구과,22,0,22,0,81107,2.71,3687
경기,과천시,통합치의학과,18,9,9,10,81107,2.22,4506
경기,과천시,피부과,20,4,16,5,81107,2.47,4055
경기,과천시,한방내과,25,1,24,1,81107,3.08,3244
경기,과천시,한방부인과,22,0,22,0,81107,2.71,3687
경기,과천시,한방소아과,22,0,22,0,81107,2.71,3687
경기,과천시,한방신경정신과,21,0,21,0,81107,2.59,3862
경기,과천시,한방안·이비인후·피부과,21,0,21,0,81107,2.59,3862
경기,과천시,한방응급,1,0,1,0,81107,0.12,81107
경기,과천시,한방재활의학과,20,0,20,0,81107,2.47,4055
경기,광명시,가정의학과,47,19,28,28,303641,1.55,6460
경기,광명시,결핵과,6,1,5,1,303641,0.2,50607
경기,광명시,구강내과,121,0,121,0,303641,3.98,2509
경기,광명시,구강병리과,89,0,89,0,303641,2.93,3412
경기,광명시,구강악안면외과,130,9,121,11,303641,4.28,2336
경기,광명시,내과,145,55,90,144,303641,4.78,2094
경기,광명시,마취통증의학과,55,20,35,31,303641,1.81,5521
경기,광명시,방사선종양학과,1,1,0,2,303641,0.03,303641
경기,광명시,병리과,11,2,9,24,303641,0.36,27604
경기,광명시,비뇨의학과,61,11,50,15,303641,2.01,4978
경기,광명시,사상체질과,74,1,73,1,303641,2.44,4103
경기,광명시,산부인과,21,15,6,35,303641,0.69,14459
경기,광명시,성형외과,28,4,24,10,303641,0.92,10844
경기,광명시,소아청소년과,109,23,86,49,303641,3.59,2786
경기,광명시,소아치과,123,4,119,4,303641,4.05,2469
경기,광명시,신경과,37,5,32,15,303641,1.22,8207
경기,광명시,신경외과,59,10,49,19,303641,1.94,5146
경기,광명시,심장혈관흉부외과,4,1,3,5,303641,0.13,75910
경기,광명시,안과,36,19,17,27,303641,1.19,8434
경기,광명시,영상의학과,37,10,27,28,303641,1.22,8207
경기,광명시,영상치의학과,116,0,116,0,303641,3.82,2618
경기,광명시,예방의학과,4,1,3,1,303641,0.13,75910
경기,광명시,예방치과,122,0,122,0,303641,4.02,2489
경기,광명시,외과,56,14,42,30,303641,1.84,5422
경기,광명시,응급의학과,5,2,3,24,303641,0.16,60728
경기,광명시,이비인후과,81,24,57,33,303641,2.67,3749
경기,광명시,재활의학과,53,10,43,14,303641,1.75,5729
경기,광명시,정신건강의학과,21,16,5,23,303641,0.69,14459
경기,광명시,정형외과,90,35,55,53,303641,2.96,3374
경기,광명시,직업환경의학과,2,1,1,1,303641,0.07,151820
경기,광명시,진단검사의학과,9,3,6,23,303641,0.3,33738
경기,광명시,치과교정과,113,9,104,10,303641,3.72,2687
경기,광명시,치과보존과,126,3,123,3,303641,4.15,2410
경기,광명시,치과보철과,130,11,119,11,303641,4.28,2336
경기,광명시,치주과,125,5,120,5,303641,4.12,2429
경기,광명시,침구과,96,2,94,2,303641,3.16,3163
경기,광명시,통합치의학과,65,37,28,43,303641,2.14,4671
경기,광명시,피부과,108,13,95,18,303641,3.56,2811
경기,광명시,한방내과,98,6,92,6,303641,3.23,3098
경기,광명시,한방부인과,96,1,95,1,303641,3.16,3163
경기,광명시,한방소아과,96,1,95,1,303641,3.16,3163
경기,광명시,한방신경정신과,87,2,85,2,303641,2.87,3490
경기,광명시,한방안·이비인후·피부과,92,1,91,1,303641,3.03,3300
경기,광명시,한방응급,4,0,4,0,303641,0.13,75910
경기,광명시,한방재활의학과,75,4,71,4,303641,2.47,4049
경기,광명시,핵의학과,1,1,0,1,303641,0.03,303641
경기,광주시,가정의학과,44,23,21,23,401246,1.1,9119
경기,광주시,구강내과,65,1,64,1,401246,1.62,6173
경기,광주시,구강병리과,39,0,39,0,401246,0.97,10288
경기,광주시,구강악안면외과,72,9,63,10,401246,1.79,5573
경기,광주시,내과,119,38,81,68,401246,2.97,3372
경기,광주시,마취통증의학과,38,12,26,17,401246,0.95,10559
경기,광주시,병리과,2,0,2,0,401246,0.05,200623
경기,광주시,비뇨의학과,40,6,34,6,401246,1.0,10031
경기,광주시,사상체질과,55,1,54,1,401246,1.37,7295
경기,광주시,산부인과,18,10,8,11,401246,0.45,22291
경기,광주시,성형외과,6,1,5,2,401246,0.15,66874
경기,광주시,소아청소년과,97,24,73,32,401246,2.42,4137
경기,광주시,소아치과,69,3,66,5,401246,1.72,5815
경기,광주시,신경과,21,4,17,5,401246,0.52,19107
경기,광주시,신경외과,33,8,25,10,401246,0.82,12159
경기,광주시,심장혈관흉부외과,4,1,3,1,401246,0.1,100312
경기,광주시,안과,19,7,12,11,401246,0.47,21118
경기,광주시,영상의학과,12,5,7,10,401246,0.3,33437
경기,광주시,영상치의학과,61,0,61,0,401246,1.52,6578
경기,광주시,예방의학과,1,0,1,0,401246,0.02,401246
경기,광주시,예방치과,69,0,69,0,401246,1.72,5815
경기,광주시,외과,41,11,30,17,401246,1.02,9786
경기,광주시,응급의학과,4,1,3,11,401246,0.1,100312
경기,광주시,이비인후과,76,13,63,16,401246,1.89,5280
경기,광주시,재활의학과,31,7,24,15,401246,0.77,12943
경기,광주시,정신건강의학과,12,7,5,13,401246,0.3,33437
경기,광주시,정형외과,63,18,45,31,401246,1.57,6369
경기,광주시,진단검사의학과,2,1,1,1,401246,0.05,200623
경기,광주시,치과교정과,58,5,53,5,401246,1.45,6918
경기,광주시,치과보존과,78,0,78,0,401246,1.94,5144
경기,광주시,치과보철과,80,4,76,4,401246,1.99,5016
경기,광주시,치주과,74,5,69,6,401246,1.84,5422
경기,광주시,침구과,67,3,64,3,401246,1.67,5989
경기,광주시,통합치의학과,47,24,23,33,401246,1.17,8537
경기,광주시,피부과,84,5,79,5,401246,2.09,4777
경기,광주시,한방내과,80,4,76,4,401246,1.99,5016
경기,광주시,한방부인과,65,3,62,3,401246,1.62,6173
경기,광주시,한방소아과,65,0,65,0,401246,1.62,6173
경기,광주시,한방신경정신과,60,0,60,0,401246,1.5,6687
경기,광주시,한방안·이비인후·피부과,63,0,63,0,401246,1.57,6369
경기,광주시,한방응급,2,0,2,0,401246,0.05,200623
경기,광주시,한방재활의학과,62,2,60,5,401246,1.55,6472
경기,구리시,가정의학과,36,12,24,14,188134,1.91,5226
경기,구리시,결핵과,2,0,2,0,188134,0.11,94067
경기,구리시,구강내과,70,0,70,0,188134,3.72,2688
경기,구리시,구강병리과,48,0,48,0,188134,2.55,3919
경기,구리시,구강악안면외과,88,7,81,7,188134,4.68,2138
경기,구리시,내과,94,43,51,91,188134,5.0,2001
경기,구리시,마취통증의학과,41,16,25,24,188134,2.18,4589
경기,구리시,병리과,3,1,2,3,188134,0.16,62711
경기,구리시,비뇨의학과,42,12,30,19,188134,2.23,4479
경기,구리시,사상체질과,55,0,55,0,188134,2.92,3421
경기,구리시,산부인과,13,9,4,16,188134,0.69,14472
경기,구리시,성형외과,18,4,14,7,188134,0.96,10452
경기,구리시,소아청소년과,64,15,49,23,188134,3.4,2940
경기,구리시,소아치과,85,3,82,3,188134,4.52,2213
경기,구리시,신경과,32,5,27,11,188134,1.7,5879
경기,구리시,신경외과,40,11,29,20,188134,2.13,4703
경기,구리시,심장혈관흉부외과,6,2,4,3,188134,0.32,31356
경기,구리시,안과,15,8,7,24,188134,0.8,12542
경기,구리시,영상의학과,17,9,8,19,188134,0.9,11067
경기,구리시,영상치의학과,65,0,65,0,188134,3.45,2894
경기,구리시,예방의학과,1,0,1,0,188134,0.05,188134
경기,구리시,예방치과,75,0,75,0,188134,3.99,2508
경기,구리시,외과,37,15,22,27,188134,1.97,5085
경기,구리시,응급의학과,5,1,4,8,188134,0.27,37627
경기,구리시,이비인후과,55,18,37,22,188134,2.92,3421
경기,구리시,재활의학과,37,11,26,18,188134,1.97,5085
경기,구리시,정신건강의학과,15,11,4,24,188134,0.8,12542
경기,구리시,정형외과,57,21,36,38,188134,3.03,3301
경기,구리시,직업환경의학과,1,1,0,2,188134,0.05,188134
경기,구리시,진단검사의학과,7,1,6,4,188134,0.37,26876
경기,구리시,치과교정과,74,7,67,7,188134,3.93,2542
경기,구리시,치과보존과,89,3,86,3,188134,4.73,2114
경기,구리시,치과보철과,94,4,90,6,188134,5.0,2001
경기,구리시,치주과,90,3,87,3,188134,4.78,2090
경기,구리시,침구과,66,0,66,0,188134,3.51,2851
경기,구리시,통합치의학과,51,14,37,15,188134,2.71,3689
경기,구리시,피부과,68,7,61,11,188134,3.61,2767
경기,구리시,한방내과,71,6,65,6,188134,3.77,2650
경기,구리시,한방부인과,66,0,66,0,188134,3.51,2851
경기,구리시,한방소아과,63,0,63,0,188134,3.35,2986
경기,구리시,한방신경정신과,64,0,64,0,188134,3.4,2940
경기,구리시,한방안·이비인후·피부과,63,1,62,1,188134,3.35,2986
경기,구리시,한방응급,4,0,4,0,188134,0.21,47034
경기,구리시,한방재활의학과,58,0,58,0,188134,3.08,3244
경기,구리시,핵의학과,1,1,0,1,188134,0.05,188134
경기,군포시,가정의학과,35,16,19,21,249066,1.41,7116
경기,군포시,결핵과,1,0,1,0,249066,0.04,249066
경기,군포시,구강내과,80,1,79,1,249066,3.21,3113
경기,군포시,구강병리과,56,0,56,0,249066,2.25,4448
경기,군포시,구강악안면외과,84,6,78,8,249066,3.37,2965
경기,군포시,내과,94,33,61,75,249066,3.77,2650
경기,군포시,마취통증의학과,23,11,12,20,249066,0.92,10829
경기,군포시,방사선종양학과,1,1,0,1,249066,0.04,249066
경기,군포시,병리과,5,2,3,2,249066,0.2,49813
경기,군포시,비뇨의학과,31,8,23,8,249066,1.24,8034
경기,군포시,사상체질과,52,1,51,1,249066,2.09,4790
경기,군포시,산부인과,14,10,4,26,249066,0.56,17790
경기,군포시,성형외과,12,1,11,1,249066,0.48,20756
경기,군포시,소아청소년과,72,16,56,24,249066,2.89,3459
경기,군포시,소아치과,89,3,86,3,249066,3.57,2798
경기,군포시,신경과,24,6,18,11,249066,0.96,10378
경기,군포시,신경외과,35,6,29,9,249066,1.41,7116
경기,군포시,심장혈관흉부외과,4,1,3,2,249066,0.16,62266
경기,군포시,안과,17,9,8,14,249066,0.68,14651
경기,군포시,영상의학과,14,7,7,15,249066,0.56,17790
경기,군포시,영상치의학과,79,0,79,0,249066,3.17,3153
경기,군포시,예방의학과,1,0,1,0,249066,0.04,249066
경기,군포시,예방치과,78,0,78,0,249066,3.13,3193
경기,군포시,외과,36,15,21,21,249066,1.45,6918
경기,군포시,응급의학과,3,2,1,19,249066,0.12,83022
경기,군포시,이비인후과,63,20,43,23,249066,2.53,3953
경기,군포시,재활의학과,30,8,22,8,249066,1.2,8302
경기,군포시,정신건강의학과,15,10,5,15,249066,0.6,16604
경기,군포시,정형외과,53,19,34,28,249066,2.13,4699
경기,군포시,직업환경의학과,2,2,0,2,249066,0.08,124533
경기,군포시,진단검사의학과,6,2,4,3,249066,0.24,41511
경기,군포시,치과교정과,75,8,67,8,249066,3.01,3321
경기,군포시,치과보존과,92,1,91,1,249066,3.69,2707
경기,군포시,치과보철과,92,9,83,10,249066,3.69,2707
경기,군포시,치주과,95,6,89,7,249066,3.81,2622
경기,군포시,침구과,73,1,72,1,249066,2.93,3412
경기,군포시,통합치의학과,74,28,46,34,249066,2.97,3366
경기,군포시,피부과,70,6,64,9,249066,2.81,3558
경기,군포시,한방내과,77,3,74,3,249066,3.09,3235
경기,군포시,한방부인과,74,0,74,0,249066,2.97,3366
경기,군포시,한방소아과,73,0,73,0,249066,2.93,3412
경기,군포시,한방신경정신과,62,0,62,0,249066,2.49,4017
경기,군포시,한방안·이비인후·피부과,72,0,72,0,249066,2.89,3459
경기,군포시,한방응급,5,0,5,0,249066,0.2,49813
경기,군포시,한방재활의학과,58,4,54,4,249066,2.33,4294
경기,군포시,핵의학과,1,1,0,1,249066,0.04,249066
경기,김포시,가정의학과,95,29,66,32,483679,1.96,5091
경기,김포시,결핵과,1,0,1,0,483679,0.02,483679
경기,김포시,구강내과,130,0,130,0,483679,2.69,3721
경기,김포시,구강병리과,88,0,88,0,483679,1.82,5496
경기,김포시,구강악안면외과,135,9,126,9,483679,2.79,3583
경기,김포시,내과,173,47,126,104,483679,3.58,2796
경기,김포시,마취통증의학과,70,18,52,27,483679,1.45,6910
경기,김포시,병리과,7,1,6,2,483679,0.14,69097
경기,김포시,비뇨의학과,61,13,48,17,483679,1.26,7929
경기,김포시,사상체질과,103,1,102,1,483679,2.13,4696
경기,김포시,산부인과,21,15,6,32,483679,0.43,23032
경기,김포시,성형외과,27,1,26,1,483679,0.56,17914
경기,김포시,소아청소년과,131,37,94,61,483679,2.71,3692
경기,김포시,소아치과,139,7,132,9,483679,2.87,3480
경기,김포시,신경과,42,4,38,7,483679,0.87,11516
경기,김포시,신경외과,66,16,50,26,483679,1.36,7328
경기,김포시,심장혈관흉부외과,14,3,11,4,483679,0.29,34548
경기,김포시,안과,32,14,18,24,483679,0.66,15115
경기,김포시,영상의학과,29,11,18,20,483679,0.6,16679
경기,김포시,영상치의학과,111,0,111,0,483679,2.29,4357
경기,김포시,예방의학과,12,1,11,1,483679,0.25,40307
경기,김포시,예방치과,136,0,136,0,483679,2.81,3556
경기,김포시,외과,82,21,61,32,483679,1.7,5899
경기,김포시,응급의학과,6,3,3,21,483679,0.12,80613
경기,김포시,이비인후과,108,29,79,38,483679,2.23,4479
경기,김포시,재활의학과,55,14,41,18,483679,1.14,8794
경기,김포시,정신건강의학과,27,13,14,24,483679,0.56,17914
경기,김포시,정형외과,103,39,64,55,483679,2.13,4696
경기,김포시,직업환경의학과,5,3,2,6,483679,0.1,96736
경기,김포시,진단검사의학과,13,3,10,5,483679,0.27,37206
경기,김포시,치과교정과,120,10,110,10,483679,2.48,4031
경기,김포시,치과보존과,144,3,141,3,483679,2.98,3359
경기,김포시,치과보철과,149,10,139,10,483679,3.08,3246
경기,김포시,치주과,145,7,138,7,483679,3.0,3336
경기,김포시,침구과,118,3,115,3,483679,2.44,4099
경기,김포시,통합치의학과,93,48,45,57,483679,1.92,5201
경기,김포시,피부과,145,7,138,13,483679,3.0,3336
경기,김포시,한방내과,119,11,108,11,483679,2.46,4065
경기,김포시,한방부인과,116,1,115,1,483679,2.4,4170
경기,김포시,한방소아과,114,0,114,0,483679,2.36,4243
경기,김포시,한방신경정신과,110,2,108,2,483679,2.27,4397
경기,김포시,한방안·이비인후·피부과,116,2,114,2,483679,2.4,4170
경기,김포시,한방응급,14,0,14,0,483679,0.29,34548
경기,김포시,한방재활의학과,110,3,107,3,483679,2.27,4397
경기,김포시,핵의학과,1,1,0,2,483679,0.02,483679
경기,남양주시,가정의학과,124,44,80,49,727158,1.71,5864
경기,남양주시,결핵과,4,0,4,0,727158,0.06,181790
경기,남양주시,구강내과,181,1,180,1,727158,2.49,4017
경기,남양주시,구강병리과,121,0,121,0,727158,1.66,6010
경기,남양주시,구강악안면외과,194,12,182,13,727158,2.67,3748
경기,남양주시,내과,275,99,176,173,727158,3.78,2644
경기,남양주시,마취통증의학과,89,33,56,43,727158,1.22,8170
경기,남양주시,방사선종양학과,2,0,2,0,727158,0.03,363579
경기,남양주시,병리과,4,1,3,1,727158,0.06,181790
경기,남양주시,비뇨의학과,101,12,89,13,727158,1.39,7200
경기,남양주시,사상체질과,135,3,132,3,727158,1.86,5386
경기,남양주시,산부인과,42,27,15,42,727158,0.58,17313
경기,남양주시,성형외과,35,5,30,5,727158,0.48,20776
경기,남양주시,소아청소년과,206,50,156,65,727158,2.83,3530
경기,남양주시,소아치과,194,11,183,15,727158,2.67,3748
경기,남양주시,신경과,65,10,55,12,727158,0.89,11187
경기,남양주시,신경외과,96,11,85,20,727158,1.32,7575
경기,남양주시,심장혈관흉부외과,20,4,16,5,727158,0.28,36358
경기,남양주시,안과,47,23,24,35,727158,0.65,15471
경기,남양주시,영상의학과,39,17,22,23,727158,0.54,18645
경기,남양주시,영상치의학과,161,1,160,1,727158,2.21,4517
경기,남양주시,예방의학과,3,0,3,0,727158,0.04,242386
경기,남양주시,예방치과,184,0,184,0,727158,2.53,3952
경기,남양주시,외과,105,28,77,53,727158,1.44,6925
경기,남양주시,응급의학과,13,8,5,23,727158,0.18,55935
경기,남양주시,이비인후과,169,43,126,49,727158,2.32,4303
경기,남양주시,재활의학과,87,21,66,23,727158,1.2,8358
경기,남양주시,정신건강의학과,33,21,12,31,727158,0.45,22035
경기,남양주시,정형외과,154,53,101,86,727158,2.12,4722
경기,남양주시,직업환경의학과,1,0,1,0,727158,0.01,727158
경기,남양주시,진단검사의학과,16,3,13,4,727158,0.22,45447
경기,남양주시,치과,3,0,3,0,727158,0.04,242386
경기,남양주시,치과교정과,155,14,141,15,727158,2.13,4691
경기,남양주시,치과보존과,201,8,193,8,727158,2.76,3618
경기,남양주시,치과보철과,201,14,187,16,727158,2.76,3618
경기,남양주시,치주과,203,8,195,8,727158,2.79,3582
경기,남양주시,침구과,168,4,164,4,727158,2.31,4328
경기,남양주시,통합치의학과,142,70,72,78,727158,1.95,5121
경기,남양주시,피부과,207,14,193,15,727158,2.85,3513
경기,남양주시,한방내과,179,10,169,10,727158,2.46,4062
경기,남양주시,한방부인과,163,3,160,3,727158,2.24,4461
경기,남양주시,한방소아과,161,2,159,2,727158,2.21,4517
경기,남양주시,한방신경정신과,152,0,152,0,727158,2.09,4784
경기,남양주시,한방안·이비인후·피부과,155,0,155,0,727158,2.13,4691
경기,남양주시,한방응급,13,0,13,0,727158,0.18,55935
경기,남양주시,한방재활의학과,145,0,145,0,727158,1.99,5015
경기,남양주시,핵의학과,2,0,2,0,727158,0.03,363579
경기,동두천시,가정의학과,16,7,9,11,86168,1.86,5386
경기,동두천시,구강내과,18,0,18,0,86168,2.09,4787
경기,동두천시,구강병리과,8,0,8,0,86168,0.93,10771
경기,동두천시,구강악안면외과,19,2,17,3,86168,2.2,4535
경기,동두천시,내과,28,12,16,19,86168,3.25,3077
경기,동두천시,마취통증의학과,8,3,5,3,86168,0.93,10771
경기,동두천시,비뇨의학과,12,2,10,2,86168,1.39,7181
경기,동두천시,사상체질과,5,0,5,0,86168,0.58,17234
경기,동두천시,산부인과,5,4,1,6,86168,0.58,17234
경기,동두천시,성형외과,7,1,6,1,86168,0.81,12310
경기,동두천시,소아청소년과,19,4,15,5,86168,2.2,4535
경기,동두천시,소아치과,20,0,20,0,86168,2.32,4308
경기,동두천시,신경과,8,2,6,2,86168,0.93,10771
경기,동두천시,신경외과,13,3,10,3,86168,1.51,6628
경기,동두천시,안과,7,4,3,4,86168,0.81,12310
경기,동두천시,영상의학과,1,1,0,2,86168,0.12,86168
경기,동두천시,영상치의학과,17,0,17,0,86168,1.97,5069
경기,동두천시,예방치과,20,0,20,0,86168,2.32,4308
경기,동두천시,외과,16,5,11,6,86168,1.86,5386
경기,동두천시,응급의학과,1,0,1,0,86168,0.12,86168
경기,동두천시,이비인후과,14,4,10,4,86168,1.62,6155
경기,동두천시,재활의학과,10,3,7,3,86168,1.16,8617
경기,동두천시,정신건강의학과,5,4,1,10,86168,0.58,17234
경기,동두천시,정형외과,17,7,10,9,86168,1.97,5069
경기,동두천시,치과교정과,12,2,10,2,86168,1.39,7181
경기,동두천시,치과보존과,20,6,14,6,86168,2.32,4308
경기,동두천시,치과보철과,20,1,19,1,86168,2.32,4308
경기,동두천시,치주과,20,1,19,1,86168,2.32,4308
경기,동두천시,침구과,12,2,10,2,86168,1.39,7181
경기,동두천시,통합치의학과,22,5,17,5,86168,2.55,3917
경기,동두천시,피부과,19,1,18,1,86168,2.2,4535
경기,동두천시,한방내과,20,1,19,1,86168,2.32,4308
경기,동두천시,한방부인과,10,0,10,0,86168,1.16,8617
경기,동두천시,한방소아과,9,0,9,0,86168,1.04,9574
경기,동두천시,한방신경정신과,10,0,10,0,86168,1.16,8617
경기,동두천시,한방안·이비인후·피부과,8,0,8,0,86168,0.93,10771
경기,동두천시,한방응급,1,0,1,0,86168,0.12,86168
경기,동두천시,한방재활의학과,10,1,9,1,86168,1.16,8617
경기,부천소사구,가정의학과,37,10,27,14,223777,1.65,6048
경기,부천소사구,결핵과,1,0,1,0,223777,0.04,223777
경기,부천소사구,구강내과,65,0,65,0,223777,2.9,3443
경기,부천소사구,구강병리과,44,0,44,0,223777,1.97,5086
경기,부천소사구,구강악안면외과,69,1,68,1,223777,3.08,3243
경기,부천소사구,내과,98,33,65,75,223777,4.38,2283
경기,부천소사구,마취통증의학과,37,11,26,19,223777,1.65,6048
경기,부천소사구,병리과,5,2,3,2,223777,0.22,44755
경기,부천소사구,비뇨의학과,47,9,38,9,223777,2.1,4761
경기,부천소사구,사상체질과,60,1,59,1,223777,2.68,3730
경기,부천소사구,산부인과,14,7,7,9,223777,0.63,15984
경기,부천소사구,성형외과,10,1,9,1,223777,0.45,22378
경기,부천소사구,소아청소년과,74,13,61,22,223777,3.31,3024
경기,부천소사구,소아치과,69,2,67,3,223777,3.08,3243
경기,부천소사구,신경과,28,8,20,8,223777,1.25,7992
경기,부천소사구,신경외과,33,7,26,13,223777,1.47,6781
경기,부천소사구,심장혈관흉부외과,5,2,3,10,223777,0.22,44755
경기,부천소사구,안과,20,9,11,9,223777,0.89,11189
경기,부천소사구,영상의학과,15,7,8,10,223777,0.67,14918
경기,부천소사구,영상치의학과,58,0,58,0,223777,2.59,3858
경기,부천소사구,예방의학과,1,0,1,0,223777,0.04,223777
경기,부천소사구,예방치과,65,0,65,0,223777,2.9,3443
경기,부천소사구,외과,33,8,25,10,223777,1.47,6781
경기,부천소사구,응급의학과,3,2,1,13,223777,0.13,74592
경기,부천소사구,이비인후과,54,10,44,10,223777,2.41,4144
경기,부천소사구,재활의학과,36,9,27,15,223777,1.61,6216
경기,부천소사구,정신건강의학과,14,8,6,12,223777,0.63,15984
경기,부천소사구,정형외과,54,22,32,33,223777,2.41,4144
경기,부천소사구,진단검사의학과,1,1,0,1,223777,0.04,223777
경기,부천소사구,치과,1,0,1,0,223777,0.04,223777
경기,부천소사구,치과교정과,61,5,56,5,223777,2.73,3668
경기,부천소사구,치과보존과,71,3,68,3,223777,3.17,3152
경기,부천소사구,치과보철과,71,4,67,5,223777,3.17,3152
경기,부천소사구,치주과,71,2,69,2,223777,3.17,3152
경기,부천소사구,침구과,64,2,62,2,223777,2.86,3497
경기,부천소사구,통합치의학과,37,17,20,19,223777,1.65,6048
경기,부천소사구,피부과,67,4,63,7,223777,2.99,3340
경기,부천소사구,한방내과,64,3,61,3,223777,2.86,3497
경기,부천소사구,한방부인과,63,1,62,1,223777,2.82,3552
경기,부천소사구,한방소아과,61,0,61,0,223777,2.73,3668
경기,부천소사구,한방신경정신과,61,0,61,0,223777,2.73,3668
경기,부천소사구,한방안·이비인후·피부과,61,1,60,1,223777,2.73,3668
경기,부천소사구,한방응급,25,0,25,0,223777,1.12,8951
경기,부천소사구,한방재활의학과,62,1,61,1,223777,2.77,3609
경기,부천소사구,핵의학과,1,1,0,1,223777,0.04,223777
경기,부천오정구,가정의학과,36,15,21,17,148518,2.42,4126
경기,부천오정구,결핵과,1,0,1,0,148518,0.07,148518
경기,부천오정구,구강내과,48,0,48,0,148518,3.23,3094
경기,부천오정구,구강병리과,24,0,24,0,148518,1.62,6188
경기,부천오정구,구강악안면외과,45,1,44,1,148518,3.03,3300
경기,부천오정구,내과,75,21,54,31,148518,5.05,1980
경기,부천오정구,마취통증의학과,21,5,16,6,148518,1.41,7072
경기,부천오정구,방사선종양학과,1,0,1,0,148518,0.07,148518
경기,부천오정구,병리과,3,0,3,0,148518,0.2,49506
경기,부천오정구,비뇨의학과,33,5,28,5,148518,2.22,4501
경기,부천오정구,사상체질과,26,0,26,0,148518,1.75,5712
경기,부천오정구,산부인과,9,6,3,6,148518,0.61,16502
경기,부천오정구,성형외과,7,0,7,0,148518,0.47,21217
경기,부천오정구,소아청소년과,66,10,56,10,148518,4.44,2250
경기,부천오정구,소아치과,46,0,46,0,148518,3.1,3229
경기,부천오정구,신경과,13,3,10,4,148518,0.88,11424
경기,부천오정구,신경외과,27,6,21,6,148518,1.82,5501
경기,부천오정구,안과,14,5,9,6,148518,0.94,10608
경기,부천오정구,영상의학과,15,6,9,7,148518,1.01,9901
경기,부천오정구,영상치의학과,44,0,44,0,148518,2.96,3375
경기,부천오정구,예방의학과,1,0,1,0,148518,0.07,148518
경기,부천오정구,예방치과,48,0,48,0,148518,3.23,3094
경기,부천오정구,외과,30,4,26,4,148518,2.02,4951
경기,부천오정구,응급의학과,1,1,0,1,148518,0.07,148518
경기,부천오정구,이비인후과,49,8,41,9,148518,3.3,3031
경기,부천오정구,재활의학과,22,7,15,11,148518,1.48,6751
경기,부천오정구,정신건강의학과,5,2,3,6,148518,0.34,29704
경기,부천오정구,정형외과,46,18,28,21,148518,3.1,3229
경기,부천오정구,진단검사의학과,4,1,3,1,148518,0.27,37130
경기,부천오정구,치과교정과,24,0,24,0,148518,1.62,6188
경기,부천오정구,치과보존과,50,2,48,2,148518,3.37,2970
경기,부천오정구,치과보철과,50,2,48,3,148518,3.37,2970
경기,부천오정구,치주과,50,2,48,3,148518,3.37,2970
경기,부천오정구,침구과,44,0,44,0,148518,2.96,3375
경기,부천오정구,통합치의학과,41,8,33,10,148518,2.76,3622
경기,부천오정구,피부과,53,1,52,1,148518,3.57,2802
경기,부천오정구,한방내과,46,1,45,2,148518,3.1,3229
경기,부천오정구,한방부인과,41,0,41,0,148518,2.76,3622
경기,부천오정구,한방소아과,41,0,41,0,148518,2.76,3622
경기,부천오정구,한방신경정신과,39,0,39,0,148518,2.63,3808
경기,부천오정구,한방안·이비인후·피부과,39,0,39,0,148518,2.63,3808
경기,부천오정구,한방응급,2,0,2,0,148518,0.13,74259
경기,부천오정구,한방재활의학과,32,0,32,0,148518,2.15,4641
경기,부천원미구,가정의학과,85,31,54,44,381864,2.23,4493
경기,부천원미구,구강내과,135,1,134,1,381864,3.54,2829
경기,부천원미구,구강병리과,86,0,86,0,381864,2.25,4440
경기,부천원미구,구강악안면외과,140,11,129,13,381864,3.67,2728
경기,부천원미구,내과,193,65,128,197,381864,5.05,1979
경기,부천원미구,마취통증의학과,68,28,40,57,381864,1.78,5616
경기,부천원미구,방사선종양학과,3,2,1,4,381864,0.08,127288
경기,부천원미구,병리과,7,2,5,10,381864,0.18,54552
경기,부천원미구,비뇨의학과,66,17,49,25,381864,1.73,5786
경기,부천원미구,사상체질과,105,0,105,0,381864,2.75,3637
경기,부천원미구,산부인과,36,23,13,74,381864,0.94,10607
경기,부천원미구,성형외과,54,18,36,28,381864,1.41,7072
경기,부천원미구,소아청소년과,133,24,109,54,381864,3.48,2871
경기,부천원미구,소아치과,138,5,133,6,381864,3.61,2767
경기,부천원미구,신경과,50,9,41,19,381864,1.31,7637
경기,부천원미구,신경외과,62,10,52,25,381864,1.62,6159
경기,부천원미구,심장혈관흉부외과,8,7,1,17,381864,0.21,47733
경기,부천원미구,안과,33,19,14,38,381864,0.86,11572
경기,부천원미구,영상의학과,28,16,12,41,381864,0.73,13638
경기,부천원미구,영상치의학과,120,0,120,0,381864,3.14,3182
경기,부천원미구,예방의학과,4,1,3,1,381864,0.1,95466
경기,부천원미구,예방치과,135,0,135,0,381864,3.54,2829
경기,부천원미구,외과,79,34,45,74,381864,2.07,4834
경기,부천원미구,응급의학과,5,3,2,31,381864,0.13,76373
경기,부천원미구,이비인후과,105,29,76,41,381864,2.75,3637
경기,부천원미구,재활의학과,61,13,48,22,381864,1.6,6260
경기,부천원미구,정신건강의학과,29,25,4,37,381864,0.76,13168
경기,부천원미구,정형외과,111,40,71,97,381864,2.91,3440
경기,부천원미구,직업환경의학과,3,1,2,2,381864,0.08,127288
경기,부천원미구,진단검사의학과,11,4,7,11,381864,0.29,34715
경기,부천원미구,치과교정과,115,18,97,20,381864,3.01,3321
경기,부천원미구,치과보존과,157,6,151,6,381864,4.11,2432
경기,부천원미구,치과보철과,165,14,151,15,381864,4.32,2314
경기,부천원미구,치주과,157,8,149,9,381864,4.11,2432
경기,부천원미구,침구과,125,5,120,5,381864,3.27,3055
경기,부천원미구,통합치의학과,123,40,83,46,381864,3.22,3105
경기,부천원미구,피부과,170,15,155,25,381864,4.45,2246
경기,부천원미구,한방내과,156,7,149,9,381864,4.09,2448
경기,부천원미구,한방부인과,152,2,150,2,381864,3.98,2512
경기,부천원미구,한방소아과,150,0,150,0,381864,3.93,2546
경기,부천원미구,한방신경정신과,148,4,144,4,381864,3.88,2580
경기,부천원미구,한방안·이비인후·피부과,150,3,147,4,381864,3.93,2546
경기,부천원미구,한방응급,4,0,4,0,381864,0.1,95466
경기,부천원미구,한방재활의학과,115,6,109,13,381864,3.01,3321
경기,부천원미구,핵의학과,2,2,0,7,381864,0.05,190932
경기,성남분당구,가정의학과,128,50,78,83,466625,2.74,3646
경기,성남분당구,결핵과,2,0,2,0,466625,0.04,233312
경기,성남분당구,구강내과,208,2,206,4,466625,4.46,2243
경기,성남분당구,구강병리과,114,1,113,1,466625,2.44,4093
경기,성남분당구,구강악안면외과,228,21,207,31,466625,4.89,2047
경기,성남분당구,내과,230,92,138,410,466625,4.93,2029
경기,성남분당구,마취통증의학과,94,28,66,109,466625,2.01,4964
경기,성남분당구,방사선종양학과,5,3,2,11,466625,0.11,93325
경기,성남분당구,병리과,8,5,3,29,466625,0.17,58328
경기,성남분당구,비뇨의학과,64,28,36,51,466625,1.37,7291
경기,성남분당구,사상체질과,208,4,204,4,466625,4.46,2243
경기,성남분당구,산부인과,59,42,17,131,466625,1.26,7909
경기,성남분당구,성형외과,86,21,65,38,466625,1.84,5426
경기,성남분당구,소아청소년과,151,39,112,106,466625,3.24,3090
경기,성남분당구,소아치과,218,10,208,15,466625,4.67,2140
경기,성남분당구,신경과,72,16,56,68,466625,1.54,6481
경기,성남분당구,신경외과,87,19,68,67,466625,1.86,5364
경기,성남분당구,심장혈관흉부외과,13,7,6,32,466625,0.28,35894
경기,성남분당구,안과,53,25,28,72,466625,1.14,8804
경기,성남분당구,영상의학과,55,28,27,137,466625,1.18,8484
경기,성남분당구,영상치의학과,198,0,198,0,466625,4.24,2357
경기,성남분당구,예방의학과,3,0,3,0,466625,0.06,155542
경기,성남분당구,예방치과,213,0,213,0,466625,4.56,2191
경기,성남분당구,외과,79,33,46,117,466625,1.69,5907
경기,성남분당구,응급의학과,14,9,5,62,466625,0.3,33330
경기,성남분당구,이비인후과,143,58,85,89,466625,3.06,3263
경기,성남분당구,재활의학과,101,31,70,62,466625,2.16,4620
경기,성남분당구,정신건강의학과,73,55,18,85,466625,1.56,6392
경기,성남분당구,정형외과,134,51,83,137,466625,2.87,3482
경기,성남분당구,직업환경의학과,4,3,1,3,466625,0.09,116656
경기,성남분당구,진단검사의학과,17,5,12,21,466625,0.36,27449
경기,성남분당구,치과,1,0,1,0,466625,0.02,466625
경기,성남분당구,치과교정과,200,32,168,35,466625,4.29,2333
경기,성남분당구,치과보존과,249,15,234,19,466625,5.34,1874
경기,성남분당구,치과보철과,248,27,221,29,466625,5.31,1882
경기,성남분당구,치주과,245,11,234,16,466625,5.25,1905
경기,성남분당구,침구과,219,14,205,18,466625,4.69,2131
경기,성남분당구,통합치의학과,173,37,136,44,466625,3.71,2697
경기,성남분당구,피부과,228,52,176,76,466625,4.89,2047
경기,성남분당구,한방내과,220,14,206,19,466625,4.71,2121
경기,성남분당구,한방부인과,219,7,212,7,466625,4.69,2131
경기,성남분당구,한방소아과,216,3,213,3,466625,4.63,2160
경기,성남분당구,한방신경정신과,211,8,203,8,466625,4.52,2211
경기,성남분당구,한방안·이비인후·피부과,216,2,214,2,466625,4.63,2160
경기,성남분당구,한방응급,7,0,7,0,466625,0.15,66661
경기,성남분당구,한방재활의학과,212,18,194,18,466625,4.54,2201
경기,성남분당구,핵의학과,5,4,1,7,466625,0.11,93325
경기,성남수정구,가정의학과,73,32,41,34,234948,3.11,3218
경기,성남수정구,결핵과,2,0,2,0,234948,0.09,117474
경기,성남수정구,구강내과,123,0,123,0,234948,5.24,1910
경기,성남수정구,구강병리과,93,0,93,0,234948,3.96,2526
경기,성남수정구,구강악안면외과,125,9,116,9,234948,5.32,1880
경기,성남수정구,내과,141,45,96,87,234948,6.0,1666
경기,성남수정구,마취통증의학과,49,20,29,26,234948,2.09,4795
경기,성남수정구,병리과,2,1,1,1,234948,0.09,117474
경기,성남수정구,비뇨의학과,45,14,31,15,234948,1.92,5221
경기,성남수정구,사상체질과,94,3,91,3,234948,4.0,2499
경기,성남수정구,산부인과,24,18,6,33,234948,1.02,9790
경기,성남수정구,성형외과,26,3,23,3,234948,1.11,9036
경기,성남수정구,소아청소년과,105,25,80,29,234948,4.47,2238
경기,성남수정구,소아치과,129,9,120,11,234948,5.49,1821
경기,성남수정구,신경과,41,7,34,9,234948,1.75,5730
경기,성남수정구,신경외과,54,12,42,16,234948,2.3,4351
경기,성남수정구,심장혈관흉부외과,4,1,3,1,234948,0.17,58737
경기,성남수정구,안과,20,13,7,19,234948,0.85,11747
경기,성남수정구,영상의학과,18,7,11,11,234948,0.77,13053
경기,성남수정구,영상치의학과,115,0,115,0,234948,4.89,2043
경기,성남수정구,예방치과,124,0,124,0,234948,5.28,1895
경기,성남수정구,외과,57,18,39,23,234948,2.43,4122
경기,성남수정구,응급의학과,8,4,4,10,234948,0.34,29368
경기,성남수정구,이비인후과,78,26,52,30,234948,3.32,3012
경기,성남수정구,재활의학과,47,11,36,17,234948,2.0,4999
경기,성남수정구,정신건강의학과,18,15,3,23,234948,0.77,13053
경기,성남수정구,정형외과,73,26,47,42,234948,3.11,3218
경기,성남수정구,직업환경의학과,1,0,1,0,234948,0.04,234948
경기,성남수정구,진단검사의학과,6,3,3,3,234948,0.26,39158
경기,성남수정구,치과교정과,118,12,106,12,234948,5.02,1991
경기,성남수정구,치과보존과,130,2,128,2,234948,5.53,1807
경기,성남수정구,치과보철과,132,10,122,10,234948,5.62,1780
경기,성남수정구,치주과,131,9,122,9,234948,5.58,1793
경기,성남수정구,침구과,100,4,96,4,234948,4.26,2349
경기,성남수정구,통합치의학과,67,32,35,41,234948,2.85,3507
경기,성남수정구,피부과,110,12,98,17,234948,4.68,2136
경기,성남수정구,한방내과,100,11,89,12,234948,4.26,2349
경기,성남수정구,한방부인과,96,1,95,1,234948,4.09,2447
경기,성남수정구,한방소아과,96,1,95,1,234948,4.09,2447
경기,성남수정구,한방신경정신과,96,5,91,5,234948,4.09,2447
경기,성남수정구,한방안·이비인후·피부과,96,2,94,2,234948,4.09,2447
경기,성남수정구,한방응급,4,0,4,0,234948,0.17,58737
경기,성남수정구,한방재활의학과,94,4,90,4,234948,4.0,2499
경기,성남중원구,가정의학과,38,21,17,23,198233,1.92,5217
경기,성남중원구,구강내과,61,0,61,0,198233,3.08,3250
경기,성남중원구,구강병리과,35,0,35,0,198233,1.77,5664
경기,성남중원구,구강악안면외과,62,7,55,8,198233,3.13,3197
경기,성남중원구,내과,98,27,71,39,198233,4.94,2023
경기,성남중원구,마취통증의학과,26,6,20,6,198233,1.31,7624
경기,성남중원구,병리과,3,1,2,1,198233,0.15,66078
경기,성남중원구,비뇨의학과,34,7,27,7,198233,1.72,5830
경기,성남중원구,사상체질과,67,3,64,3,198233,3.38,2959
경기,성남중원구,산부인과,15,8,7,8,198233,0.76,13216
경기,성남중원구,성형외과,13,0,13,0,198233,0.66,15249
경기,성남중원구,소아청소년과,74,16,58,17,198233,3.73,2679
경기,성남중원구,소아치과,59,1,58,1,198233,2.98,3360
경기,성남중원구,신경과,22,5,17,5,198233,1.11,9011
경기,성남중원구,신경외과,34,8,26,9,198233,1.72,5830
경기,성남중원구,심장혈관흉부외과,3,1,2,1,198233,0.15,66078
경기,성남중원구,안과,14,7,7,8,198233,0.71,14160
경기,성남중원구,영상의학과,13,5,8,8,198233,0.66,15249
경기,성남중원구,영상치의학과,53,0,53,0,198233,2.67,3740
경기,성남중원구,예방치과,58,0,58,0,198233,2.93,3418
경기,성남중원구,외과,33,9,24,10,198233,1.66,6007
경기,성남중원구,응급의학과,3,2,1,5,198233,0.15,66078
경기,성남중원구,이비인후과,59,16,43,17,198233,2.98,3360
경기,성남중원구,재활의학과,29,5,24,5,198233,1.46,6836
경기,성남중원구,정신건강의학과,14,9,5,9,198233,0.71,14160
경기,성남중원구,정형외과,57,17,40,23,198233,2.88,3478
경기,성남중원구,진단검사의학과,4,0,4,0,198233,0.2,49558
경기,성남중원구,치과,13,0,13,0,198233,0.66,15249
경기,성남중원구,치과교정과,48,4,44,4,198233,2.42,4130
경기,성남중원구,치과보존과,65,1,64,1,198233,3.28,3050
경기,성남중원구,치과보철과,67,4,63,4,198233,3.38,2959
경기,성남중원구,치주과,71,4,67,4,198233,3.58,2792
경기,성남중원구,침구과,74,2,72,2,198233,3.73,2679
경기,성남중원구,통합치의학과,56,23,33,26,198233,2.82,3540
경기,성남중원구,피부과,65,4,61,4,198233,3.28,3050
경기,성남중원구,한방내과,72,5,67,5,198233,3.63,2753
경기,성남중원구,한방부인과,69,2,67,2,198233,3.48,2873
경기,성남중원구,한방소아과,69,0,69,0,198233,3.48,2873
경기,성남중원구,한방신경정신과,66,0,66,0,198233,3.33,3004
경기,성남중원구,한방안·이비인후·피부과,68,0,68,0,198233,3.43,2915
경기,성남중원구,한방응급,1,0,1,0,198233,0.05,198233
경기,성남중원구,한방재활의학과,71,0,71,0,198233,3.58,2792
경기,수원권선구,가정의학과,45,26,19,36,360795,1.25,8018
경기,수원권선구,구강내과,72,2,70,2,360795,2.0,5011
경기,수원권선구,구강병리과,37,0,37,0,360795,1.03,9751
경기,수원권선구,구강악안면외과,77,2,75,2,360795,2.13,4686
경기,수원권선구,내과,128,47,81,90,360795,3.55,2819
경기,수원권선구,마취통증의학과,46,13,33,17,360795,1.27,7843
경기,수원권선구,병리과,1,0,1,0,360795,0.03,360795
경기,수원권선구,비뇨의학과,41,8,33,9,360795,1.14,8800
경기,수원권선구,사상체질과,74,0,74,0,360795,2.05,4876
경기,수원권선구,산부인과,19,10,9,32,360795,0.53,18989
경기,수원권선구,성형외과,14,2,12,2,360795,0.39,25771
경기,수원권선구,소아청소년과,102,25,77,33,360795,2.83,3537
경기,수원권선구,소아치과,79,4,75,5,360795,2.19,4567
경기,수원권선구,신경과,29,4,25,7,360795,0.8,12441
경기,수원권선구,신경외과,42,8,34,14,360795,1.16,8590
경기,수원권선구,심장혈관흉부외과,11,3,8,3,360795,0.3,32800
경기,수원권선구,안과,22,8,14,9,360795,0.61,16400
경기,수원권선구,영상의학과,15,9,6,24,360795,0.42,24053
경기,수원권선구,영상치의학과,69,0,69,0,360795,1.91,5229
경기,수원권선구,예방의학과,1,0,1,0,360795,0.03,360795
경기,수원권선구,예방치과,74,0,74,0,360795,2.05,4876
경기,수원권선구,외과,45,14,31,36,360795,1.25,8018
경기,수원권선구,응급의학과,9,4,5,26,360795,0.25,40088
경기,수원권선구,이비인후과,83,21,62,26,360795,2.3,4347
경기,수원권선구,재활의학과,35,10,25,13,360795,0.97,10308
경기,수원권선구,정신건강의학과,18,6,12,9,360795,0.5,20044
경기,수원권선구,정형외과,70,21,49,39,360795,1.94,5154
경기,수원권선구,직업환경의학과,4,3,1,6,360795,0.11,90199
경기,수원권선구,진단검사의학과,4,2,2,4,360795,0.11,90199
경기,수원권선구,치과,17,0,17,0,360795,0.47,21223
경기,수원권선구,치과교정과,54,6,48,6,360795,1.5,6681
경기,수원권선구,치과보존과,84,2,82,2,360795,2.33,4295
경기,수원권선구,치과보철과,85,5,80,5,360795,2.36,4245
경기,수원권선구,치주과,84,2,82,2,360795,2.33,4295
경기,수원권선구,침구과,84,4,80,4,360795,2.33,4295
경기,수원권선구,통합치의학과,68,27,41,30,360795,1.88,5306
경기,수원권선구,피부과,79,2,77,2,360795,2.19,4567
경기,수원권선구,한방내과,88,3,85,3,360795,2.44,4100
경기,수원권선구,한방부인과,83,4,79,4,360795,2.3,4347
경기,수원권선구,한방소아과,83,0,83,0,360795,2.3,4347
경기,수원권선구,한방신경정신과,80,0,80,0,360795,2.22,4510
경기,수원권선구,한방안·이비인후·피부과,82,1,81,1,360795,2.27,4400
경기,수원권선구,한방응급,2,0,2,0,360795,0.06,180398
경기,수원권선구,한방재활의학과,80,0,80,0,360795,2.22,4510
경기,수원권선구,핵의학과,1,1,0,1,360795,0.03,360795
경기,수원영통구,가정의학과,65,28,37,51,361883,1.8,5567
경기,수원영통구,구강내과,107,2,105,3,361883,2.96,3382
경기,수원영통구,구강병리과,58,0,58,0,361883,1.6,6239
경기,수원영통구,구강악안면외과,116,6,110,8,361883,3.21,3120
경기,수원영통구,내과,142,51,91,178,361883,3.92,2548
경기,수원영통구,마취통증의학과,45,19,26,44,361883,1.24,8042
경기,수원영통구,방사선종양학과,1,1,0,6,361883,0.03,361883
경기,수원영통구,병리과,3,1,2,11,361883,0.08,120628
경기,수원영통구,비뇨의학과,49,16,33,24,361883,1.35,7385
경기,수원영통구,사상체질과,101,3,98,3,361883,2.79,3583
경기,수원영통구,산부인과,28,18,10,61,361883,0.77,12924
경기,수원영통구,성형외과,44,9,35,14,361883,1.22,8225
경기,수원영통구,소아청소년과,104,31,73,77,361883,2.87,3480
경기,수원영통구,소아치과,107,6,101,7,361883,2.96,3382
경기,수원영통구,신경과,31,10,21,28,361883,0.86,11674
경기,수원영통구,신경외과,45,11,34,23,361883,1.24,8042
경기,수원영통구,심장혈관흉부외과,3,2,1,12,361883,0.08,120628
경기,수원영통구,안과,23,14,9,35,361883,0.64,15734
경기,수원영통구,영상의학과,24,11,13,39,361883,0.66,15078
경기,수원영통구,영상치의학과,94,1,93,1,361883,2.6,3850
경기,수원영통구,예방의학과,4,2,2,5,361883,0.11,90471
경기,수원영통구,예방치과,108,0,108,0,361883,2.98,3351
경기,수원영통구,외과,50,15,35,73,361883,1.38,7238
경기,수원영통구,응급의학과,5,2,3,17,361883,0.14,72377
경기,수원영통구,이비인후과,97,27,70,42,361883,2.68,3731
경기,수원영통구,재활의학과,46,11,35,24,361883,1.27,7867
경기,수원영통구,정신건강의학과,29,23,6,38,361883,0.8,12479
경기,수원영통구,정형외과,70,26,44,66,361883,1.93,5170
경기,수원영통구,직업환경의학과,3,1,2,4,361883,0.08,120628
경기,수원영통구,진단검사의학과,4,1,3,4,361883,0.11,90471
경기,수원영통구,치과,1,0,1,0,361883,0.03,361883
경기,수원영통구,치과교정과,89,14,75,16,361883,2.46,4066
경기,수원영통구,치과보존과,124,7,117,7,361883,3.43,2918
경기,수원영통구,치과보철과,123,10,113,11,361883,3.4,2942
경기,수원영통구,치주과,123,2,121,3,361883,3.4,2942
경기,수원영통구,침구과,114,4,110,4,361883,3.15,3174
경기,수원영통구,통합치의학과,93,34,59,38,361883,2.57,3891
경기,수원영통구,피부과,128,14,114,29,361883,3.54,2827
경기,수원영통구,한방내과,116,11,105,11,361883,3.21,3120
경기,수원영통구,한방부인과,112,3,109,3,361883,3.09,3231
경기,수원영통구,한방소아과,109,2,107,2,361883,3.01,3320
경기,수원영통구,한방신경정신과,104,3,101,3,361883,2.87,3480
경기,수원영통구,한방안·이비인후·피부과,109,1,108,1,361883,3.01,3320
경기,수원영통구,한방응급,39,0,39,0,361883,1.08,9279
경기,수원영통구,한방재활의학과,107,6,101,8,361883,2.96,3382
경기,수원영통구,핵의학과,1,1,0,4,361883,0.03,361883
경기,수원장안구,가정의학과,34,20,14,31,269717,1.26,7933
경기,수원장안구,구강내과,45,0,45,0,269717,1.67,5994
경기,수원장안구,구강병리과,29,0,29,0,269717,1.08,9301
경기,수원장안구,구강악안면외과,49,9,40,9,269717,1.82,5504
경기,수원장안구,내과,115,44,71,66,269717,4.26,2345
경기,수원장안구,마취통증의학과,30,11,19,13,269717,1.11,8991
경기,수원장안구,병리과,1,0,1,0,269717,0.04,269717
경기,수원장안구,비뇨의학과,37,6,31,6,269717,1.37,7290
경기,수원장안구,사상체질과,73,1,72,1,269717,2.71,3695
경기,수원장안구,산부인과,10,7,3,20,269717,0.37,26972
경기,수원장안구,성형외과,16,1,15,1,269717,0.59,16857
경기,수원장안구,소아청소년과,84,17,67,19,269717,3.11,3211
경기,수원장안구,소아치과,52,2,50,2,269717,1.93,5187
경기,수원장안구,신경과,16,6,10,6,269717,0.59,16857
경기,수원장안구,신경외과,39,7,32,7,269717,1.45,6916
경기,수원장안구,심장혈관흉부외과,1,0,1,0,269717,0.04,269717
경기,수원장안구,안과,17,6,11,9,269717,0.63,15866
경기,수원장안구,영상의학과,9,5,4,8,269717,0.33,29969
경기,수원장안구,영상치의학과,42,1,41,1,269717,1.56,6422
경기,수원장안구,예방치과,51,0,51,0,269717,1.89,5289
경기,수원장안구,외과,47,19,28,25,269717,1.74,5739
경기,수원장안구,응급의학과,3,2,1,7,269717,0.11,89906
경기,수원장안구,이비인후과,60,13,47,18,269717,2.22,4495
경기,수원장안구,재활의학과,39,10,29,12,269717,1.45,6916
경기,수원장안구,정신건강의학과,10,9,1,15,269717,0.37,26972
경기,수원장안구,정형외과,58,21,37,28,269717,2.15,4650
경기,수원장안구,직업환경의학과,1,1,0,1,269717,0.04,269717
경기,수원장안구,진단검사의학과,5,2,3,2,269717,0.19,53943
경기,수원장안구,치과,47,0,47,0,269717,1.74,5739
경기,수원장안구,치과교정과,47,6,41,6,269717,1.74,5739
경기,수원장안구,치과보존과,54,4,50,4,269717,2.0,4995
경기,수원장안구,치과보철과,52,4,48,4,269717,1.93,5187
경기,수원장안구,치주과,52,1,51,1,269717,1.93,5187
경기,수원장안구,침구과,83,2,81,2,269717,3.08,3250
경기,수원장안구,통합치의학과,32,20,12,25,269717,1.19,8429
경기,수원장안구,피부과,70,4,66,7,269717,2.6,3853
경기,수원장안구,한방내과,83,4,79,4,269717,3.08,3250
경기,수원장안구,한방부인과,80,0,80,0,269717,2.97,3371
경기,수원장안구,한방소아과,77,1,76,1,269717,2.85,3503
경기,수원장안구,한방신경정신과,77,0,77,0,269717,2.85,3503
경기,수원장안구,한방안·이비인후·피부과,79,0,79,0,269717,2.93,3414
경기,수원장안구,한방응급,41,0,41,0,269717,1.52,6578
경기,수원장안구,한방재활의학과,77,2,75,2,269717,2.85,3503
경기,수원팔달구,가정의학과,65,22,43,41,193282,3.36,2974
경기,수원팔달구,결핵과,4,2,2,2,193282,0.21,48320
경기,수원팔달구,구강내과,84,2,82,2,193282,4.35,2301
경기,수원팔달구,구강병리과,46,0,46,0,193282,2.38,4202
경기,수원팔달구,구강악안면외과,93,16,77,17,193282,4.81,2078
경기,수원팔달구,내과,130,44,86,145,193282,6.73,1487
경기,수원팔달구,마취통증의학과,64,26,38,56,193282,3.31,3020
경기,수원팔달구,방사선종양학과,3,1,2,4,193282,0.16,64427
경기,수원팔달구,병리과,5,2,3,9,193282,0.26,38656
경기,수원팔달구,비뇨의학과,43,18,25,25,193282,2.22,4495
경기,수원팔달구,사상체질과,91,2,89,2,193282,4.71,2124
경기,수원팔달구,산부인과,27,20,7,51,193282,1.4,7159
경기,수원팔달구,성형외과,52,14,38,17,193282,2.69,3717
경기,수원팔달구,소아청소년과,76,16,60,38,193282,3.93,2543
경기,수원팔달구,소아치과,79,2,77,2,193282,4.09,2447
경기,수원팔달구,신경과,39,8,31,19,193282,2.02,4956
경기,수원팔달구,신경외과,54,13,41,46,193282,2.79,3579
경기,수원팔달구,심장혈관흉부외과,10,3,7,10,193282,0.52,19328
경기,수원팔달구,안과,23,15,8,38,193282,1.19,8404
경기,수원팔달구,영상의학과,23,14,9,38,193282,1.19,8404
경기,수원팔달구,영상치의학과,73,1,72,1,193282,3.78,2648
경기,수원팔달구,예방의학과,2,0,2,0,193282,0.1,96641
경기,수원팔달구,예방치과,82,0,82,0,193282,4.24,2357
경기,수원팔달구,외과,51,25,26,54,193282,2.64,3790
경기,수원팔달구,응급의학과,8,3,5,30,193282,0.41,24160
경기,수원팔달구,이비인후과,58,17,41,23,193282,3.0,3332
경기,수원팔달구,재활의학과,55,11,44,19,193282,2.85,3514
경기,수원팔달구,정신건강의학과,28,24,4,40,193282,1.45,6903
경기,수원팔달구,정형외과,74,25,49,65,193282,3.83,2612
경기,수원팔달구,직업환경의학과,3,2,1,8,193282,0.16,64427
경기,수원팔달구,진단검사의학과,5,3,2,9,193282,0.26,38656
경기,수원팔달구,치과,4,0,4,0,193282,0.21,48320
경기,수원팔달구,치과교정과,65,14,51,16,193282,3.36,2974
경기,수원팔달구,치과보존과,99,6,93,8,193282,5.12,1952
경기,수원팔달구,치과보철과,99,6,93,6,193282,5.12,1952
경기,수원팔달구,치주과,97,8,89,9,193282,5.02,1993
경기,수원팔달구,침구과,107,6,101,6,193282,5.54,1806
경기,수원팔달구,통합치의학과,76,31,45,38,193282,3.93,2543
경기,수원팔달구,피부과,124,13,111,21,193282,6.42,1559
경기,수원팔달구,한방내과,108,7,101,9,193282,5.59,1790
경기,수원팔달구,한방부인과,100,3,97,3,193282,5.17,1933
경기,수원팔달구,한방소아과,104,2,102,2,193282,5.38,1858
경기,수원팔달구,한방신경정신과,93,2,91,2,193282,4.81,2078
경기,수원팔달구,한방안·이비인후·피부과,98,1,97,1,193282,5.07,1972
경기,수원팔달구,한방응급,3,0,3,0,193282,0.16,64427
경기,수원팔달구,한방재활의학과,97,7,90,9,193282,5.02,1993
경기,수원팔달구,핵의학과,2,1,1,3,193282,0.1,96641
경기,시흥시,가정의학과,105,29,76,36,515337,2.04,4908
경기,시흥시,결핵과,1,0,1,0,515337,0.02,515337
경기,시흥시,구강내과,114,0,114,0,515337,2.21,4520
경기,시흥시,구강병리과,71,1,70,1,515337,1.38,7258
경기,시흥시,구강악안면외과,121,6,115,6,515337,2.35,4259
경기,시흥시,내과,215,62,153,136,515337,4.17,2397
경기,시흥시,마취통증의학과,70,19,51,28,515337,1.36,7362
경기,시흥시,병리과,3,1,2,1,515337,0.06,171779
경기,시흥시,비뇨의학과,60,12,48,12,515337,1.16,8589
경기,시흥시,사상체질과,67,1,66,1,515337,1.3,7692
경기,시흥시,산부인과,38,23,15,28,515337,0.74,13562
경기,시흥시,성형외과,25,3,22,3,515337,0.49,20613
경기,시흥시,소아청소년과,166,40,126,50,515337,3.22,3104
경기,시흥시,소아치과,149,5,144,5,515337,2.89,3459
경기,시흥시,신경과,48,6,42,8,515337,0.93,10736
경기,시흥시,신경외과,71,13,58,24,515337,1.38,7258
경기,시흥시,심장혈관흉부외과,3,1,2,2,515337,0.06,171779
경기,시흥시,안과,44,13,31,15,515337,0.85,11712
경기,시흥시,영상의학과,28,12,16,22,515337,0.54,18405
경기,시흥시,영상치의학과,104,1,103,1,515337,2.02,4955
경기,시흥시,예방의학과,4,1,3,1,515337,0.08,128834
경기,시흥시,예방치과,117,0,117,0,515337,2.27,4405
경기,시흥시,외과,77,21,56,29,515337,1.49,6693
경기,시흥시,응급의학과,9,7,2,22,515337,0.17,57260
경기,시흥시,이비인후과,139,30,109,40,515337,2.7,3707
경기,시흥시,재활의학과,67,21,46,24,515337,1.3,7692
경기,시흥시,정신건강의학과,23,11,12,15,515337,0.45,22406
경기,시흥시,정형외과,115,40,75,61,515337,2.23,4481
경기,시흥시,직업환경의학과,6,3,3,12,515337,0.12,85890
경기,시흥시,진단검사의학과,11,3,8,3,515337,0.21,46849
경기,시흥시,치과,4,0,4,0,515337,0.08,128834
경기,시흥시,치과교정과,126,6,120,6,515337,2.45,4090
경기,시흥시,치과보존과,126,5,121,5,515337,2.45,4090
경기,시흥시,치과보철과,153,4,149,4,515337,2.97,3368
경기,시흥시,치주과,152,3,149,3,515337,2.95,3390
경기,시흥시,침구과,92,2,90,2,515337,1.79,5601
경기,시흥시,통합치의학과,84,44,40,47,515337,1.63,6135
경기,시흥시,피부과,153,9,144,14,515337,2.97,3368
경기,시흥시,한방내과,101,3,98,3,515337,1.96,5102
경기,시흥시,한방부인과,92,3,89,3,515337,1.79,5601
경기,시흥시,한방소아과,91,0,91,0,515337,1.77,5663
경기,시흥시,한방신경정신과,89,1,88,1,515337,1.73,5790
경기,시흥시,한방안·이비인후·피부과,87,0,87,0,515337,1.69,5923
경기,시흥시,한방응급,7,0,7,0,515337,0.14,73620
경기,시흥시,한방재활의학과,81,7,74,9,515337,1.57,6362
경기,안산단원구,가정의학과,65,21,44,28,288127,2.26,4433
경기,안산단원구,결핵과,1,0,1,0,288127,0.03,288127
경기,안산단원구,구강내과,79,0,79,0,288127,2.74,3647
경기,안산단원구,구강병리과,55,0,55,0,288127,1.91,5239
경기,안산단원구,구강악안면외과,93,6,87,8,288127,3.23,3098
경기,안산단원구,내과,145,55,90,165,288127,5.03,1987
경기,안산단원구,마취통증의학과,48,20,28,37,288127,1.67,6003
경기,안산단원구,방사선종양학과,1,1,0,4,288127,0.03,288127
경기,안산단원구,병리과,4,1,3,7,288127,0.14,72032
경기,안산단원구,비뇨의학과,53,14,39,22,288127,1.84,5436
경기,안산단원구,사상체질과,75,1,74,1,288127,2.6,3842
경기,안산단원구,산부인과,31,23,8,51,288127,1.08,9294
경기,안산단원구,성형외과,44,13,31,21,288127,1.53,6548
경기,안산단원구,소아청소년과,88,22,66,51,288127,3.05,3274
경기,안산단원구,소아치과,85,3,82,5,288127,2.95,3390
경기,안산단원구,신경과,35,11,24,21,288127,1.21,8232
경기,안산단원구,신경외과,55,14,41,35,288127,1.91,5239
경기,안산단원구,심장혈관흉부외과,4,3,1,6,288127,0.14,72032
경기,안산단원구,안과,28,13,15,31,288127,0.97,10290
경기,안산단원구,영상의학과,22,14,8,44,288127,0.76,13097
경기,안산단원구,영상치의학과,76,0,76,0,288127,2.64,3791
경기,안산단원구,예방의학과,4,0,4,0,288127,0.14,72032
경기,안산단원구,예방치과,86,0,86,0,288127,2.98,3350
경기,안산단원구,외과,58,26,32,55,288127,2.01,4968
경기,안산단원구,응급의학과,4,2,2,19,288127,0.14,72032
경기,안산단원구,이비인후과,65,19,46,32,288127,2.26,4433
경기,안산단원구,재활의학과,50,16,34,22,288127,1.74,5763
경기,안산단원구,정신건강의학과,25,18,7,30,288127,0.87,11525
경기,안산단원구,정형외과,86,29,57,64,288127,2.98,3350
경기,안산단원구,직업환경의학과,4,4,0,11,288127,0.14,72032
경기,안산단원구,진단검사의학과,8,3,5,8,288127,0.28,36016
경기,안산단원구,치과,5,0,5,0,288127,0.17,57625
경기,안산단원구,치과교정과,77,7,70,7,288127,2.67,3742
경기,안산단원구,치과보존과,99,5,94,6,288127,3.44,2910
경기,안산단원구,치과보철과,100,5,95,5,288127,3.47,2881
경기,안산단원구,치주과,92,2,90,3,288127,3.19,3132
경기,안산단원구,침구과,98,4,94,7,288127,3.4,2940
경기,안산단원구,통합치의학과,85,28,57,37,288127,2.95,3390
경기,안산단원구,피부과,123,9,114,14,288127,4.27,2342
경기,안산단원구,한방내과,105,2,103,3,288127,3.64,2744
경기,안산단원구,한방부인과,98,1,97,1,288127,3.4,2940
경기,안산단원구,한방소아과,98,0,98,0,288127,3.4,2940
경기,안산단원구,한방신경정신과,96,4,92,4,288127,3.33,3001
경기,안산단원구,한방안·이비인후·피부과,97,2,95,2,288127,3.37,2970
경기,안산단원구,한방응급,6,0,6,0,288127,0.21,48021
경기,안산단원구,한방재활의학과,90,4,86,6,288127,3.12,3201
경기,안산단원구,핵의학과,1,1,0,3,288127,0.03,288127
경기,안산상록구,가정의학과,39,24,15,27,320360,1.22,8214
경기,안산상록구,구강내과,52,0,52,0,320360,1.62,6161
경기,안산상록구,구강병리과,36,0,36,0,320360,1.12,8899
경기,안산상록구,구강악안면외과,61,1,60,1,320360,1.9,5252
경기,안산상록구,내과,106,32,74,58,320360,3.31,3022
경기,안산상록구,마취통증의학과,25,10,15,15,320360,0.78,12814
경기,안산상록구,방사선종양학과,1,0,1,0,320360,0.03,320360
경기,안산상록구,비뇨의학과,45,1,44,1,320360,1.4,7119
경기,안산상록구,사상체질과,47,0,47,0,320360,1.47,6816
경기,안산상록구,산부인과,19,10,9,15,320360,0.59,16861
경기,안산상록구,성형외과,5,0,5,0,320360,0.16,64072
경기,안산상록구,소아청소년과,90,16,74,18,320360,2.81,3560
경기,안산상록구,소아치과,60,0,60,0,320360,1.87,5339
경기,안산상록구,신경과,24,4,20,6,320360,0.75,13348
경기,안산상록구,신경외과,38,7,31,11,320360,1.19,8431
경기,안산상록구,심장혈관흉부외과,1,0,1,0,320360,0.03,320360
경기,안산상록구,안과,12,6,6,7,320360,0.37,26697
경기,안산상록구,영상의학과,7,5,2,13,320360,0.22,45766
경기,안산상록구,영상치의학과,55,0,55,0,320360,1.72,5825
경기,안산상록구,예방의학과,2,1,1,1,320360,0.06,160180
경기,안산상록구,예방치과,58,0,58,0,320360,1.81,5523
경기,안산상록구,외과,49,17,32,27,320360,1.53,6538
경기,안산상록구,응급의학과,2,2,0,11,320360,0.06,160180
경기,안산상록구,이비인후과,69,11,58,12,320360,2.15,4643
경기,안산상록구,재활의학과,35,9,26,12,320360,1.09,9153
경기,안산상록구,정신건강의학과,10,7,3,12,320360,0.31,32036
경기,안산상록구,정형외과,59,16,43,25,320360,1.84,5430
경기,안산상록구,직업환경의학과,3,2,1,8,320360,0.09,106787
경기,안산상록구,진단검사의학과,3,2,1,2,320360,0.09,106787
경기,안산상록구,치과,16,0,16,0,320360,0.5,20022
경기,안산상록구,치과교정과,41,2,39,2,320360,1.28,7814
경기,안산상록구,치과보존과,64,2,62,2,320360,2.0,5006
경기,안산상록구,치과보철과,66,1,65,2,320360,2.06,4854
경기,안산상록구,치주과,65,1,64,1,320360,2.03,4929
경기,안산상록구,침구과,63,0,63,0,320360,1.97,5085
경기,안산상록구,통합치의학과,40,12,28,16,320360,1.25,8009
경기,안산상록구,피부과,72,3,69,3,320360,2.25,4449
경기,안산상록구,한방내과,74,3,71,3,320360,2.31,4329
경기,안산상록구,한방부인과,63,0,63,0,320360,1.97,5085
경기,안산상록구,한방소아과,60,0,60,0,320360,1.87,5339
경기,안산상록구,한방신경정신과,56,1,55,1,320360,1.75,5721
경기,안산상록구,한방안·이비인후·피부과,61,0,61,0,320360,1.9,5252
경기,안산상록구,한방응급,1,0,1,0,320360,0.03,320360
경기,안산상록구,한방재활의학과,55,2,53,2,320360,1.72,5825
경기,안성시,가정의학과,38,14,24,19,199484,1.9,5250
경기,안성시,구강내과,36,0,36,0,199484,1.8,5541
경기,안성시,구강병리과,14,0,14,0,199484,0.7,14249
경기,안성시,구강악안면외과,41,1,40,1,199484,2.06,4865
경기,안성시,내과,75,19,56,34,199484,3.76,2660
경기,안성시,마취통증의학과,24,8,16,8,199484,1.2,8312
경기,안성시,병리과,4,1,3,1,199484,0.2,49871
경기,안성시,비뇨의학과,34,8,26,8,199484,1.7,5867
경기,안성시,사상체질과,22,0,22,0,199484,1.1,9067
경기,안성시,산부인과,11,7,4,7,199484,0.55,18135
경기,안성시,성형외과,5,1,4,1,199484,0.25,39897
경기,안성시,소아청소년과,41,11,30,13,199484,2.06,4865
경기,안성시,소아치과,42,0,42,0,199484,2.11,4750
경기,안성시,신경과,20,3,17,3,199484,1.0,9974
경기,안성시,신경외과,24,5,19,6,199484,1.2,8312
경기,안성시,심장혈관흉부외과,4,2,2,2,199484,0.2,49871
경기,안성시,안과,12,4,8,6,199484,0.6,16624
경기,안성시,영상의학과,10,5,5,7,199484,0.5,19948
경기,안성시,영상치의학과,36,0,36,0,199484,1.8,5541
경기,안성시,예방의학과,2,1,1,1,199484,0.1,99742
경기,안성시,예방치과,49,0,49,0,199484,2.46,4071
경기,안성시,외과,35,8,27,14,199484,1.75,5700
경기,안성시,응급의학과,4,3,1,10,199484,0.2,49871
경기,안성시,이비인후과,42,7,35,9,199484,2.11,4750
경기,안성시,재활의학과,21,5,16,5,199484,1.05,9499
경기,안성시,정신건강의학과,8,3,5,7,199484,0.4,24936
경기,안성시,정형외과,42,8,34,12,199484,2.11,4750
경기,안성시,직업환경의학과,2,1,1,2,199484,0.1,99742
경기,안성시,진단검사의학과,5,2,3,2,199484,0.25,39897
경기,안성시,치과교정과,30,1,29,1,199484,1.5,6649
경기,안성시,치과보존과,45,2,43,2,199484,2.26,4433
경기,안성시,치과보철과,47,4,43,4,199484,2.36,4244
경기,안성시,치주과,44,3,41,3,199484,2.21,4534
경기,안성시,침구과,37,1,36,1,199484,1.85,5391
경기,안성시,통합치의학과,26,15,11,18,199484,1.3,7672
경기,안성시,피부과,44,1,43,1,199484,2.21,4534
경기,안성시,한방내과,42,2,40,2,199484,2.11,4750
경기,안성시,한방부인과,36,0,36,0,199484,1.8,5541
경기,안성시,한방소아과,35,0,35,0,199484,1.75,5700
경기,안성시,한방신경정신과,29,0,29,0,199484,1.45,6879
경기,안성시,한방안·이비인후·피부과,33,0,33,0,199484,1.65,6045
경기,안성시,한방재활의학과,23,0,23,0,199484,1.15,8673
경기,안양동안구,가정의학과,65,29,36,42,327922,1.98,5045
경기,안양동안구,구강내과,117,2,115,2,327922,3.57,2803
경기,안양동안구,구강병리과,68,0,68,0,327922,2.07,4822
경기,안양동안구,구강악안면외과,126,11,115,14,327922,3.84,2603
경기,안양동안구,내과,153,54,99,135,327922,4.67,2143
경기,안양동안구,마취통증의학과,60,22,38,48,327922,1.83,5465
경기,안양동안구,방사선종양학과,1,1,0,2,327922,0.03,327922
경기,안양동안구,병리과,2,1,1,2,327922,0.06,163961
경기,안양동안구,비뇨의학과,52,16,36,22,327922,1.59,6306
경기,안양동안구,사상체질과,125,0,125,0,327922,3.81,2623
경기,안양동안구,산부인과,32,21,11,52,327922,0.98,10248
경기,안양동안구,성형외과,34,9,25,11,327922,1.04,9645
경기,안양동안구,소아청소년과,114,23,91,50,327922,3.48,2877
경기,안양동안구,소아치과,127,4,123,4,327922,3.87,2582
경기,안양동안구,신경과,32,4,28,15,327922,0.98,10248
경기,안양동안구,신경외과,52,10,42,20,327922,1.59,6306
경기,안양동안구,심장혈관흉부외과,6,4,2,9,327922,0.18,54654
경기,안양동안구,안과,29,15,14,36,327922,0.88,11308
경기,안양동안구,영상의학과,17,9,8,31,327922,0.52,19290
경기,안양동안구,영상치의학과,106,0,106,0,327922,3.23,3094
경기,안양동안구,예방치과,119,0,119,0,327922,3.63,2756
경기,안양동안구,외과,51,13,38,32,327922,1.56,6430
경기,안양동안구,응급의학과,2,1,1,13,327922,0.06,163961
경기,안양동안구,이비인후과,84,28,56,39,327922,2.56,3904
경기,안양동안구,재활의학과,53,13,40,21,327922,1.62,6187
경기,안양동안구,정신건강의학과,30,22,8,30,327922,0.91,10931
경기,안양동안구,정형외과,83,29,54,63,327922,2.53,3951
경기,안양동안구,진단검사의학과,4,1,3,5,327922,0.12,81980
경기,안양동안구,치과,1,0,1,0,327922,0.03,327922
경기,안양동안구,치과교정과,110,14,96,14,327922,3.35,2981
경기,안양동안구,치과보존과,137,6,131,6,327922,4.18,2394
경기,안양동안구,치과보철과,143,7,136,9,327922,4.36,2293
경기,안양동안구,치주과,135,5,130,5,327922,4.12,2429
경기,안양동안구,침구과,129,8,121,8,327922,3.93,2542
경기,안양동안구,통합치의학과,106,41,65,44,327922,3.23,3094
경기,안양동안구,피부과,123,14,109,23,327922,3.75,2666
경기,안양동안구,한방내과,133,9,124,9,327922,4.06,2466
경기,안양동안구,한방부인과,129,3,126,3,327922,3.93,2542
경기,안양동안구,한방소아과,129,2,127,2,327922,3.93,2542
경기,안양동안구,한방신경정신과,127,3,124,3,327922,3.87,2582
경기,안양동안구,한방안·이비인후·피부과,130,4,126,4,327922,3.96,2522
경기,안양동안구,한방응급,8,0,8,0,327922,0.24,40990
경기,안양동안구,한방재활의학과,126,6,120,8,327922,3.84,2603
경기,안양동안구,핵의학과,1,1,0,3,327922,0.03,327922
경기,안양만안구,가정의학과,41,14,27,20,234085,1.75,5709
경기,안양만안구,결핵과,2,0,2,0,234085,0.09,117042
경기,안양만안구,구강내과,34,0,34,0,234085,1.45,6885
경기,안양만안구,구강병리과,26,0,26,0,234085,1.11,9003
경기,안양만안구,구강악안면외과,34,2,32,2,234085,1.45,6885
경기,안양만안구,내과,91,29,62,63,234085,3.89,2572
경기,안양만안구,마취통증의학과,37,16,21,21,234085,1.58,6327
경기,안양만안구,방사선종양학과,1,1,0,1,234085,0.04,234085
경기,안양만안구,병리과,2,1,1,1,234085,0.09,117042
경기,안양만안구,비뇨의학과,27,6,21,9,234085,1.15,8670
경기,안양만안구,사상체질과,49,0,49,0,234085,2.09,4777
경기,안양만안구,산부인과,11,8,3,10,234085,0.47,21280
경기,안양만안구,성형외과,12,1,11,6,234085,0.51,19507
경기,안양만안구,소아청소년과,66,10,56,11,234085,2.82,3547
경기,안양만안구,소아치과,35,2,33,2,234085,1.5,6688
경기,안양만안구,신경과,19,5,14,8,234085,0.81,12320
경기,안양만안구,신경외과,40,8,32,13,234085,1.71,5852
경기,안양만안구,심장혈관흉부외과,7,4,3,4,234085,0.3,33441
경기,안양만안구,안과,10,5,5,9,234085,0.43,23408
경기,안양만안구,영상의학과,10,5,5,9,234085,0.43,23408
경기,안양만안구,영상치의학과,32,1,31,1,234085,1.37,7315
경기,안양만안구,예방의학과,2,0,2,0,234085,0.09,117042
경기,안양만안구,예방치과,34,0,34,0,234085,1.45,6885
경기,안양만안구,외과,25,13,12,29,234085,1.07,9363
경기,안양만안구,응급의학과,5,1,4,9,234085,0.21,46817
경기,안양만안구,이비인후과,48,12,36,14,234085,2.05,4877
경기,안양만안구,재활의학과,32,7,25,9,234085,1.37,7315
경기,안양만안구,정신건강의학과,16,8,8,13,234085,0.68,14630
경기,안양만안구,정형외과,57,16,41,22,234085,2.44,4107
경기,안양만안구,직업환경의학과,4,4,0,5,234085,0.17,58521
경기,안양만안구,진단검사의학과,3,2,1,4,234085,0.13,78028
경기,안양만안구,치과,56,0,56,0,234085,2.39,4180
경기,안양만안구,치과교정과,34,0,34,0,234085,1.45,6885
경기,안양만안구,치과보존과,38,2,36,2,234085,1.62,6160
경기,안양만안구,치과보철과,38,7,31,7,234085,1.62,6160
경기,안양만안구,치주과,38,2,36,2,234085,1.62,6160
경기,안양만안구,침구과,61,0,61,0,234085,2.61,3837
경기,안양만안구,통합치의학과,26,14,12,16,234085,1.11,9003
경기,안양만안구,피부과,60,5,55,5,234085,2.56,3901
경기,안양만안구,한방내과,69,3,66,3,234085,2.95,3393
경기,안양만안구,한방부인과,55,1,54,1,234085,2.35,4256
경기,안양만안구,한방소아과,56,0,56,0,234085,2.39,4180
경기,안양만안구,한방신경정신과,55,1,54,1,234085,2.35,4256
경기,안양만안구,한방안·이비인후·피부과,54,2,52,2,234085,2.31,4335
경기,안양만안구,한방응급,7,0,7,0,234085,0.3,33441
경기,안양만안구,한방재활의학과,53,3,50,3,234085,2.26,4417
경기,안양만안구,핵의학과,1,1,0,1,234085,0.04,234085
경기,양주시,가정의학과,39,13,26,14,297605,1.31,7631
경기,양주시,결핵과,2,0,2,0,297605,0.07,148802
경기,양주시,구강내과,51,2,49,2,297605,1.71,5835
경기,양주시,구강병리과,27,0,27,0,297605,0.91,11022
경기,양주시,구강악안면외과,55,5,50,7,297605,1.85,5411
경기,양주시,내과,94,31,63,55,297605,3.16,3166
경기,양주시,마취통증의학과,31,12,19,16,297605,1.04,9600
경기,양주시,병리과,6,0,6,0,297605,0.2,49601
경기,양주시,비뇨의학과,32,6,26,6,297605,1.08,9300
경기,양주시,사상체질과,32,0,32,0,297605,1.08,9300
경기,양주시,산부인과,17,6,11,15,297605,0.57,17506
경기,양주시,성형외과,7,1,6,1,297605,0.24,42515
경기,양주시,소아청소년과,72,19,53,24,297605,2.42,4133
경기,양주시,소아치과,56,3,53,3,297605,1.88,5314
경기,양주시,신경과,27,3,24,3,297605,0.91,11022
경기,양주시,신경외과,34,6,28,8,297605,1.14,8753
경기,양주시,심장혈관흉부외과,5,1,4,1,297605,0.17,59521
경기,양주시,안과,18,7,11,9,297605,0.6,16534
경기,양주시,영상의학과,13,3,10,3,297605,0.44,22893
경기,양주시,영상치의학과,45,0,45,0,297605,1.51,6613
경기,양주시,예방의학과,1,0,1,0,297605,0.03,297605
경기,양주시,예방치과,54,0,54,0,297605,1.81,5511
경기,양주시,외과,42,12,30,16,297605,1.41,7086
경기,양주시,응급의학과,7,1,6,4,297605,0.24,42515
경기,양주시,이비인후과,64,13,51,22,297605,2.15,4650
경기,양주시,재활의학과,32,9,23,11,297605,1.08,9300
경기,양주시,정신건강의학과,12,5,7,10,297605,0.4,24800
경기,양주시,정형외과,53,20,33,38,297605,1.78,5615
경기,양주시,직업환경의학과,1,0,1,0,297605,0.03,297605
경기,양주시,진단검사의학과,5,1,4,1,297605,0.17,59521
경기,양주시,치과,1,0,1,0,297605,0.03,297605
경기,양주시,치과교정과,39,4,35,4,297605,1.31,7631
경기,양주시,치과보존과,59,2,57,4,297605,1.98,5044
경기,양주시,치과보철과,62,4,58,5,297605,2.08,4800
경기,양주시,치주과,58,3,55,5,297605,1.95,5131
경기,양주시,침구과,47,3,44,3,297605,1.58,6332
경기,양주시,통합치의학과,40,22,18,23,297605,1.34,7440
경기,양주시,피부과,65,4,61,6,297605,2.18,4579
경기,양주시,한방내과,50,3,47,3,297605,1.68,5952
경기,양주시,한방부인과,40,2,38,2,297605,1.34,7440
경기,양주시,한방소아과,41,1,40,1,297605,1.38,7259
경기,양주시,한방신경정신과,35,0,35,0,297605,1.18,8503
경기,양주시,한방안·이비인후·피부과,41,0,41,0,297605,1.38,7259
경기,양주시,한방응급,1,0,1,0,297605,0.03,297605
경기,양주시,한방재활의학과,35,3,32,3,297605,1.18,8503
경기,양평군,가정의학과,24,9,15,9,127137,1.89,5297
경기,양평군,구강내과,32,0,32,0,127137,2.52,3973
경기,양평군,구강병리과,25,0,25,0,127137,1.97,5085
경기,양평군,구강악안면외과,30,1,29,1,127137,2.36,4238
경기,양평군,내과,47,9,38,13,127137,3.7,2705
경기,양평군,마취통증의학과,15,6,9,6,127137,1.18,8476
경기,양평군,병리과,1,0,1,0,127137,0.08,127137
경기,양평군,비뇨의학과,18,3,15,3,127137,1.42,7063
경기,양평군,사상체질과,25,0,25,0,127137,1.97,5085
경기,양평군,산부인과,5,3,2,4,127137,0.39,25427
경기,양평군,성형외과,7,0,7,0,127137,0.55,18162
경기,양평군,소아청소년과,25,3,22,3,127137,1.97,5085
경기,양평군,소아치과,32,0,32,0,127137,2.52,3973
경기,양평군,신경과,15,1,14,1,127137,1.18,8476
경기,양평군,신경외과,15,3,12,3,127137,1.18,8476
경기,양평군,심장혈관흉부외과,2,1,1,1,127137,0.16,63568
경기,양평군,안과,10,4,6,5,127137,0.79,12714
경기,양평군,영상의학과,5,3,2,3,127137,0.39,25427
경기,양평군,영상치의학과,30,0,30,0,127137,2.36,4238
경기,양평군,예방의학과,2,0,2,0,127137,0.16,63568
경기,양평군,예방치과,31,0,31,0,127137,2.44,4101
경기,양평군,외과,19,8,11,9,127137,1.49,6691
경기,양평군,응급의학과,2,1,1,1,127137,0.16,63568
경기,양평군,이비인후과,22,2,20,2,127137,1.73,5779
경기,양평군,재활의학과,12,3,9,13,127137,0.94,10595
경기,양평군,정신건강의학과,4,2,2,2,127137,0.31,31784
경기,양평군,정형외과,28,7,21,11,127137,2.2,4541
경기,양평군,진단검사의학과,3,0,3,0,127137,0.24,42379
경기,양평군,치과교정과,28,0,28,0,127137,2.2,4541
경기,양평군,치과보존과,32,0,32,0,127137,2.52,3973
경기,양평군,치과보철과,31,2,29,2,127137,2.44,4101
경기,양평군,치주과,32,1,31,1,127137,2.52,3973
경기,양평군,침구과,38,1,37,1,127137,2.99,3346
경기,양평군,통합치의학과,25,10,15,14,127137,1.97,5085
경기,양평군,피부과,28,1,27,1,127137,2.2,4541
경기,양평군,한방내과,42,1,41,1,127137,3.3,3027
경기,양평군,한방부인과,37,0,37,0,127137,2.91,3436
경기,양평군,한방소아과,36,0,36,0,127137,2.83,3532
경기,양평군,한방신경정신과,33,0,33,0,127137,2.6,3853
경기,양평군,한방안·이비인후·피부과,34,0,34,0,127137,2.67,3739
경기,양평군,한방재활의학과,30,0,30,0,127137,2.36,4238
경기,양평군,핵의학과,1,0,1,0,127137,0.08,127137
경기,여주시,가정의학과,14,6,8,6,113348,1.24,8096
경기,여주시,구강내과,30,0,30,0,113348,2.65,3778
경기,여주시,구강병리과,17,0,17,0,113348,1.5,6668
경기,여주시,구강악안면외과,31,1,30,1,113348,2.73,3656
경기,여주시,내과,46,11,35,22,113348,4.06,2464
경기,여주시,마취통증의학과,8,1,7,1,113348,0.71,14168
경기,여주시,병리과,1,1,0,1,113348,0.09,113348
경기,여주시,비뇨의학과,12,2,10,2,113348,1.06,9446
경기,여주시,사상체질과,23,0,23,0,113348,2.03,4928
경기,여주시,산부인과,10,5,5,5,113348,0.88,11335
경기,여주시,성형외과,2,0,2,0,113348,0.18,56674
경기,여주시,소아청소년과,30,5,25,5,113348,2.65,3778
경기,여주시,소아치과,28,0,28,0,113348,2.47,4048
경기,여주시,신경과,8,2,6,2,113348,0.71,14168
경기,여주시,신경외과,12,8,4,8,113348,1.06,9446
경기,여주시,안과,6,3,3,4,113348,0.53,18891
경기,여주시,영상의학과,4,3,1,3,113348,0.35,28337
경기,여주시,영상치의학과,29,1,28,1,113348,2.56,3909
경기,여주시,예방치과,31,0,31,0,113348,2.73,3656
경기,여주시,외과,19,6,13,7,113348,1.68,5966
경기,여주시,응급의학과,2,2,0,5,113348,0.18,56674
경기,여주시,이비인후과,19,3,16,3,113348,1.68,5966
경기,여주시,재활의학과,12,5,7,5,113348,1.06,9446
경기,여주시,정신건강의학과,4,4,0,11,113348,0.35,28337
경기,여주시,정형외과,24,6,18,12,113348,2.12,4723
경기,여주시,직업환경의학과,1,0,1,0,113348,0.09,113348
경기,여주시,진단검사의학과,1,1,0,1,113348,0.09,113348
경기,여주시,치과교정과,20,0,20,0,113348,1.76,5667
경기,여주시,치과보존과,32,0,32,0,113348,2.82,3542
경기,여주시,치과보철과,32,1,31,1,113348,2.82,3542
경기,여주시,치주과,32,0,32,0,113348,2.82,3542
경기,여주시,침구과,27,0,27,0,113348,2.38,4198
경기,여주시,통합치의학과,23,4,19,4,113348,2.03,4928
경기,여주시,피부과,19,1,18,1,113348,1.68,5966
경기,여주시,한방내과,31,0,31,0,113348,2.73,3656
경기,여주시,한방부인과,28,0,28,0,113348,2.47,4048
경기,여주시,한방소아과,26,0,26,0,113348,2.29,4360
경기,여주시,한방신경정신과,27,0,27,0,113348,2.38,4198
경기,여주시,한방안·이비인후·피부과,27,0,27,0,113348,2.38,4198
경기,여주시,한방응급,10,0,10,0,113348,0.88,11335
경기,여주시,한방재활의학과,26,0,26,0,113348,2.29,4360
경기,연천군,가정의학과,4,1,3,1,43143,0.93,10786
경기,연천군,결핵과,1,1,0,1,43143,0.23,43143
경기,연천군,구강내과,11,0,11,0,43143,2.55,3922
경기,연천군,구강병리과,8,0,8,0,43143,1.85,5393
경기,연천군,구강악안면외과,13,2,11,2,43143,3.01,3319
경기,연천군,내과,17,4,13,5,43143,3.94,2538
경기,연천군,마취통증의학과,3,0,3,0,43143,0.7,14381
경기,연천군,병리과,1,0,1,0,43143,0.23,43143
경기,연천군,비뇨의학과,6,1,5,1,43143,1.39,7190
경기,연천군,사상체질과,3,0,3,0,43143,0.7,14381
경기,연천군,산부인과,2,2,0,3,43143,0.46,21572
경기,연천군,성형외과,2,0,2,0,43143,0.46,21572
경기,연천군,소아청소년과,8,1,7,1,43143,1.85,5393
경기,연천군,소아치과,12,0,12,0,43143,2.78,3595
경기,연천군,신경과,2,0,2,0,43143,0.46,21572
경기,연천군,신경외과,5,1,4,1,43143,1.16,8629
경기,연천군,심장혈관흉부외과,2,1,1,1,43143,0.46,21572
경기,연천군,안과,2,1,1,2,43143,0.46,21572
경기,연천군,영상의학과,1,0,1,0,43143,0.23,43143
경기,연천군,영상치의학과,11,0,11,0,43143,2.55,3922
경기,연천군,예방치과,11,0,11,0,43143,2.55,3922
경기,연천군,외과,7,2,5,2,43143,1.62,6163
경기,연천군,응급의학과,2,0,2,0,43143,0.46,21572
경기,연천군,이비인후과,5,1,4,1,43143,1.16,8629
경기,연천군,재활의학과,2,0,2,0,43143,0.46,21572
경기,연천군,정신건강의학과,3,2,1,2,43143,0.7,14381
경기,연천군,정형외과,10,4,6,4,43143,2.32,4314
경기,연천군,치과교정과,8,0,8,0,43143,1.85,5393
경기,연천군,치과보존과,12,1,11,1,43143,2.78,3595
경기,연천군,치과보철과,15,1,14,2,43143,3.48,2876
경기,연천군,치주과,13,1,12,2,43143,3.01,3319
경기,연천군,침구과,8,0,8,0,43143,1.85,5393
경기,연천군,통합치의학과,13,5,8,5,43143,3.01,3319
경기,연천군,피부과,6,0,6,0,43143,1.39,7190
경기,연천군,한방내과,9,0,9,0,43143,2.09,4794
경기,연천군,한방부인과,4,0,4,0,43143,0.93,10786
경기,연천군,한방소아과,7,0,7,0,43143,1.62,6163
경기,연천군,한방신경정신과,4,0,4,0,43143,0.93,10786
경기,연천군,한방안·이비인후·피부과,6,0,6,0,43143,1.39,7190
경기,연천군,한방재활의학과,4,1,3,1,43143,0.93,10786
경기,오산시,가정의학과,42,15,27,18,255303,1.65,6079
경기,오산시,구강내과,57,0,57,0,255303,2.23,4479
경기,오산시,구강병리과,26,0,26,0,255303,1.02,9819
경기,오산시,구강악안면외과,61,3,58,3,255303,2.39,4185
경기,오산시,내과,95,28,67,49,255303,3.72,2687
경기,오산시,마취통증의학과,30,7,23,9,255303,1.18,8510
경기,오산시,병리과,1,0,1,0,255303,0.04,255303
경기,오산시,비뇨의학과,29,4,25,4,255303,1.14,8804
경기,오산시,사상체질과,38,0,38,0,255303,1.49,6718
경기,오산시,산부인과,14,5,9,10,255303,0.55,18236
경기,오산시,성형외과,21,1,20,1,255303,0.82,12157
경기,오산시,소아청소년과,71,17,54,26,255303,2.78,3596
경기,오산시,소아치과,60,3,57,3,255303,2.35,4255
경기,오산시,신경과,25,2,23,2,255303,0.98,10212
경기,오산시,신경외과,28,7,21,11,255303,1.1,9118
경기,오산시,심장혈관흉부외과,4,1,3,2,255303,0.16,63826
경기,오산시,안과,14,6,8,8,255303,0.55,18236
경기,오산시,영상의학과,11,6,5,9,255303,0.43,23209
경기,오산시,영상치의학과,48,0,48,0,255303,1.88,5319
경기,오산시,예방의학과,1,0,1,0,255303,0.04,255303
경기,오산시,예방치과,55,0,55,0,255303,2.15,4642
경기,오산시,외과,35,13,22,15,255303,1.37,7294
경기,오산시,응급의학과,3,1,2,4,255303,0.12,85101
경기,오산시,이비인후과,55,14,41,18,255303,2.15,4642
경기,오산시,재활의학과,22,7,15,10,255303,0.86,11605
경기,오산시,정신건강의학과,11,4,7,9,255303,0.43,23209
경기,오산시,정형외과,54,15,39,33,255303,2.12,4728
경기,오산시,직업환경의학과,4,2,2,5,255303,0.16,63826
경기,오산시,진단검사의학과,2,1,1,1,255303,0.08,127652
경기,오산시,치과교정과,46,2,44,3,255303,1.8,5550
경기,오산시,치과보존과,76,4,72,4,255303,2.98,3359
경기,오산시,치과보철과,77,5,72,5,255303,3.02,3316
경기,오산시,치주과,63,2,61,2,255303,2.47,4052
경기,오산시,침구과,51,2,49,2,255303,2.0,5006
경기,오산시,통합치의학과,41,16,25,18,255303,1.61,6227
경기,오산시,피부과,58,4,54,4,255303,2.27,4402
경기,오산시,한방내과,53,6,47,6,255303,2.08,4817
경기,오산시,한방부인과,49,2,47,2,255303,1.92,5210
경기,오산시,한방소아과,47,1,46,1,255303,1.84,5432
경기,오산시,한방신경정신과,43,1,42,1,255303,1.68,5937
경기,오산시,한방안·이비인후·피부과,46,0,46,0,255303,1.8,5550
경기,오산시,한방응급,1,0,1,0,255303,0.04,255303
경기,오산시,한방재활의학과,42,1,41,2,255303,1.65,6079
경기,용인기흥구,가정의학과,69,29,40,45,434133,1.59,6292
경기,용인기흥구,구강내과,101,0,101,0,434133,2.33,4298
경기,용인기흥구,구강병리과,45,1,44,1,434133,1.04,9647
경기,용인기흥구,구강악안면외과,108,8,100,9,434133,2.49,4020
경기,용인기흥구,내과,159,59,100,156,434133,3.66,2730
경기,용인기흥구,마취통증의학과,43,14,29,35,434133,0.99,10096
경기,용인기흥구,방사선종양학과,3,1,2,3,434133,0.07,144711
경기,용인기흥구,병리과,7,4,3,47,434133,0.16,62019
경기,용인기흥구,비뇨의학과,46,8,38,10,434133,1.06,9438
경기,용인기흥구,사상체질과,71,1,70,1,434133,1.64,6115
경기,용인기흥구,산부인과,27,15,12,27,434133,0.62,16079
경기,용인기흥구,성형외과,26,3,23,5,434133,0.6,16697
경기,용인기흥구,소아청소년과,121,31,90,58,434133,2.79,3588
경기,용인기흥구,소아치과,113,5,108,5,434133,2.6,3842
경기,용인기흥구,신경과,39,9,30,24,434133,0.9,11132
경기,용인기흥구,신경외과,46,7,39,15,434133,1.06,9438
경기,용인기흥구,심장혈관흉부외과,3,1,2,3,434133,0.07,144711
경기,용인기흥구,안과,24,11,13,18,434133,0.55,18089
경기,용인기흥구,영상의학과,20,7,13,36,434133,0.46,21707
경기,용인기흥구,영상치의학과,91,1,90,1,434133,2.1,4771
경기,용인기흥구,예방의학과,1,0,1,0,434133,0.02,434133
경기,용인기흥구,예방치과,107,0,107,0,434133,2.46,4057
경기,용인기흥구,외과,48,13,35,31,434133,1.11,9044
경기,용인기흥구,응급의학과,5,3,2,18,434133,0.12,86827
경기,용인기흥구,이비인후과,113,24,89,30,434133,2.6,3842
경기,용인기흥구,재활의학과,44,13,31,17,434133,1.01,9867
경기,용인기흥구,정신건강의학과,33,18,15,42,434133,0.76,13156
경기,용인기흥구,정형외과,72,26,46,43,434133,1.66,6030
경기,용인기흥구,직업환경의학과,2,2,0,3,434133,0.05,217066
경기,용인기흥구,진단검사의학과,9,5,4,59,434133,0.21,48237
경기,용인기흥구,치과,3,0,3,0,434133,0.07,144711
경기,용인기흥구,치과교정과,85,3,82,3,434133,1.96,5107
경기,용인기흥구,치과보존과,123,3,120,3,434133,2.83,3530
경기,용인기흥구,치과보철과,123,10,113,10,434133,2.83,3530
경기,용인기흥구,치주과,120,1,119,1,434133,2.76,3618
경기,용인기흥구,침구과,88,5,83,5,434133,2.03,4933
경기,용인기흥구,통합치의학과,75,28,47,32,434133,1.73,5788
경기,용인기흥구,피부과,118,14,104,17,434133,2.72,3679
경기,용인기흥구,한방내과,103,9,94,9,434133,2.37,4215
경기,용인기흥구,한방부인과,92,2,90,2,434133,2.12,4719
경기,용인기흥구,한방소아과,90,1,89,1,434133,2.07,4824
경기,용인기흥구,한방신경정신과,78,1,77,1,434133,1.8,5566
경기,용인기흥구,한방안·이비인후·피부과,83,1,82,1,434133,1.91,5231
경기,용인기흥구,한방응급,1,0,1,0,434133,0.02,434133
경기,용인기흥구,한방재활의학과,75,4,71,4,434133,1.73,5788
경기,용인기흥구,핵의학과,2,1,1,2,434133,0.05,217066
경기,용인수지구,가정의학과,65,22,43,24,368721,1.76,5673
경기,용인수지구,결핵과,1,0,1,0,368721,0.03,368721
경기,용인수지구,구강내과,105,2,103,2,368721,2.85,3512
경기,용인수지구,구강병리과,55,0,55,0,368721,1.49,6704
경기,용인수지구,구강악안면외과,110,2,108,3,368721,2.98,3352
경기,용인수지구,내과,141,51,90,71,368721,3.82,2615
경기,용인수지구,마취통증의학과,56,16,40,19,368721,1.52,6584
경기,용인수지구,방사선종양학과,5,0,5,0,368721,0.14,73744
경기,용인수지구,병리과,6,3,3,13,368721,0.16,61454
경기,용인수지구,비뇨의학과,42,5,37,5,368721,1.14,8779
경기,용인수지구,사상체질과,71,1,70,2,368721,1.93,5193
경기,용인수지구,산부인과,24,13,11,25,368721,0.65,15363
경기,용인수지구,성형외과,23,3,20,3,368721,0.62,16031
경기,용인수지구,소아청소년과,108,26,82,27,368721,2.93,3414
경기,용인수지구,소아치과,117,5,112,7,368721,3.17,3151
경기,용인수지구,신경과,30,5,25,5,368721,0.81,12291
경기,용인수지구,신경외과,43,8,35,11,368721,1.17,8575
경기,용인수지구,심장혈관흉부외과,4,0,4,0,368721,0.11,92180
경기,용인수지구,안과,29,13,16,16,368721,0.79,12715
경기,용인수지구,영상의학과,10,5,5,5,368721,0.27,36872
경기,용인수지구,영상치의학과,92,0,92,0,368721,2.5,4008
경기,용인수지구,예방치과,107,0,107,0,368721,2.9,3446
경기,용인수지구,외과,41,5,36,7,368721,1.11,8993
경기,용인수지구,응급의학과,1,0,1,0,368721,0.03,368721
경기,용인수지구,이비인후과,107,24,83,26,368721,2.9,3446
경기,용인수지구,재활의학과,47,13,34,18,368721,1.27,7845
경기,용인수지구,정신건강의학과,25,11,14,11,368721,0.68,14749
경기,용인수지구,정형외과,73,25,48,28,368721,1.98,5051
경기,용인수지구,진단검사의학과,6,1,5,1,368721,0.16,61454
경기,용인수지구,치과교정과,87,9,78,11,368721,2.36,4238
경기,용인수지구,치과보존과,121,7,114,10,368721,3.28,3047
경기,용인수지구,치과보철과,121,8,113,11,368721,3.28,3047
경기,용인수지구,치주과,118,5,113,6,368721,3.2,3125
경기,용인수지구,침구과,102,8,94,8,368721,2.77,3615
경기,용인수지구,통합치의학과,75,28,47,36,368721,2.03,4916
경기,용인수지구,피부과,104,12,92,16,368721,2.82,3545
경기,용인수지구,한방내과,107,4,103,5,368721,2.9,3446
경기,용인수지구,한방부인과,101,0,101,0,368721,2.74,3651
경기,용인수지구,한방소아과,100,2,98,2,368721,2.71,3687
경기,용인수지구,한방신경정신과,97,1,96,1,368721,2.63,3801
경기,용인수지구,한방안·이비인후·피부과,99,2,97,2,368721,2.68,3724
경기,용인수지구,한방응급,1,0,1,0,368721,0.03,368721
경기,용인수지구,한방재활의학과,84,3,81,3,368721,2.28,4390
경기,용인처인구,가정의학과,45,21,24,22,288583,1.56,6413
경기,용인처인구,결핵과,2,0,2,0,288583,0.07,144292
경기,용인처인구,구강내과,72,0,72,0,288583,2.49,4008
경기,용인처인구,구강병리과,42,0,42,0,288583,1.46,6871
경기,용인처인구,구강악안면외과,69,3,66,3,288583,2.39,4182
경기,용인처인구,내과,100,33,67,55,288583,3.47,2886
경기,용인처인구,마취통증의학과,28,14,14,17,288583,0.97,10307
경기,용인처인구,방사선종양학과,3,0,3,0,288583,0.1,96194
경기,용인처인구,병리과,2,0,2,0,288583,0.07,144292
경기,용인처인구,비뇨의학과,35,8,27,8,288583,1.21,8245
경기,용인처인구,사상체질과,30,0,30,0,288583,1.04,9619
경기,용인처인구,산부인과,10,6,4,13,288583,0.35,28858
경기,용인처인구,성형외과,9,2,7,2,288583,0.31,32065
경기,용인처인구,소아청소년과,73,15,58,18,288583,2.53,3953
경기,용인처인구,소아치과,74,2,72,5,288583,2.56,3900
경기,용인처인구,신경과,20,7,13,8,288583,0.69,14429
경기,용인처인구,신경외과,29,9,20,13,288583,1.0,9951
경기,용인처인구,안과,15,6,9,8,288583,0.52,19239
경기,용인처인구,영상의학과,13,8,5,11,288583,0.45,22199
경기,용인처인구,영상치의학과,59,0,59,0,288583,2.04,4891
경기,용인처인구,예방의학과,1,0,1,0,288583,0.03,288583
경기,용인처인구,예방치과,74,0,74,0,288583,2.56,3900
경기,용인처인구,외과,31,6,25,6,288583,1.07,9309
경기,용인처인구,응급의학과,2,2,0,12,288583,0.07,144292
경기,용인처인구,이비인후과,61,12,49,14,288583,2.11,4731
경기,용인처인구,재활의학과,28,3,25,4,288583,0.97,10307
경기,용인처인구,정신건강의학과,10,6,4,10,288583,0.35,28858
경기,용인처인구,정형외과,52,15,37,25,288583,1.8,5550
경기,용인처인구,직업환경의학과,3,3,0,5,288583,0.1,96194
경기,용인처인구,진단검사의학과,4,2,2,3,288583,0.14,72146
경기,용인처인구,치과,9,0,9,0,288583,0.31,32065
경기,용인처인구,치과교정과,59,1,58,1,288583,2.04,4891
경기,용인처인구,치과보존과,79,1,78,1,288583,2.74,3653
경기,용인처인구,치과보철과,80,5,75,5,288583,2.77,3607
경기,용인처인구,치주과,80,1,79,1,288583,2.77,3607
경기,용인처인구,침구과,47,3,44,3,288583,1.63,6140
경기,용인처인구,통합치의학과,54,29,25,38,288583,1.87,5344
경기,용인처인구,피부과,64,3,61,3,288583,2.22,4509
경기,용인처인구,한방내과,54,0,54,0,288583,1.87,5344
경기,용인처인구,한방부인과,47,0,47,0,288583,1.63,6140
경기,용인처인구,한방소아과,47,0,47,0,288583,1.63,6140
경기,용인처인구,한방신경정신과,42,2,40,2,288583,1.46,6871
경기,용인처인구,한방안·이비인후·피부과,47,0,47,0,288583,1.63,6140
경기,용인처인구,한방재활의학과,37,1,36,1,288583,1.28,7800
경기,의왕시,가정의학과,25,12,13,15,166540,1.5,6662
경기,의왕시,결핵과,1,0,1,0,166540,0.06,166540
경기,의왕시,구강내과,37,0,37,0,166540,2.22,4501
경기,의왕시,구강병리과,23,0,23,0,166540,1.38,7241
경기,의왕시,구강악안면외과,40,2,38,2,166540,2.4,4164
경기,의왕시,내과,59,18,41,21,166540,3.54,2823
경기,의왕시,마취통증의학과,19,4,15,6,166540,1.14,8765
경기,의왕시,병리과,3,0,3,0,166540,0.18,55513
경기,의왕시,비뇨의학과,18,3,15,3,166540,1.08,9252
경기,의왕시,사상체질과,25,0,25,0,166540,1.5,6662
경기,의왕시,산부인과,4,1,3,1,166540,0.24,41635
경기,의왕시,성형외과,5,1,4,1,166540,0.3,33308
경기,의왕시,소아청소년과,44,10,34,13,166540,2.64,3785
경기,의왕시,소아치과,39,1,38,3,166540,2.34,4270
경기,의왕시,신경과,15,1,14,1,166540,0.9,11103
경기,의왕시,신경외과,20,3,17,3,166540,1.2,8327
경기,의왕시,심장혈관흉부외과,5,1,4,1,166540,0.3,33308
경기,의왕시,안과,17,4,13,4,166540,1.02,9796
경기,의왕시,영상의학과,4,0,4,0,166540,0.24,41635
경기,의왕시,영상치의학과,34,0,34,0,166540,2.04,4898
경기,의왕시,예방치과,41,0,41,0,166540,2.46,4062
경기,의왕시,외과,16,3,13,5,166540,0.96,10409
경기,의왕시,응급의학과,4,1,3,1,166540,0.24,41635
경기,의왕시,이비인후과,36,11,25,12,166540,2.16,4626
경기,의왕시,재활의학과,20,1,19,1,166540,1.2,8327
경기,의왕시,정신건강의학과,6,2,4,17,166540,0.36,27757
경기,의왕시,정형외과,28,6,22,6,166540,1.68,5948
경기,의왕시,치과,6,0,6,0,166540,0.36,27757
경기,의왕시,치과교정과,32,1,31,1,166540,1.92,5204
경기,의왕시,치과보존과,42,1,41,1,166540,2.52,3965
경기,의왕시,치과보철과,44,3,41,3,166540,2.64,3785
경기,의왕시,치주과,44,2,42,2,166540,2.64,3785
경기,의왕시,침구과,34,0,34,0,166540,2.04,4898
경기,의왕시,통합치의학과,35,12,23,13,166540,2.1,4758
경기,의왕시,피부과,38,2,36,3,166540,2.28,4383
경기,의왕시,한방내과,37,2,35,2,166540,2.22,4501
경기,의왕시,한방부인과,33,0,33,0,166540,1.98,5047
경기,의왕시,한방소아과,32,0,32,0,166540,1.92,5204
경기,의왕시,한방신경정신과,32,0,32,0,166540,1.92,5204
경기,의왕시,한방안·이비인후·피부과,32,0,32,0,166540,1.92,5204
경기,의왕시,한방응급,1,0,1,0,166540,0.06,166540
경기,의왕시,한방재활의학과,30,1,29,1,166540,1.8,5551
경기,의정부시,가정의학과,84,30,54,40,461977,1.82,5500
경기,의정부시,결핵과,1,0,1,0,461977,0.02,461977
경기,의정부시,구강내과,130,2,128,2,461977,2.81,3554
경기,의정부시,구강병리과,84,0,84,0,461977,1.82,5500
경기,의정부시,구강악안면외과,135,11,124,13,461977,2.92,3422
경기,의정부시,내과,213,70,143,185,461977,4.61,2169
경기,의정부시,마취통증의학과,74,30,44,49,461977,1.6,6243
경기,의정부시,방사선종양학과,2,2,0,4,461977,0.04,230988
경기,의정부시,병리과,6,2,4,6,461977,0.13,76996
경기,의정부시,비뇨의학과,70,21,49,29,461977,1.52,6600
경기,의정부시,사상체질과,104,0,104,0,461977,2.25,4442
경기,의정부시,산부인과,31,19,12,44,461977,0.67,14902
경기,의정부시,성형외과,35,10,25,15,461977,0.76,13199
경기,의정부시,소아청소년과,130,25,105,43,461977,2.81,3554
경기,의정부시,소아치과,136,4,132,4,461977,2.94,3397
경기,의정부시,신경과,63,14,49,30,461977,1.36,7333
경기,의정부시,신경외과,71,22,49,43,461977,1.54,6507
경기,의정부시,심장혈관흉부외과,6,3,3,12,461977,0.13,76996
경기,의정부시,안과,26,14,12,35,461977,0.56,17768
경기,의정부시,영상의학과,37,18,19,34,461977,0.8,12486
경기,의정부시,영상치의학과,118,2,116,2,461977,2.55,3915
경기,의정부시,예방치과,129,0,129,0,461977,2.79,3581
경기,의정부시,외과,75,27,48,66,461977,1.62,6160
경기,의정부시,응급의학과,13,4,9,30,461977,0.28,35537
경기,의정부시,이비인후과,120,29,91,42,461977,2.6,3850
경기,의정부시,재활의학과,73,17,56,24,461977,1.58,6328
경기,의정부시,정신건강의학과,34,22,12,49,461977,0.74,13588
경기,의정부시,정형외과,119,44,75,72,461977,2.58,3882
경기,의정부시,직업환경의학과,3,3,0,8,461977,0.06,153992
경기,의정부시,진단검사의학과,14,6,8,9,461977,0.3,32998
경기,의정부시,치과,1,0,1,0,461977,0.02,461977
경기,의정부시,치과교정과,102,11,91,12,461977,2.21,4529
경기,의정부시,치과보존과,144,7,137,7,461977,3.12,3208
경기,의정부시,치과보철과,150,10,140,10,461977,3.25,3080
경기,의정부시,치주과,143,8,135,8,461977,3.1,3231
경기,의정부시,침구과,115,7,108,10,461977,2.49,4017
경기,의정부시,통합치의학과,110,48,62,62,461977,2.38,4200
경기,의정부시,피부과,139,10,129,13,461977,3.01,3324
경기,의정부시,한방내과,118,12,106,12,461977,2.55,3915
경기,의정부시,한방부인과,108,1,107,1,461977,2.34,4278
경기,의정부시,한방소아과,108,0,108,0,461977,2.34,4278
경기,의정부시,한방신경정신과,107,1,106,1,461977,2.32,4318
경기,의정부시,한방안·이비인후·피부과,109,2,107,2,461977,2.36,4238
경기,의정부시,한방응급,2,0,2,0,461977,0.04,230988
경기,의정부시,한방재활의학과,110,3,107,4,461977,2.38,4200
경기,의정부시,핵의학과,2,2,0,3,461977,0.04,230988
경기,이천시,가정의학과,22,15,7,19,227032,0.97,10320
경기,이천시,구강내과,48,0,48,0,227032,2.11,4730
경기,이천시,구강병리과,23,0,23,0,227032,1.01,9871
경기,이천시,구강악안면외과,49,5,44,5,227032,2.16,4633
경기,이천시,내과,85,29,56,44,227032,3.74,2671
경기,이천시,마취통증의학과,28,10,18,13,227032,1.23,8108
경기,이천시,방사선종양학과,1,0,1,0,227032,0.04,227032
경기,이천시,병리과,2,0,2,0,227032,0.09,113516
경기,이천시,비뇨의학과,25,6,19,7,227032,1.1,9081
경기,이천시,사상체질과,53,0,53,0,227032,2.33,4284
경기,이천시,산부인과,13,8,5,22,227032,0.57,17464
경기,이천시,성형외과,13,3,10,3,227032,0.57,17464
경기,이천시,소아청소년과,59,11,48,16,227032,2.6,3848
경기,이천시,소아치과,47,2,45,2,227032,2.07,4830
경기,이천시,신경과,17,3,14,3,227032,0.75,13355
경기,이천시,신경외과,29,5,24,6,227032,1.28,7829
경기,이천시,심장혈관흉부외과,1,0,1,0,227032,0.04,227032
경기,이천시,안과,12,7,5,8,227032,0.53,18919
경기,이천시,영상의학과,8,3,5,5,227032,0.35,28379
경기,이천시,영상치의학과,43,0,43,0,227032,1.89,5280
경기,이천시,예방치과,49,0,49,0,227032,2.16,4633
경기,이천시,외과,37,12,25,14,227032,1.63,6136
경기,이천시,응급의학과,4,1,3,6,227032,0.18,56758
경기,이천시,이비인후과,46,7,39,7,227032,2.03,4935
경기,이천시,재활의학과,28,4,24,6,227032,1.23,8108
경기,이천시,정신건강의학과,6,5,1,10,227032,0.26,37839
경기,이천시,정형외과,51,19,32,26,227032,2.25,4452
경기,이천시,직업환경의학과,2,2,0,3,227032,0.09,113516
경기,이천시,진단검사의학과,2,1,1,1,227032,0.09,113516
경기,이천시,치과,1,0,1,0,227032,0.04,227032
경기,이천시,치과교정과,39,4,35,4,227032,1.72,5821
경기,이천시,치과보존과,53,2,51,3,227032,2.33,4284
경기,이천시,치과보철과,55,3,52,3,227032,2.42,4128
경기,이천시,치주과,55,3,52,5,227032,2.42,4128
경기,이천시,침구과,54,3,51,3,227032,2.38,4204
경기,이천시,통합치의학과,40,20,20,27,227032,1.76,5676
경기,이천시,피부과,56,3,53,3,227032,2.47,4054
경기,이천시,한방내과,58,2,56,2,227032,2.55,3914
경기,이천시,한방부인과,53,0,53,0,227032,2.33,4284
경기,이천시,한방소아과,51,0,51,0,227032,2.25,4452
경기,이천시,한방신경정신과,53,0,53,0,227032,2.33,4284
경기,이천시,한방안·이비인후·피부과,54,1,53,1,227032,2.38,4204
경기,이천시,한방재활의학과,55,2,53,2,227032,2.42,4128
경기,파주시,가정의학과,85,31,54,36,535692,1.59,6302
경기,파주시,결핵과,1,0,1,0,535692,0.02,535692
경기,파주시,구강내과,93,0,93,0,535692,1.74,5760
경기,파주시,구강병리과,62,0,62,0,535692,1.16,8640
경기,파주시,구강악안면외과,102,8,94,8,535692,1.9,5252
경기,파주시,내과,187,53,134,83,535692,3.49,2865
경기,파주시,마취통증의학과,61,21,40,25,535692,1.14,8782
경기,파주시,방사선종양학과,2,0,2,0,535692,0.04,267846
경기,파주시,병리과,7,0,7,0,535692,0.13,76527
경기,파주시,비뇨의학과,53,8,45,9,535692,0.99,10107
경기,파주시,사상체질과,72,1,71,1,535692,1.34,7440
경기,파주시,산부인과,25,14,11,22,535692,0.47,21428
경기,파주시,성형외과,26,5,21,5,535692,0.49,20604
경기,파주시,소아청소년과,124,29,95,44,535692,2.31,4320
경기,파주시,소아치과,99,4,95,6,535692,1.85,5411
경기,파주시,신경과,53,6,47,7,535692,0.99,10107
경기,파주시,신경외과,71,11,60,12,535692,1.33,7545
경기,파주시,심장혈관흉부외과,14,2,12,2,535692,0.26,38264
경기,파주시,안과,27,12,15,18,535692,0.5,19840
경기,파주시,영상의학과,23,9,14,14,535692,0.43,23291
경기,파주시,영상치의학과,91,0,91,0,535692,1.7,5887
경기,파주시,예방의학과,2,0,2,0,535692,0.04,267846
경기,파주시,예방치과,98,1,97,1,535692,1.83,5466
경기,파주시,외과,70,24,46,27,535692,1.31,7653
경기,파주시,응급의학과,15,4,11,13,535692,0.28,35713
경기,파주시,이비인후과,103,24,79,27,535692,1.92,5201
경기,파주시,재활의학과,62,14,48,17,535692,1.16,8640
경기,파주시,정신건강의학과,24,12,12,19,535692,0.45,22320
경기,파주시,정형외과,103,34,69,56,535692,1.92,5201
경기,파주시,직업환경의학과,2,1,1,1,535692,0.04,267846
경기,파주시,진단검사의학과,7,2,5,2,535692,0.13,76527
경기,파주시,치과,17,0,17,0,535692,0.32,31511
경기,파주시,치과교정과,88,11,77,12,535692,1.64,6087
경기,파주시,치과보존과,111,8,103,9,535692,2.07,4826
경기,파주시,치과보철과,111,11,100,14,535692,2.07,4826
경기,파주시,치주과,109,10,99,10,535692,2.03,4915
경기,파주시,침구과,96,2,94,2,535692,1.79,5580
경기,파주시,통합치의학과,79,42,37,46,535692,1.47,6781
경기,파주시,피부과,122,7,115,9,535692,2.28,4391
경기,파주시,한방내과,108,4,104,4,535692,2.02,4960
경기,파주시,한방부인과,90,3,87,3,535692,1.68,5952
경기,파주시,한방소아과,87,0,87,0,535692,1.62,6157
경기,파주시,한방신경정신과,80,1,79,1,535692,1.49,6696
경기,파주시,한방안·이비인후·피부과,85,1,84,1,535692,1.59,6302
경기,파주시,한방응급,4,0,4,0,535692,0.07,133923
경기,파주시,한방재활의학과,85,4,81,4,535692,1.59,6302
경기,평택시,가정의학과,121,52,69,59,622663,1.94,5146
경기,평택시,결핵과,3,0,3,0,622663,0.05,207554
경기,평택시,구강내과,152,0,152,0,622663,2.44,4096
경기,평택시,구강병리과,88,0,88,0,622663,1.41,7076
경기,평택시,구강악안면외과,152,11,141,12,622663,2.44,4096
경기,평택시,내과,231,65,166,127,622663,3.71,2696
경기,평택시,마취통증의학과,73,26,47,40,622663,1.17,8530
경기,평택시,방사선종양학과,1,1,0,1,622663,0.02,622663
경기,평택시,병리과,5,1,4,2,622663,0.08,124533
경기,평택시,비뇨의학과,80,13,67,14,622663,1.28,7783
경기,평택시,사상체질과,104,2,102,2,622663,1.67,5987
경기,평택시,산부인과,29,20,9,46,622663,0.47,21471
경기,평택시,성형외과,31,5,26,5,622663,0.5,20086
경기,평택시,소아청소년과,155,34,121,56,622663,2.49,4017
경기,평택시,소아치과,159,6,153,7,622663,2.55,3916
경기,평택시,신경과,40,8,32,14,622663,0.64,15567
경기,평택시,신경외과,74,15,59,27,622663,1.19,8414
경기,평택시,심장혈관흉부외과,6,3,3,5,622663,0.1,103777
경기,평택시,안과,29,17,12,28,622663,0.47,21471
경기,평택시,영상의학과,32,15,17,28,622663,0.51,19458
경기,평택시,영상치의학과,137,1,136,1,622663,2.2,4545
경기,평택시,예방의학과,3,0,3,0,622663,0.05,207554
경기,평택시,예방치과,157,1,156,1,622663,2.52,3966
경기,평택시,외과,86,31,55,44,622663,1.38,7240
경기,평택시,응급의학과,14,8,6,31,622663,0.22,44476
경기,평택시,이비인후과,129,27,102,35,622663,2.07,4827
경기,평택시,재활의학과,68,13,55,14,622663,1.09,9157
경기,평택시,정신건강의학과,24,14,10,21,622663,0.39,25944
경기,평택시,정형외과,129,36,93,67,622663,2.07,4827
경기,평택시,직업환경의학과,5,5,0,18,622663,0.08,124533
경기,평택시,진단검사의학과,9,4,5,6,622663,0.14,69185
경기,평택시,치과,4,0,4,0,622663,0.06,155666
경기,평택시,치과교정과,126,19,107,20,622663,2.02,4942
경기,평택시,치과보존과,169,5,164,6,622663,2.71,3684
경기,평택시,치과보철과,172,10,162,11,622663,2.76,3620
경기,평택시,치주과,170,8,162,8,622663,2.73,3663
경기,평택시,침구과,116,3,113,3,622663,1.86,5368
경기,평택시,통합치의학과,129,59,70,70,622663,2.07,4827
경기,평택시,피부과,169,9,160,13,622663,2.71,3684
경기,평택시,한방내과,135,10,125,12,622663,2.17,4612
경기,평택시,한방부인과,120,1,119,1,622663,1.93,5189
경기,평택시,한방소아과,121,1,120,1,622663,1.94,5146
경기,평택시,한방신경정신과,99,2,97,2,622663,1.59,6290
경기,평택시,한방안·이비인후·피부과,117,0,117,0,622663,1.88,5322
경기,평택시,한방응급,8,0,8,0,622663,0.13,77833
경기,평택시,한방재활의학과,96,5,91,5,622663,1.54,6486
경기,평택시,핵의학과,1,1,0,1,622663,0.02,622663
경기,포천시,가정의학과,22,15,7,16,140397,1.57,6382
경기,포천시,구강내과,22,0,22,0,140397,1.57,6382
경기,포천시,구강병리과,17,0,17,0,140397,1.21,8259
경기,포천시,구강악안면외과,27,2,25,2,140397,1.92,5200
경기,포천시,내과,61,17,44,32,140397,4.34,2302
경기,포천시,마취통증의학과,10,4,6,6,140397,0.71,14040
경기,포천시,비뇨의학과,20,7,13,7,140397,1.42,7020
경기,포천시,사상체질과,19,0,19,0,140397,1.35,7389
경기,포천시,산부인과,10,7,3,9,140397,0.71,14040
경기,포천시,성형외과,7,0,7,0,140397,0.5,20057
경기,포천시,소아청소년과,40,7,33,10,140397,2.85,3510
경기,포천시,소아치과,24,1,23,1,140397,1.71,5850
경기,포천시,신경과,8,2,6,3,140397,0.57,17550
경기,포천시,신경외과,17,4,13,8,140397,1.21,8259
경기,포천시,심장혈관흉부외과,1,1,0,1,140397,0.07,140397
경기,포천시,안과,10,5,5,5,140397,0.71,14040
경기,포천시,영상의학과,5,4,1,6,140397,0.36,28079
경기,포천시,영상치의학과,21,0,21,0,140397,1.5,6686
경기,포천시,예방의학과,1,0,1,0,140397,0.07,140397
경기,포천시,예방치과,23,0,23,0,140397,1.64,6104
경기,포천시,외과,24,10,14,13,140397,1.71,5850
경기,포천시,응급의학과,4,3,1,16,140397,0.28,35099
경기,포천시,이비인후과,24,6,18,8,140397,1.71,5850
경기,포천시,재활의학과,10,3,7,4,140397,0.71,14040
경기,포천시,정신건강의학과,6,4,2,7,140397,0.43,23400
경기,포천시,정형외과,28,10,18,18,140397,1.99,5014
경기,포천시,진단검사의학과,3,2,1,2,140397,0.21,46799
경기,포천시,치과,9,0,9,0,140397,0.64,15600
경기,포천시,치과교정과,20,0,20,0,140397,1.42,7020
경기,포천시,치과보존과,29,3,26,3,140397,2.07,4841
경기,포천시,치과보철과,32,0,32,0,140397,2.28,4387
경기,포천시,치주과,28,2,26,2,140397,1.99,5014
경기,포천시,침구과,22,1,21,2,140397,1.57,6382
경기,포천시,통합치의학과,28,15,13,16,140397,1.99,5014
경기,포천시,피부과,34,3,31,4,140397,2.42,4129
경기,포천시,한방내과,26,0,26,0,140397,1.85,5400
경기,포천시,한방부인과,22,0,22,0,140397,1.57,6382
경기,포천시,한방소아과,21,0,21,0,140397,1.5,6686
경기,포천시,한방신경정신과,20,0,20,0,140397,1.42,7020
경기,포천시,한방안·이비인후·피부과,21,0,21,0,140397,1.5,6686
경기,포천시,한방응급,2,0,2,0,140397,0.14,70198
경기,포천시,한방재활의학과,20,1,19,1,140397,1.42,7020
경기,하남시,가정의학과,77,23,54,28,327389,2.35,4252
경기,하남시,결핵과,1,0,1,0,327389,0.03,327389
경기,하남시,구강내과,86,2,84,2,327389,2.63,3807
경기,하남시,구강병리과,56,0,56,0,327389,1.71,5846
경기,하남시,구강악안면외과,88,4,84,4,327389,2.69,3720
경기,하남시,내과,141,48,93,71,327389,4.31,2322
경기,하남시,마취통증의학과,49,19,30,21,327389,1.5,6681
경기,하남시,방사선종양학과,1,0,1,0,327389,0.03,327389
경기,하남시,병리과,1,0,1,0,327389,0.03,327389
경기,하남시,비뇨의학과,36,7,29,7,327389,1.1,9094
경기,하남시,사상체질과,81,3,78,3,327389,2.47,4042
경기,하남시,산부인과,24,16,8,25,327389,0.73,13641
경기,하남시,성형외과,24,2,22,2,327389,0.73,13641
경기,하남시,소아청소년과,113,31,82,43,327389,3.45,2897
경기,하남시,소아치과,92,5,87,7,327389,2.81,3559
경기,하남시,신경과,33,7,26,8,327389,1.01,9921
경기,하남시,신경외과,47,9,38,10,327389,1.44,6966
경기,하남시,심장혈관흉부외과,2,0,2,0,327389,0.06,163694
경기,하남시,안과,18,10,8,16,327389,0.55,18188
경기,하남시,영상의학과,16,10,6,12,327389,0.49,20462
경기,하남시,영상치의학과,82,0,82,0,327389,2.5,3993
경기,하남시,예방의학과,1,0,1,0,327389,0.03,327389
경기,하남시,예방치과,83,0,83,0,327389,2.54,3944
경기,하남시,외과,40,13,27,17,327389,1.22,8185
경기,하남시,응급의학과,7,4,3,4,327389,0.21,46770
경기,하남시,이비인후과,92,24,68,25,327389,2.81,3559
경기,하남시,재활의학과,51,16,35,26,327389,1.56,6419
경기,하남시,정신건강의학과,21,12,9,13,327389,0.64,15590
경기,하남시,정형외과,74,24,50,32,327389,2.26,4424
경기,하남시,진단검사의학과,6,0,6,0,327389,0.18,54565
경기,하남시,치과,4,0,4,0,327389,0.12,81847
경기,하남시,치과교정과,82,10,72,11,327389,2.5,3993
경기,하남시,치과보존과,92,9,83,9,327389,2.81,3559
경기,하남시,치과보철과,91,5,86,5,327389,2.78,3598
경기,하남시,치주과,94,7,87,8,327389,2.87,3483
경기,하남시,침구과,97,6,91,6,327389,2.96,3375
경기,하남시,통합치의학과,68,41,27,46,327389,2.08,4815
경기,하남시,피부과,116,12,104,16,327389,3.54,2822
경기,하남시,한방내과,100,8,92,8,327389,3.05,3274
경기,하남시,한방부인과,95,1,94,1,327389,2.9,3446
경기,하남시,한방소아과,93,0,93,0,327389,2.84,3520
경기,하남시,한방신경정신과,89,2,87,2,327389,2.72,3679
경기,하남시,한방안·이비인후·피부과,91,3,88,3,327389,2.78,3598
경기,하남시,한방응급,2,0,2,0,327389,0.06,163694
경기,하남시,한방재활의학과,86,6,80,6,327389,2.63,3807
경기,화성시,가정의학과,132,52,80,66,1000464,1.32,7579
경기,화성시,결핵과,3,0,3,0,1000464,0.03,333488
경기,화성시,구강내과,217,3,214,3,1000464,2.17,4610
경기,화성시,구강병리과,157,0,157,0,1000464,1.57,6372
경기,화성시,구강악안면외과,233,14,219,16,1000464,2.33,4294
경기,화성시,내과,300,87,213,198,1000464,3.0,3335
경기,화성시,마취통증의학과,100,32,68,51,1000464,1.0,10005
경기,화성시,방사선종양학과,2,1,1,1,1000464,0.02,500232
경기,화성시,병리과,10,1,9,3,1000464,0.1,100046
경기,화성시,비뇨의학과,109,21,88,28,1000464,1.09,9179
경기,화성시,사상체질과,187,2,185,3,1000464,1.87,5350
경기,화성시,산부인과,60,34,26,96,1000464,0.6,16674
경기,화성시,성형외과,49,9,40,13,1000464,0.49,20418
경기,화성시,소아청소년과,237,63,174,127,1000464,2.37,4221
경기,화성시,소아치과,229,16,213,17,1000464,2.29,4369
경기,화성시,신경과,73,12,61,24,1000464,0.73,13705
경기,화성시,신경외과,93,25,68,40,1000464,0.93,10758
경기,화성시,심장혈관흉부외과,15,4,11,8,1000464,0.15,66698
경기,화성시,안과,75,26,49,45,1000464,0.75,13340
경기,화성시,영상의학과,42,19,23,33,1000464,0.42,23821
경기,화성시,영상치의학과,210,1,209,1,1000464,2.1,4764
경기,화성시,예방의학과,5,0,5,0,1000464,0.05,200093
경기,화성시,예방치과,218,0,218,0,1000464,2.18,4589
경기,화성시,외과,108,36,72,59,1000464,1.08,9264
경기,화성시,응급의학과,13,7,6,27,1000464,0.13,76959
경기,화성시,이비인후과,206,52,154,75,1000464,2.06,4857
경기,화성시,재활의학과,94,14,80,17,1000464,0.94,10643
경기,화성시,정신건강의학과,56,30,26,49,1000464,0.56,17865
경기,화성시,정형외과,167,59,108,97,1000464,1.67,5991
경기,화성시,직업환경의학과,7,4,3,11,1000464,0.07,142923
경기,화성시,진단검사의학과,15,5,10,7,1000464,0.15,66698
경기,화성시,치과,2,0,2,0,1000464,0.02,500232
경기,화성시,치과교정과,207,24,183,26,1000464,2.07,4833
경기,화성시,치과보존과,243,10,233,10,1000464,2.43,4117
경기,화성시,치과보철과,243,18,225,18,1000464,2.43,4117
경기,화성시,치주과,239,10,229,10,1000464,2.39,4186
경기,화성시,침구과,204,17,187,18,1000464,2.04,4904
경기,화성시,통합치의학과,181,92,89,110,1000464,1.81,5527
경기,화성시,피부과,265,25,240,35,1000464,2.65,3775
경기,화성시,한방내과,206,16,190,18,1000464,2.06,4857
경기,화성시,한방부인과,200,5,195,6,1000464,2.0,5002
경기,화성시,한방소아과,199,6,193,7,1000464,1.99,5027
경기,화성시,한방신경정신과,197,3,194,3,1000464,1.97,5078
경기,화성시,한방안·이비인후·피부과,199,0,199,0,1000464,1.99,5027
경기,화성시,한방응급,14,0,14,0,1000464,0.14,71462
경기,화성시,한방재활의학과,195,7,188,7,1000464,1.95,5131
경기,화성시,핵의학과,2,1,1,1,1000464,0.02,500232
경남,거제시,가정의학과,32,10,22,12,228774,1.4,7149
경남,거제시,결핵과,1,0,1,0,228774,0.04,228774
경남,거제시,구강내과,47,0,47,0,228774,2.05,4868
경남,거제시,구강병리과,23,0,23,0,228774,1.01,9947
경남,거제시,구강악안면외과,54,3,51,3,228774,2.36,4237
경남,거제시,내과,84,21,63,31,228774,3.67,2724
경남,거제시,마취통증의학과,25,10,15,11,228774,1.09,9151
경남,거제시,방사선종양학과,2,0,2,0,228774,0.09,114387
경남,거제시,병리과,5,0,5,0,228774,0.22,45755
경남,거제시,비뇨의학과,42,6,36,6,228774,1.84,5447
경남,거제시,사상체질과,24,0,24,0,228774,1.05,9532
경남,거제시,산부인과,14,9,5,11,228774,0.61,16341
경남,거제시,성형외과,18,1,17,1,228774,0.79,12710
경남,거제시,소아청소년과,67,12,55,23,228774,2.93,3415
경남,거제시,소아치과,52,0,52,0,228774,2.27,4400
경남,거제시,신경과,11,0,11,0,228774,0.48,20798
경남,거제시,신경외과,30,7,23,9,228774,1.31,7626
경남,거제시,심장혈관흉부외과,2,0,2,0,228774,0.09,114387
경남,거제시,안과,14,4,10,10,228774,0.61,16341
경남,거제시,영상의학과,12,3,9,4,228774,0.52,19064
경남,거제시,영상치의학과,47,0,47,0,228774,2.05,4868
경남,거제시,예방치과,52,0,52,0,228774,2.27,4400
경남,거제시,외과,33,11,22,17,228774,1.44,6933
경남,거제시,응급의학과,2,0,2,0,228774,0.09,114387
경남,거제시,이비인후과,46,8,38,8,228774,2.01,4973
경남,거제시,재활의학과,16,3,13,3,228774,0.7,14298
경남,거제시,정신건강의학과,11,4,7,8,228774,0.48,20798
경남,거제시,정형외과,45,13,32,19,228774,1.97,5084
경남,거제시,직업환경의학과,5,5,0,10,228774,0.22,45755
경남,거제시,진단검사의학과,6,3,3,3,228774,0.26,38129
경남,거제시,치과교정과,32,1,31,1,228774,1.4,7149
경남,거제시,치과보존과,58,0,58,0,228774,2.54,3944
경남,거제시,치과보철과,59,1,58,1,228774,2.58,3878
경남,거제시,치주과,59,2,57,2,228774,2.58,3878
경남,거제시,침구과,43,1,42,1,228774,1.88,5320
경남,거제시,통합치의학과,39,9,30,10,228774,1.7,5866
경남,거제시,피부과,68,1,67,1,228774,2.97,3364
경남,거제시,한방내과,44,0,44,0,228774,1.92,5199
경남,거제시,한방부인과,42,0,42,0,228774,1.84,5447
경남,거제시,한방소아과,42,0,42,0,228774,1.84,5447
경남,거제시,한방신경정신과,37,0,37,0,228774,1.62,6183
경남,거제시,한방안·이비인후·피부과,35,0,35,0,228774,1.53,6536
경남,거제시,한방재활의학과,26,1,25,1,228774,1.14,8799
경남,거창군,가정의학과,14,3,11,4,58737,2.38,4196
경남,거창군,결핵과,1,0,1,0,58737,0.17,58737
경남,거창군,구강내과,13,0,13,0,58737,2.21,4518
경남,거창군,구강병리과,5,0,5,0,58737,0.85,11747
경남,거창군,구강악안면외과,12,0,12,0,58737,2.04,4895
경남,거창군,내과,30,10,20,17,58737,5.11,1958
경남,거창군,마취통증의학과,13,2,11,2,58737,2.21,4518
경남,거창군,방사선종양학과,1,0,1,0,58737,0.17,58737
경남,거창군,비뇨의학과,19,2,17,2,58737,3.23,3091
경남,거창군,사상체질과,10,0,10,0,58737,1.7,5874
경남,거창군,산부인과,7,2,5,2,58737,1.19,8391
경남,거창군,성형외과,5,1,4,1,58737,0.85,11747
경남,거창군,소아청소년과,23,4,19,4,58737,3.92,2554
경남,거창군,소아치과,13,0,13,0,58737,2.21,4518
경남,거창군,신경과,16,2,14,2,58737,2.72,3671
경남,거창군,신경외과,13,2,11,2,58737,2.21,4518
경남,거창군,심장혈관흉부외과,2,0,2,0,58737,0.34,29368
경남,거창군,안과,10,2,8,3,58737,1.7,5874
경남,거창군,영상의학과,10,0,10,0,58737,1.7,5874
경남,거창군,영상치의학과,9,0,9,0,58737,1.53,6526
경남,거창군,예방치과,10,0,10,0,58737,1.7,5874
경남,거창군,외과,19,6,13,7,58737,3.23,3091
경남,거창군,응급의학과,2,0,2,0,58737,0.34,29368
경남,거창군,이비인후과,18,2,16,2,58737,3.06,3263
경남,거창군,재활의학과,10,0,10,0,58737,1.7,5874
경남,거창군,정신건강의학과,4,1,3,1,58737,0.68,14684
경남,거창군,정형외과,18,8,10,8,58737,3.06,3263
경남,거창군,진단검사의학과,7,0,7,0,58737,1.19,8391
경남,거창군,치과교정과,9,0,9,0,58737,1.53,6526
경남,거창군,치과보존과,14,0,14,0,58737,2.38,4196
경남,거창군,치과보철과,16,1,15,1,58737,2.72,3671
경남,거창군,치주과,14,0,14,0,58737,2.38,4196
경남,거창군,침구과,17,0,17,0,58737,2.89,3455
경남,거창군,통합치의학과,8,1,7,1,58737,1.36,7342
경남,거창군,피부과,23,1,22,1,58737,3.92,2554
경남,거창군,한방내과,18,0,18,0,58737,3.06,3263
경남,거창군,한방부인과,15,0,15,0,58737,2.55,3916
경남,거창군,한방소아과,15,0,15,0,58737,2.55,3916
경남,거창군,한방신경정신과,12,1,11,1,58737,2.04,4895
경남,거창군,한방안·이비인후·피부과,14,0,14,0,58737,2.38,4196
경남,거창군,한방재활의학과,12,0,12,0,58737,2.04,4895
경남,고성군,가정의학과,8,4,4,4,46712,1.71,5839
경남,고성군,구강내과,6,0,6,0,46712,1.28,7785
경남,고성군,구강병리과,4,0,4,0,46712,0.86,11678
경남,고성군,구강악안면외과,5,0,5,0,46712,1.07,9342
경남,고성군,내과,23,6,17,9,46712,4.92,2031
경남,고성군,마취통증의학과,11,3,8,4,46712,2.35,4247
경남,고성군,비뇨의학과,13,1,12,1,46712,2.78,3593
경남,고성군,사상체질과,4,0,4,0,46712,0.86,11678
경남,고성군,산부인과,4,1,3,1,46712,0.86,11678
경남,고성군,성형외과,1,0,1,0,46712,0.21,46712
경남,고성군,소아청소년과,15,1,14,1,46712,3.21,3114
경남,고성군,소아치과,7,0,7,0,46712,1.5,6673
경남,고성군,신경과,7,0,7,0,46712,1.5,6673
경남,고성군,신경외과,11,2,9,2,46712,2.35,4247
경남,고성군,심장혈관흉부외과,1,0,1,0,46712,0.21,46712
경남,고성군,안과,5,2,3,2,46712,1.07,9342
경남,고성군,영상의학과,2,1,1,1,46712,0.43,23356
경남,고성군,영상치의학과,4,0,4,0,46712,0.86,11678
경남,고성군,예방치과,7,0,7,0,46712,1.5,6673
경남,고성군,외과,11,2,9,3,46712,2.35,4247
경남,고성군,응급의학과,1,0,1,0,46712,0.21,46712
경남,고성군,이비인후과,11,1,10,1,46712,2.35,4247
경남,고성군,재활의학과,7,0,7,0,46712,1.5,6673
경남,고성군,정신건강의학과,3,1,2,5,46712,0.64,15571
경남,고성군,정형외과,16,4,12,5,46712,3.43,2920
경남,고성군,직업환경의학과,1,0,1,0,46712,0.21,46712
경남,고성군,치과,1,0,1,0,46712,0.21,46712
경남,고성군,치과교정과,3,0,3,0,46712,0.64,15571
경남,고성군,치과보존과,10,0,10,0,46712,2.14,4671
경남,고성군,치과보철과,10,0,10,0,46712,2.14,4671
경남,고성군,치주과,6,0,6,0,46712,1.28,7785
경남,고성군,침구과,9,1,8,1,46712,1.93,5190
경남,고성군,통합치의학과,5,0,5,0,46712,1.07,9342
경남,고성군,피부과,15,0,15,0,46712,3.21,3114
경남,고성군,한방내과,11,0,11,0,46712,2.35,4247
경남,고성군,한방부인과,9,0,9,0,46712,1.93,5190
경남,고성군,한방소아과,9,0,9,0,46712,1.93,5190
경남,고성군,한방신경정신과,7,0,7,0,46712,1.5,6673
경남,고성군,한방안·이비인후·피부과,8,0,8,0,46712,1.71,5839
경남,고성군,한방재활의학과,5,0,5,0,46712,1.07,9342
경남,김해시,가정의학과,91,39,52,50,532854,1.71,5856
경남,김해시,결핵과,1,0,1,0,532854,0.02,532854
경남,김해시,구강내과,145,3,142,3,532854,2.72,3675
경남,김해시,구강병리과,130,0,130,0,532854,2.44,4099
경남,김해시,구강악안면외과,148,9,139,12,532854,2.78,3600
경남,김해시,내과,223,71,152,114,532854,4.19,2389
경남,김해시,마취통증의학과,78,24,54,31,532854,1.46,6831
경남,김해시,병리과,4,0,4,0,532854,0.08,133214
경남,김해시,비뇨의학과,86,16,70,16,532854,1.61,6196
경남,김해시,사상체질과,121,0,121,0,532854,2.27,4404
경남,김해시,산부인과,30,22,8,41,532854,0.56,17762
경남,김해시,성형외과,37,3,34,3,532854,0.69,14401
경남,김해시,소아청소년과,152,39,113,61,532854,2.85,3506
경남,김해시,소아치과,146,4,142,6,532854,2.74,3650
경남,김해시,신경과,68,9,59,13,532854,1.28,7836
경남,김해시,신경외과,77,22,55,27,532854,1.45,6920
경남,김해시,심장혈관흉부외과,4,1,3,1,532854,0.08,133214
경남,김해시,안과,35,15,20,25,532854,0.66,15224
경남,김해시,영상의학과,40,14,26,23,532854,0.75,13321
경남,김해시,영상치의학과,139,0,139,0,532854,2.61,3833
경남,김해시,예방의학과,2,0,2,0,532854,0.04,266427
경남,김해시,예방치과,147,0,147,0,532854,2.76,3625
경남,김해시,외과,77,33,44,41,532854,1.45,6920
경남,김해시,응급의학과,6,4,2,16,532854,0.11,88809
경남,김해시,이비인후과,136,28,108,31,532854,2.55,3918
경남,김해시,재활의학과,70,13,57,20,532854,1.31,7612
경남,김해시,정신건강의학과,24,16,8,33,532854,0.45,22202
경남,김해시,정형외과,109,35,74,50,532854,2.05,4889
경남,김해시,직업환경의학과,3,2,1,6,532854,0.06,177618
경남,김해시,진단검사의학과,12,4,8,4,532854,0.23,44404
경남,김해시,치과교정과,136,6,130,7,532854,2.55,3918
경남,김해시,치과보존과,148,2,146,3,532854,2.78,3600
경남,김해시,치과보철과,148,6,142,6,532854,2.78,3600
경남,김해시,치주과,149,5,144,7,532854,2.8,3576
경남,김해시,침구과,135,2,133,4,532854,2.53,3947
경남,김해시,통합치의학과,51,34,17,46,532854,0.96,10448
경남,김해시,피부과,168,10,158,10,532854,3.15,3172
경남,김해시,한방내과,144,5,139,5,532854,2.7,3700
경남,김해시,한방부인과,130,2,128,2,532854,2.44,4099
경남,김해시,한방소아과,126,1,125,1,532854,2.36,4229
경남,김해시,한방신경정신과,129,0,129,0,532854,2.42,4131
경남,김해시,한방안·이비인후·피부과,129,1,128,1,532854,2.42,4131
경남,김해시,한방응급,14,0,14,0,532854,0.26,38061
경남,김해시,한방재활의학과,125,4,121,4,532854,2.35,4263
경남,남해군,가정의학과,4,1,3,1,41073,0.97,10268
경남,남해군,구강내과,5,0,5,0,41073,1.22,8215
경남,남해군,구강병리과,2,0,2,0,41073,0.49,20536
경남,남해군,구강악안면외과,4,0,4,0,41073,0.97,10268
경남,남해군,내과,30,4,26,5,41073,7.3,1369
경남,남해군,마취통증의학과,8,2,6,2,41073,1.95,5134
경남,남해군,비뇨의학과,10,1,9,1,41073,2.43,4107
경남,남해군,사상체질과,7,0,7,0,41073,1.7,5868
경남,남해군,산부인과,1,1,0,1,41073,0.24,41073
경남,남해군,소아청소년과,18,2,16,2,41073,4.38,2282
경남,남해군,소아치과,5,0,5,0,41073,1.22,8215
경남,남해군,신경과,5,1,4,1,41073,1.22,8215
경남,남해군,신경외과,3,1,2,1,41073,0.73,13691
경남,남해군,안과,4,1,3,1,41073,0.97,10268
경남,남해군,영상의학과,4,1,3,1,41073,0.97,10268
경남,남해군,영상치의학과,4,0,4,0,41073,0.97,10268
경남,남해군,예방치과,5,0,5,0,41073,1.22,8215
경남,남해군,외과,10,2,8,2,41073,2.43,4107
경남,남해군,응급의학과,1,0,1,0,41073,0.24,41073
경남,남해군,이비인후과,13,0,13,0,41073,3.17,3159
경남,남해군,재활의학과,2,0,2,0,41073,0.49,20536
경남,남해군,정형외과,16,2,14,2,41073,3.9,2567
경남,남해군,진단검사의학과,2,0,2,0,41073,0.49,20536
경남,남해군,치과교정과,2,0,2,0,41073,0.49,20536
경남,남해군,치과보존과,8,0,8,0,41073,1.95,5134
경남,남해군,치과보철과,9,0,9,0,41073,2.19,4564
경남,남해군,치주과,7,0,7,0,41073,1.7,5868
경남,남해군,침구과,9,0,9,0,41073,2.19,4564
경남,남해군,통합치의학과,3,1,2,2,41073,0.73,13691
경남,남해군,피부과,16,0,16,0,41073,3.9,2567
경남,남해군,한방내과,18,1,17,1,41073,4.38,2282
경남,남해군,한방부인과,9,0,9,0,41073,2.19,4564
경남,남해군,한방소아과,8,0,8,0,41073,1.95,5134
경남,남해군,한방신경정신과,8,0,8,0,41073,1.95,5134
경남,남해군,한방안·이비인후·피부과,8,0,8,0,41073,1.95,5134
경남,남해군,한방재활의학과,7,0,7,0,41073,1.7,5868
경남,밀양시,가정의학과,18,9,9,9,98305,1.83,5461
경남,밀양시,구강내과,21,0,21,0,98305,2.14,4681
경남,밀양시,구강병리과,10,0,10,0,98305,1.02,9830
경남,밀양시,구강악안면외과,23,0,23,0,98305,2.34,4274
경남,밀양시,내과,48,15,33,22,98305,4.88,2048
경남,밀양시,마취통증의학과,18,7,11,7,98305,1.83,5461
경남,밀양시,병리과,3,0,3,0,98305,0.31,32768
경남,밀양시,비뇨의학과,22,3,19,3,98305,2.24,4468
경남,밀양시,사상체질과,13,0,13,0,98305,1.32,7562
경남,밀양시,산부인과,8,5,3,6,98305,0.81,12288
경남,밀양시,성형외과,2,0,2,0,98305,0.2,49152
경남,밀양시,소아청소년과,31,3,28,6,98305,3.15,3171
경남,밀양시,소아치과,22,0,22,0,98305,2.24,4468
경남,밀양시,신경과,16,2,14,2,98305,1.63,6144
경남,밀양시,신경외과,13,3,10,3,98305,1.32,7562
경남,밀양시,안과,12,6,6,6,98305,1.22,8192
경남,밀양시,영상의학과,15,3,12,4,98305,1.53,6554
경남,밀양시,영상치의학과,20,0,20,0,98305,2.03,4915
경남,밀양시,예방치과,24,0,24,0,98305,2.44,4096
경남,밀양시,외과,21,5,16,6,98305,2.14,4681
경남,밀양시,응급의학과,1,1,0,1,98305,0.1,98305
경남,밀양시,이비인후과,21,3,18,4,98305,2.14,4681
경남,밀양시,재활의학과,12,0,12,0,98305,1.22,8192
경남,밀양시,정신건강의학과,6,3,3,6,98305,0.61,16384
경남,밀양시,정형외과,32,7,25,8,98305,3.26,3072
경남,밀양시,직업환경의학과,1,1,0,1,98305,0.1,98305
경남,밀양시,진단검사의학과,4,0,4,0,98305,0.41,24576
경남,밀양시,치과교정과,8,0,8,0,98305,0.81,12288
경남,밀양시,치과보존과,24,0,24,0,98305,2.44,4096
경남,밀양시,치과보철과,24,1,23,1,98305,2.44,4096
경남,밀양시,치주과,23,1,22,1,98305,2.34,4274
경남,밀양시,침구과,28,0,28,0,98305,2.85,3511
경남,밀양시,통합치의학과,15,3,12,3,98305,1.53,6554
경남,밀양시,피부과,31,1,30,1,98305,3.15,3171
경남,밀양시,한방내과,32,0,32,0,98305,3.26,3072
경남,밀양시,한방부인과,29,0,29,0,98305,2.95,3390
경남,밀양시,한방소아과,28,0,28,0,98305,2.85,3511
경남,밀양시,한방신경정신과,27,0,27,0,98305,2.75,3641
경남,밀양시,한방안·이비인후·피부과,27,0,27,0,98305,2.75,3641
경남,밀양시,한방재활의학과,16,0,16,0,98305,1.63,6144
경남,사천시,가정의학과,22,8,14,8,107796,2.04,4900
경남,사천시,결핵과,1,0,1,0,107796,0.09,107796
경남,사천시,구강내과,21,0,21,0,107796,1.95,5133
경남,사천시,구강병리과,10,0,10,0,107796,0.93,10780
경남,사천시,구강악안면외과,23,1,22,1,107796,2.13,4687
경남,사천시,내과,48,16,32,26,107796,4.45,2246
경남,사천시,마취통증의학과,22,7,15,7,107796,2.04,4900
경남,사천시,방사선종양학과,1,0,1,0,107796,0.09,107796
경남,사천시,병리과,1,0,1,0,107796,0.09,107796
경남,사천시,비뇨의학과,20,2,18,3,107796,1.86,5390
경남,사천시,사상체질과,13,0,13,0,107796,1.21,8292
경남,사천시,산부인과,7,4,3,5,107796,0.65,15399
경남,사천시,성형외과,11,0,11,0,107796,1.02,9800
경남,사천시,소아청소년과,32,5,27,12,107796,2.97,3369
경남,사천시,소아치과,25,0,25,0,107796,2.32,4312
경남,사천시,신경과,13,5,8,5,107796,1.21,8292
경남,사천시,신경외과,20,4,16,4,107796,1.86,5390
경남,사천시,심장혈관흉부외과,1,0,1,0,107796,0.09,107796
경남,사천시,안과,12,3,9,3,107796,1.11,8983
경남,사천시,영상의학과,6,3,3,5,107796,0.56,17966
경남,사천시,영상치의학과,19,0,19,0,107796,1.76,5673
경남,사천시,예방의학과,1,0,1,0,107796,0.09,107796
경남,사천시,예방치과,23,0,23,0,107796,2.13,4687
경남,사천시,외과,22,8,14,10,107796,2.04,4900
경남,사천시,응급의학과,5,1,4,1,107796,0.46,21559
경남,사천시,이비인후과,28,3,25,3,107796,2.6,3850
경남,사천시,재활의학과,16,3,13,3,107796,1.48,6737
경남,사천시,정신건강의학과,9,5,4,15,107796,0.83,11977
경남,사천시,정형외과,30,8,22,13,107796,2.78,3593
경남,사천시,직업환경의학과,2,1,1,1,107796,0.19,53898
경남,사천시,진단검사의학과,1,0,1,0,107796,0.09,107796
경남,사천시,치과교정과,9,0,9,0,107796,0.83,11977
경남,사천시,치과보존과,27,0,27,0,107796,2.5,3992
경남,사천시,치과보철과,28,1,27,1,107796,2.6,3850
경남,사천시,치주과,27,2,25,2,107796,2.5,3992
경남,사천시,침구과,27,2,25,2,107796,2.5,3992
경남,사천시,통합치의학과,17,4,13,4,107796,1.58,6341
경남,사천시,피부과,36,0,36,0,107796,3.34,2994
경남,사천시,한방내과,31,1,30,1,107796,2.88,3477
경남,사천시,한방부인과,26,1,25,1,107796,2.41,4146
경남,사천시,한방소아과,24,1,23,1,107796,2.23,4492
경남,사천시,한방신경정신과,18,0,18,0,107796,1.67,5989
경남,사천시,한방안·이비인후·피부과,16,0,16,0,107796,1.48,6737
경남,사천시,한방응급,1,0,1,0,107796,0.09,107796
경남,사천시,한방재활의학과,18,0,18,0,107796,1.67,5989
경남,사천시,핵의학과,1,0,1,0,107796,0.09,107796
경남,산청군,가정의학과,12,5,7,5,32628,3.68,2719
경남,산청군,구강내과,5,0,5,0,32628,1.53,6526
경남,산청군,구강병리과,4,0,4,0,32628,1.23,8157
경남,산청군,구강악안면외과,5,0,5,0,32628,1.53,6526
경남,산청군,내과,18,0,18,0,32628,5.52,1813
경남,산청군,마취통증의학과,10,0,10,0,32628,3.06,3263
경남,산청군,비뇨의학과,11,0,11,0,32628,3.37,2966
경남,산청군,사상체질과,10,0,10,0,32628,3.06,3263
경남,산청군,산부인과,6,1,5,1,32628,1.84,5438
경남,산청군,성형외과,3,0,3,0,32628,0.92,10876
경남,산청군,소아청소년과,15,0,15,0,32628,4.6,2175
경남,산청군,신경과,9,0,9,0,32628,2.76,3625
경남,산청군,신경외과,4,0,4,0,32628,1.23,8157
경남,산청군,심장혈관흉부외과,1,0,1,0,32628,0.31,32628
경남,산청군,안과,4,1,3,1,32628,1.23,8157
경남,산청군,영상치의학과,5,0,5,0,32628,1.53,6526
경남,산청군,예방의학과,1,0,1,0,32628,0.31,32628
경남,산청군,예방치과,5,0,5,0,32628,1.53,6526
경남,산청군,외과,13,3,10,3,32628,3.98,2510
경남,산청군,응급의학과,1,0,1,0,32628,0.31,32628
경남,산청군,이비인후과,15,0,15,0,32628,4.6,2175
경남,산청군,재활의학과,3,0,3,0,32628,0.92,10876
경남,산청군,정신건강의학과,2,0,2,0,32628,0.61,16314
경남,산청군,정형외과,13,0,13,0,32628,3.98,2510
경남,산청군,치과교정과,4,0,4,0,32628,1.23,8157
경남,산청군,치과보존과,5,0,5,0,32628,1.53,6526
경남,산청군,치과보철과,5,0,5,0,32628,1.53,6526
경남,산청군,치주과,6,0,6,0,32628,1.84,5438
경남,산청군,침구과,14,0,14,0,32628,4.29,2331
경남,산청군,통합치의학과,1,0,1,0,32628,0.31,32628
경남,산청군,피부과,17,0,17,0,32628,5.21,1919
경남,산청군,한방내과,14,0,14,0,32628,4.29,2331
경남,산청군,한방부인과,13,1,12,1,32628,3.98,2510
경남,산청군,한방소아과,12,0,12,0,32628,3.68,2719
경남,산청군,한방신경정신과,10,0,10,0,32628,3.06,3263
경남,산청군,한방안·이비인후·피부과,10,0,10,0,32628,3.06,3263
경남,산청군,한방응급,6,0,6,0,32628,1.84,5438
경남,산청군,한방재활의학과,10,0,10,0,32628,3.06,3263
경남,양산시,가정의학과,67,24,43,34,361044,1.86,5389
경남,양산시,결핵과,3,0,3,0,361044,0.08,120348
경남,양산시,구강내과,76,1,75,4,361044,2.11,4751
경남,양산시,구강병리과,41,0,41,0,361044,1.14,8806
경남,양산시,구강악안면외과,78,11,67,19,361044,2.16,4629
경남,양산시,내과,168,57,111,148,361044,4.65,2149
경남,양산시,마취통증의학과,46,22,24,43,361044,1.27,7849
경남,양산시,방사선종양학과,1,1,0,3,361044,0.03,361044
경남,양산시,병리과,5,1,4,8,361044,0.14,72209
경남,양산시,비뇨의학과,68,7,61,14,361044,1.88,5309
경남,양산시,사상체질과,77,1,76,2,361044,2.13,4689
경남,양산시,산부인과,26,14,12,27,361044,0.72,13886
경남,양산시,성형외과,21,2,19,4,361044,0.58,17193
경남,양산시,소아청소년과,127,27,100,74,361044,3.52,2843
경남,양산시,소아치과,81,6,75,9,361044,2.24,4457
경남,양산시,신경과,39,4,35,17,361044,1.08,9258
경남,양산시,신경외과,46,11,35,20,361044,1.27,7849
경남,양산시,심장혈관흉부외과,6,2,4,14,361044,0.17,60174
경남,양산시,안과,26,11,15,16,361044,0.72,13886
경남,양산시,영상의학과,29,10,19,27,361044,0.8,12450
경남,양산시,영상치의학과,74,1,73,3,361044,2.05,4879
경남,양산시,예방의학과,2,0,2,0,361044,0.06,180522
경남,양산시,예방치과,77,0,77,0,361044,2.13,4689
경남,양산시,외과,63,17,46,38,361044,1.74,5731
경남,양산시,응급의학과,6,3,3,11,361044,0.17,60174
경남,양산시,이비인후과,92,20,72,29,361044,2.55,3924
경남,양산시,재활의학과,37,7,30,14,361044,1.02,9758
경남,양산시,정신건강의학과,19,14,5,35,361044,0.53,19002
경남,양산시,정형외과,77,25,52,41,361044,2.13,4689
경남,양산시,직업환경의학과,1,1,0,5,361044,0.03,361044
경남,양산시,진단검사의학과,9,4,5,11,361044,0.25,40116
경남,양산시,치과교정과,64,4,60,8,361044,1.77,5641
경남,양산시,치과보존과,85,4,81,8,361044,2.35,4248
경남,양산시,치과보철과,85,6,79,10,361044,2.35,4248
경남,양산시,치주과,84,5,79,8,361044,2.33,4298
경남,양산시,침구과,99,5,94,8,361044,2.74,3647
경남,양산시,통합치의학과,64,30,34,35,361044,1.77,5641
경남,양산시,피부과,127,8,119,13,361044,3.52,2843
경남,양산시,한방내과,102,6,96,12,361044,2.83,3540
경남,양산시,한방부인과,90,4,86,4,361044,2.49,4012
경남,양산시,한방소아과,88,1,87,2,361044,2.44,4103
경남,양산시,한방신경정신과,84,1,83,1,361044,2.33,4298
경남,양산시,한방안·이비인후·피부과,84,2,82,4,361044,2.33,4298
경남,양산시,한방응급,4,0,4,0,361044,0.11,90261
경남,양산시,한방재활의학과,79,5,74,10,361044,2.19,4570
경남,양산시,핵의학과,1,1,0,1,361044,0.03,361044
경남,의령군,가정의학과,3,1,2,1,24518,1.22,8173
경남,의령군,구강내과,5,0,5,0,24518,2.04,4904
경남,의령군,구강병리과,2,0,2,0,24518,0.82,12259
경남,의령군,구강악안면외과,3,0,3,0,24518,1.22,8173
경남,의령군,내과,13,2,11,2,24518,5.3,1886
경남,의령군,마취통증의학과,4,1,3,1,24518,1.63,6130
경남,의령군,병리과,1,0,1,0,24518,0.41,24518
경남,의령군,비뇨의학과,8,0,8,0,24518,3.26,3065
경남,의령군,사상체질과,4,0,4,0,24518,1.63,6130
경남,의령군,산부인과,2,0,2,0,24518,0.82,12259
경남,의령군,소아청소년과,10,0,10,0,24518,4.08,2452
경남,의령군,소아치과,6,0,6,0,24518,2.45,4086
경남,의령군,신경과,2,0,2,0,24518,0.82,12259
경남,의령군,신경외과,4,1,3,1,24518,1.63,6130
경남,의령군,안과,3,0,3,0,24518,1.22,8173
경남,의령군,영상의학과,2,0,2,0,24518,0.82,12259
경남,의령군,영상치의학과,5,0,5,0,24518,2.04,4904
경남,의령군,예방치과,6,0,6,0,24518,2.45,4086
경남,의령군,외과,5,1,4,1,24518,2.04,4904
경남,의령군,이비인후과,8,1,7,1,24518,3.26,3065
경남,의령군,재활의학과,2,0,2,0,24518,0.82,12259
경남,의령군,정신건강의학과,1,1,0,3,24518,0.41,24518
경남,의령군,정형외과,9,2,7,2,24518,3.67,2724
경남,의령군,치과교정과,1,0,1,0,24518,0.41,24518
경남,의령군,치과보존과,6,0,6,0,24518,2.45,4086
경남,의령군,치과보철과,6,0,6,0,24518,2.45,4086
경남,의령군,치주과,6,0,6,0,24518,2.45,4086
경남,의령군,침구과,7,0,7,0,24518,2.86,3503
경남,의령군,통합치의학과,4,1,3,1,24518,1.63,6130
경남,의령군,피부과,10,0,10,0,24518,4.08,2452
경남,의령군,한방내과,7,0,7,0,24518,2.86,3503
경남,의령군,한방부인과,6,0,6,0,24518,2.45,4086
경남,의령군,한방소아과,6,0,6,0,24518,2.45,4086
경남,의령군,한방신경정신과,6,0,6,0,24518,2.45,4086
경남,의령군,한방안·이비인후·피부과,6,0,6,0,24518,2.45,4086
경남,의령군,한방재활의학과,4,0,4,0,24518,1.63,6130
경남,진주시,가정의학과,52,21,31,26,334017,1.56,6423
경남,진주시,구강내과,60,0,60,0,334017,1.8,5567
경남,진주시,구강병리과,34,0,34,0,334017,1.02,9824
경남,진주시,구강악안면외과,96,4,92,4,334017,2.87,3479
경남,진주시,내과,150,61,89,161,334017,4.49,2227
경남,진주시,마취통증의학과,52,26,26,40,334017,1.56,6423
경남,진주시,방사선종양학과,1,1,0,1,334017,0.03,334017
경남,진주시,병리과,3,3,0,7,334017,0.09,111339
경남,진주시,비뇨의학과,53,12,41,18,334017,1.59,6302
경남,진주시,사상체질과,51,0,51,0,334017,1.53,6549
경남,진주시,산부인과,23,16,7,36,334017,0.69,14522
경남,진주시,성형외과,28,9,19,11,334017,0.84,11929
경남,진주시,소아청소년과,100,29,71,43,334017,2.99,3340
경남,진주시,소아치과,67,2,65,3,334017,2.01,4985
경남,진주시,신경과,48,13,35,27,334017,1.44,6959
경남,진주시,신경외과,45,16,29,29,334017,1.35,7423
경남,진주시,심장혈관흉부외과,4,2,2,7,334017,0.12,83504
경남,진주시,안과,32,14,18,22,334017,0.96,10438
경남,진주시,영상의학과,25,15,10,39,334017,0.75,13361
경남,진주시,영상치의학과,59,0,59,0,334017,1.77,5661
경남,진주시,예방의학과,2,0,2,0,334017,0.06,167008
경남,진주시,예방치과,66,0,66,0,334017,1.98,5061
경남,진주시,외과,57,24,33,58,334017,1.71,5860
경남,진주시,응급의학과,5,4,1,19,334017,0.15,66803
경남,진주시,이비인후과,74,19,55,24,334017,2.22,4514
경남,진주시,재활의학과,47,13,34,19,334017,1.41,7107
경남,진주시,정신건강의학과,17,13,4,32,334017,0.51,19648
경남,진주시,정형외과,85,27,58,52,334017,2.54,3930
경남,진주시,직업환경의학과,3,2,1,7,334017,0.09,111339
경남,진주시,진단검사의학과,4,3,1,4,334017,0.12,83504
경남,진주시,치과,1,0,1,0,334017,0.03,334017
경남,진주시,치과교정과,43,8,35,8,334017,1.29,7768
경남,진주시,치과보존과,75,2,73,2,334017,2.25,4454
경남,진주시,치과보철과,82,8,74,8,334017,2.45,4073
경남,진주시,치주과,73,5,68,5,334017,2.19,4576
경남,진주시,침구과,88,3,85,4,334017,2.63,3796
경남,진주시,통합치의학과,44,18,26,21,334017,1.32,7591
경남,진주시,피부과,104,10,94,11,334017,3.11,3212
경남,진주시,한방내과,106,3,103,3,334017,3.17,3151
경남,진주시,한방부인과,95,2,93,2,334017,2.84,3516
경남,진주시,한방소아과,89,1,88,1,334017,2.66,3753
경남,진주시,한방신경정신과,78,0,78,0,334017,2.34,4282
경남,진주시,한방안·이비인후·피부과,81,0,81,0,334017,2.43,4124
경남,진주시,한방응급,2,0,2,0,334017,0.06,167008
경남,진주시,한방재활의학과,59,2,57,2,334017,1.77,5661
경남,진주시,핵의학과,1,1,0,1,334017,0.03,334017
경남,창녕군,가정의학과,12,4,8,4,54173,2.22,4514
경남,창녕군,결핵과,1,0,1,0,54173,0.18,54173
경남,창녕군,구강내과,10,0,10,0,54173,1.85,5417
경남,창녕군,구강병리과,4,0,4,0,54173,0.74,13543
경남,창녕군,구강악안면외과,10,1,9,1,54173,1.85,5417
경남,창녕군,내과,34,7,27,9,54173,6.28,1593
경남,창녕군,마취통증의학과,10,3,7,3,54173,1.85,5417
경남,창녕군,방사선종양학과,1,0,1,0,54173,0.18,54173
경남,창녕군,병리과,2,0,2,0,54173,0.37,27086
경남,창녕군,비뇨의학과,18,1,17,1,54173,3.32,3010
경남,창녕군,사상체질과,9,0,9,0,54173,1.66,6019
경남,창녕군,산부인과,5,1,4,1,54173,0.92,10835
경남,창녕군,성형외과,2,0,2,0,54173,0.37,27086
경남,창녕군,소아청소년과,20,1,19,1,54173,3.69,2709
경남,창녕군,소아치과,9,0,9,0,54173,1.66,6019
경남,창녕군,신경과,11,0,11,0,54173,2.03,4925
경남,창녕군,신경외과,14,2,12,2,54173,2.58,3870
경남,창녕군,심장혈관흉부외과,1,0,1,0,54173,0.18,54173
경남,창녕군,안과,11,2,9,2,54173,2.03,4925
경남,창녕군,영상의학과,4,1,3,1,54173,0.74,13543
경남,창녕군,영상치의학과,6,0,6,0,54173,1.11,9029
경남,창녕군,예방의학과,2,0,2,0,54173,0.37,27086
경남,창녕군,예방치과,7,0,7,0,54173,1.29,7739
경남,창녕군,외과,23,10,13,10,54173,4.25,2355
경남,창녕군,응급의학과,1,0,1,0,54173,0.18,54173
경남,창녕군,이비인후과,19,1,18,1,54173,3.51,2851
경남,창녕군,재활의학과,4,0,4,0,54173,0.74,13543
경남,창녕군,정신건강의학과,8,2,6,6,54173,1.48,6772
경남,창녕군,정형외과,22,3,19,4,54173,4.06,2462
경남,창녕군,직업환경의학과,1,0,1,0,54173,0.18,54173
경남,창녕군,진단검사의학과,1,0,1,0,54173,0.18,54173
경남,창녕군,치과교정과,6,0,6,0,54173,1.11,9029
경남,창녕군,치과보존과,12,0,12,0,54173,2.22,4514
경남,창녕군,치과보철과,12,0,12,0,54173,2.22,4514
경남,창녕군,치주과,12,0,12,0,54173,2.22,4514
경남,창녕군,침구과,11,0,11,0,54173,2.03,4925
경남,창녕군,통합치의학과,9,2,7,2,54173,1.66,6019
경남,창녕군,피부과,24,1,23,1,54173,4.43,2257
경남,창녕군,한방내과,16,1,15,1,54173,2.95,3386
경남,창녕군,한방부인과,11,0,11,0,54173,2.03,4925
경남,창녕군,한방소아과,10,0,10,0,54173,1.85,5417
경남,창녕군,한방신경정신과,7,0,7,0,54173,1.29,7739
경남,창녕군,한방안·이비인후·피부과,10,0,10,0,54173,1.85,5417
경남,창녕군,한방재활의학과,8,0,8,0,54173,1.48,6772
경남,창녕군,핵의학과,1,0,1,0,54173,0.18,54173
경남,창원마산합포구,가정의학과,29,5,24,7,174168,1.67,6006
경남,창원마산합포구,결핵과,1,1,0,2,174168,0.06,174168
경남,창원마산합포구,구강내과,28,0,28,0,174168,1.61,6220
경남,창원마산합포구,구강병리과,13,0,13,0,174168,0.75,13398
경남,창원마산합포구,구강악안면외과,32,2,30,4,174168,1.84,5443
경남,창원마산합포구,내과,89,30,59,51,174168,5.11,1957
경남,창원마산합포구,마취통증의학과,35,15,20,19,174168,2.01,4976
경남,창원마산합포구,병리과,4,1,3,1,174168,0.23,43542
경남,창원마산합포구,비뇨의학과,33,5,28,6,174168,1.89,5278
경남,창원마산합포구,사상체질과,43,0,43,0,174168,2.47,4050
경남,창원마산합포구,산부인과,14,11,3,13,174168,0.8,12441
경남,창원마산합포구,성형외과,7,0,7,0,174168,0.4,24881
경남,창원마산합포구,소아청소년과,51,5,46,9,174168,2.93,3415
경남,창원마산합포구,소아치과,32,0,32,0,174168,1.84,5443
경남,창원마산합포구,신경과,25,5,20,9,174168,1.44,6967
경남,창원마산합포구,신경외과,42,10,32,15,174168,2.41,4147
경남,창원마산합포구,심장혈관흉부외과,9,4,5,4,174168,0.52,19352
경남,창원마산합포구,안과,10,5,5,5,174168,0.57,17417
경남,창원마산합포구,영상의학과,18,8,10,9,174168,1.03,9676
경남,창원마산합포구,영상치의학과,28,0,28,0,174168,1.61,6220
경남,창원마산합포구,예방치과,30,0,30,0,174168,1.72,5806
경남,창원마산합포구,외과,43,17,26,22,174168,2.47,4050
경남,창원마산합포구,응급의학과,4,2,2,9,174168,0.23,43542
경남,창원마산합포구,이비인후과,36,7,29,8,174168,2.07,4838
경남,창원마산합포구,재활의학과,26,9,17,10,174168,1.49,6699
경남,창원마산합포구,정신건강의학과,16,8,8,16,174168,0.92,10886
경남,창원마산합포구,정형외과,47,14,33,19,174168,2.7,3706
경남,창원마산합포구,진단검사의학과,8,3,5,3,174168,0.46,21771
경남,창원마산합포구,치과교정과,17,1,16,1,174168,0.98,10245
경남,창원마산합포구,치과보존과,35,0,35,0,174168,2.01,4976
경남,창원마산합포구,치과보철과,56,2,54,2,174168,3.22,3110
경남,창원마산합포구,치주과,55,2,53,2,174168,3.16,3167
경남,창원마산합포구,침구과,57,1,56,1,174168,3.27,3056
경남,창원마산합포구,통합치의학과,25,7,18,8,174168,1.44,6967
경남,창원마산합포구,피부과,57,4,53,4,174168,3.27,3056
경남,창원마산합포구,한방내과,63,0,63,0,174168,3.62,2765
경남,창원마산합포구,한방부인과,53,0,53,0,174168,3.04,3286
경남,창원마산합포구,한방소아과,51,0,51,0,174168,2.93,3415
경남,창원마산합포구,한방신경정신과,47,0,47,0,174168,2.7,3706
경남,창원마산합포구,한방안·이비인후·피부과,49,0,49,0,174168,2.81,3554
경남,창원마산합포구,한방응급,2,0,2,0,174168,0.11,87084
경남,창원마산합포구,한방재활의학과,43,0,43,0,174168,2.47,4050
경남,창원마산회원구,가정의학과,34,11,23,24,173677,1.96,5108
경남,창원마산회원구,결핵과,1,0,1,0,173677,0.06,173677
경남,창원마산회원구,구강내과,27,1,26,1,173677,1.55,6432
경남,창원마산회원구,구강병리과,13,0,13,0,173677,0.75,13360
경남,창원마산회원구,구강악안면외과,30,2,28,2,173677,1.73,5789
경남,창원마산회원구,내과,92,37,55,99,173677,5.3,1888
경남,창원마산회원구,마취통증의학과,28,11,17,19,173677,1.61,6203
경남,창원마산회원구,방사선종양학과,1,1,0,2,173677,0.06,173677
경남,창원마산회원구,병리과,6,2,4,9,173677,0.35,28946
경남,창원마산회원구,비뇨의학과,31,9,22,12,173677,1.78,5602
경남,창원마산회원구,사상체질과,27,0,27,0,173677,1.55,6432
경남,창원마산회원구,산부인과,17,14,3,22,173677,0.98,10216
경남,창원마산회원구,성형외과,11,3,8,4,173677,0.63,15789
경남,창원마산회원구,소아청소년과,66,9,57,29,173677,3.8,2631
경남,창원마산회원구,소아치과,28,1,27,1,173677,1.61,6203
경남,창원마산회원구,신경과,20,8,12,12,173677,1.15,8684
경남,창원마산회원구,신경외과,39,8,31,20,173677,2.25,4453
경남,창원마산회원구,심장혈관흉부외과,7,2,5,7,173677,0.4,24811
경남,창원마산회원구,안과,15,7,8,18,173677,0.86,11578
경남,창원마산회원구,영상의학과,16,9,7,22,173677,0.92,10855
경남,창원마산회원구,영상치의학과,25,0,25,0,173677,1.44,6947
경남,창원마산회원구,예방의학과,1,0,1,0,173677,0.06,173677
경남,창원마산회원구,예방치과,30,0,30,0,173677,1.73,5789
경남,창원마산회원구,외과,33,13,20,33,173677,1.9,5263
경남,창원마산회원구,응급의학과,3,2,1,10,173677,0.17,57892
경남,창원마산회원구,이비인후과,35,9,26,18,173677,2.02,4962
경남,창원마산회원구,재활의학과,22,6,16,11,173677,1.27,7894
경남,창원마산회원구,정신건강의학과,12,8,4,24,173677,0.69,14473
경남,창원마산회원구,정형외과,46,16,30,30,173677,2.65,3776
경남,창원마산회원구,직업환경의학과,2,2,0,12,173677,0.12,86838
경남,창원마산회원구,진단검사의학과,6,2,4,4,173677,0.35,28946
경남,창원마산회원구,치과교정과,23,1,22,1,173677,1.32,7551
경남,창원마산회원구,치과보존과,35,0,35,0,173677,2.02,4962
경남,창원마산회원구,치과보철과,53,0,53,0,173677,3.05,3277
경남,창원마산회원구,치주과,54,1,53,1,173677,3.11,3216
경남,창원마산회원구,침구과,42,1,41,1,173677,2.42,4135
경남,창원마산회원구,통합치의학과,26,11,15,13,173677,1.5,6680
경남,창원마산회원구,피부과,48,5,43,6,173677,2.76,3618
경남,창원마산회원구,한방내과,51,2,49,2,173677,2.94,3405
경남,창원마산회원구,한방부인과,50,0,50,0,173677,2.88,3474
경남,창원마산회원구,한방소아과,44,0,44,0,173677,2.53,3947
경남,창원마산회원구,한방신경정신과,38,0,38,0,173677,2.19,4570
경남,창원마산회원구,한방안·이비인후·피부과,39,0,39,0,173677,2.25,4453
경남,창원마산회원구,한방재활의학과,36,1,35,1,173677,2.07,4824
경남,창원마산회원구,핵의학과,1,1,0,1,173677,0.06,173677
경남,창원성산구,가정의학과,35,14,21,18,244872,1.43,6996
경남,창원성산구,결핵과,1,0,1,0,244872,0.04,244872
경남,창원성산구,구강내과,76,3,73,4,244872,3.1,3222
경남,창원성산구,구강병리과,50,0,50,0,244872,2.04,4897
경남,창원성산구,구강악안면외과,67,8,59,9,244872,2.74,3655
경남,창원성산구,내과,121,39,82,80,244872,4.94,2024
경남,창원성산구,마취통증의학과,41,15,26,25,244872,1.67,5972
경남,창원성산구,방사선종양학과,1,1,0,2,244872,0.04,244872
경남,창원성산구,병리과,6,3,3,9,244872,0.25,40812
경남,창원성산구,비뇨의학과,28,8,20,10,244872,1.14,8745
경남,창원성산구,사상체질과,85,1,84,1,244872,3.47,2881
경남,창원성산구,산부인과,24,10,14,19,244872,0.98,10203
경남,창원성산구,성형외과,36,12,24,13,244872,1.47,6802
경남,창원성산구,소아청소년과,54,12,42,25,244872,2.21,4535
경남,창원성산구,소아치과,77,1,76,1,244872,3.14,3180
경남,창원성산구,신경과,24,6,18,11,244872,0.98,10203
경남,창원성산구,신경외과,33,7,26,11,244872,1.35,7420
경남,창원성산구,심장혈관흉부외과,6,4,2,10,244872,0.25,40812
경남,창원성산구,안과,22,10,12,15,244872,0.9,11131
경남,창원성산구,영상의학과,16,10,6,15,244872,0.65,15304
경남,창원성산구,영상치의학과,65,0,65,0,244872,2.65,3767
경남,창원성산구,예방의학과,3,0,3,0,244872,0.12,81624
경남,창원성산구,예방치과,71,0,71,0,244872,2.9,3449
경남,창원성산구,외과,37,13,24,22,244872,1.51,6618
경남,창원성산구,응급의학과,5,2,3,12,244872,0.2,48974
경남,창원성산구,이비인후과,46,15,31,20,244872,1.88,5323
경남,창원성산구,재활의학과,32,11,21,26,244872,1.31,7652
경남,창원성산구,정신건강의학과,20,12,8,18,244872,0.82,12244
경남,창원성산구,정형외과,46,12,34,23,244872,1.88,5323
경남,창원성산구,직업환경의학과,7,4,3,13,244872,0.29,34982
경남,창원성산구,진단검사의학과,11,2,9,2,244872,0.45,22261
경남,창원성산구,치과,2,0,2,0,244872,0.08,122436
경남,창원성산구,치과교정과,64,6,58,6,244872,2.61,3826
경남,창원성산구,치과보존과,88,1,87,1,244872,3.59,2783
경남,창원성산구,치과보철과,90,5,85,5,244872,3.68,2721
경남,창원성산구,치주과,87,1,86,1,244872,3.55,2815
경남,창원성산구,침구과,91,4,87,5,244872,3.72,2691
경남,창원성산구,통합치의학과,65,22,43,25,244872,2.65,3767
경남,창원성산구,피부과,89,11,78,14,244872,3.63,2751
경남,창원성산구,한방내과,93,5,88,5,244872,3.8,2633
경남,창원성산구,한방부인과,90,0,90,0,244872,3.68,2721
경남,창원성산구,한방소아과,89,0,89,0,244872,3.63,2751
경남,창원성산구,한방신경정신과,89,2,87,2,244872,3.63,2751
경남,창원성산구,한방안·이비인후·피부과,90,0,90,0,244872,3.68,2721
경남,창원성산구,한방응급,6,0,6,0,244872,0.25,40812
경남,창원성산구,한방재활의학과,91,2,89,4,244872,3.72,2691
경남,창원성산구,핵의학과,1,1,0,1,244872,0.04,244872
경남,창원의창구,가정의학과,39,16,23,21,209833,1.86,5380
경남,창원의창구,결핵과,2,0,2,0,209833,0.1,104916
경남,창원의창구,구강내과,41,0,41,0,209833,1.95,5118
경남,창원의창구,구강병리과,17,0,17,0,209833,0.81,12343
경남,창원의창구,구강악안면외과,40,4,36,4,209833,1.91,5246
경남,창원의창구,내과,102,39,63,106,209833,4.86,2057
경남,창원의창구,마취통증의학과,34,15,19,23,209833,1.62,6172
경남,창원의창구,방사선종양학과,3,1,2,1,209833,0.14,69944
경남,창원의창구,병리과,4,2,2,4,209833,0.19,52458
경남,창원의창구,비뇨의학과,40,11,29,14,209833,1.91,5246
경남,창원의창구,사상체질과,61,0,61,0,209833,2.91,3440
경남,창원의창구,산부인과,14,11,3,34,209833,0.67,14988
경남,창원의창구,성형외과,10,2,8,2,209833,0.48,20983
경남,창원의창구,소아청소년과,60,15,45,29,209833,2.86,3497
경남,창원의창구,소아치과,46,1,45,2,209833,2.19,4562
경남,창원의창구,신경과,27,8,19,15,209833,1.29,7772
경남,창원의창구,신경외과,41,12,29,25,209833,1.95,5118
경남,창원의창구,심장혈관흉부외과,5,3,2,5,209833,0.24,41967
경남,창원의창구,안과,17,7,10,10,209833,0.81,12343
경남,창원의창구,영상의학과,15,8,7,25,209833,0.71,13989
경남,창원의창구,영상치의학과,40,0,40,0,209833,1.91,5246
경남,창원의창구,예방의학과,3,0,3,0,209833,0.14,69944
경남,창원의창구,예방치과,47,0,47,0,209833,2.24,4465
경남,창원의창구,외과,40,14,26,33,209833,1.91,5246
경남,창원의창구,응급의학과,2,2,0,23,209833,0.1,104916
경남,창원의창구,이비인후과,44,12,32,17,209833,2.1,4769
경남,창원의창구,재활의학과,30,9,21,11,209833,1.43,6994
경남,창원의창구,정신건강의학과,9,5,4,7,209833,0.43,23315
경남,창원의창구,정형외과,49,13,36,29,209833,2.34,4282
경남,창원의창구,직업환경의학과,3,2,1,5,209833,0.14,69944
경남,창원의창구,진단검사의학과,5,2,3,4,209833,0.24,41967
경남,창원의창구,치과교정과,29,0,29,0,209833,1.38,7236
경남,창원의창구,치과보존과,52,3,49,3,209833,2.48,4035
경남,창원의창구,치과보철과,55,2,53,2,209833,2.62,3815
경남,창원의창구,치주과,54,1,53,1,209833,2.57,3886
경남,창원의창구,침구과,66,0,66,0,209833,3.15,3179
경남,창원의창구,통합치의학과,43,12,31,13,209833,2.05,4880
경남,창원의창구,피부과,65,6,59,10,209833,3.1,3228
경남,창원의창구,한방내과,69,1,68,1,209833,3.29,3041
경남,창원의창구,한방부인과,62,0,62,0,209833,2.95,3384
경남,창원의창구,한방소아과,61,1,60,1,209833,2.91,3440
경남,창원의창구,한방신경정신과,61,0,61,0,209833,2.91,3440
경남,창원의창구,한방안·이비인후·피부과,62,0,62,0,209833,2.95,3384
경남,창원의창구,한방응급,6,0,6,0,209833,0.29,34972
경남,창원의창구,한방재활의학과,63,2,61,2,209833,3.0,3331
경남,창원의창구,핵의학과,2,2,0,2,209833,0.1,104916
경남,창원진해구,가정의학과,21,10,11,11,182463,1.15,8689
경남,창원진해구,구강내과,39,0,39,0,182463,2.14,4679
경남,창원진해구,구강병리과,15,0,15,0,182463,0.82,12164
경남,창원진해구,구강악안면외과,39,2,37,3,182463,2.14,4679
경남,창원진해구,내과,64,29,35,35,182463,3.51,2851
경남,창원진해구,마취통증의학과,23,7,16,9,182463,1.26,7933
경남,창원진해구,병리과,3,1,2,1,182463,0.16,60821
경남,창원진해구,비뇨의학과,20,6,14,6,182463,1.1,9123
경남,창원진해구,사상체질과,19,0,19,0,182463,1.04,9603
경남,창원진해구,산부인과,6,3,3,3,182463,0.33,30410
경남,창원진해구,성형외과,3,0,3,0,182463,0.16,60821
경남,창원진해구,소아청소년과,41,13,28,15,182463,2.25,4450
경남,창원진해구,소아치과,39,1,38,1,182463,2.14,4679
경남,창원진해구,신경과,13,4,9,4,182463,0.71,14036
경남,창원진해구,신경외과,22,4,18,5,182463,1.21,8294
경남,창원진해구,심장혈관흉부외과,1,0,1,0,182463,0.05,182463
경남,창원진해구,안과,9,6,3,8,182463,0.49,20274
경남,창원진해구,영상의학과,8,6,2,7,182463,0.44,22808
경남,창원진해구,영상치의학과,28,0,28,0,182463,1.53,6517
경남,창원진해구,예방의학과,1,0,1,0,182463,0.05,182463
경남,창원진해구,예방치과,35,0,35,0,182463,1.92,5213
경남,창원진해구,외과,19,7,12,8,182463,1.04,9603
경남,창원진해구,응급의학과,1,0,1,0,182463,0.05,182463
경남,창원진해구,이비인후과,36,10,26,10,182463,1.97,5068
경남,창원진해구,재활의학과,15,2,13,2,182463,0.82,12164
경남,창원진해구,정신건강의학과,6,4,2,7,182463,0.33,30410
경남,창원진해구,정형외과,29,12,17,17,182463,1.59,6292
경남,창원진해구,진단검사의학과,2,0,2,0,182463,0.11,91232
경남,창원진해구,치과교정과,24,0,24,0,182463,1.32,7603
경남,창원진해구,치과보존과,44,0,44,0,182463,2.41,4147
경남,창원진해구,치과보철과,46,3,43,3,182463,2.52,3967
경남,창원진해구,치주과,43,1,42,1,182463,2.36,4243
경남,창원진해구,침구과,30,1,29,1,182463,1.64,6082
경남,창원진해구,통합치의학과,32,9,23,10,182463,1.75,5702
경남,창원진해구,피부과,37,4,33,4,182463,2.03,4931
경남,창원진해구,한방내과,44,2,42,2,182463,2.41,4147
경남,창원진해구,한방부인과,29,0,29,0,182463,1.59,6292
경남,창원진해구,한방소아과,28,0,28,0,182463,1.53,6517
경남,창원진해구,한방신경정신과,27,0,27,0,182463,1.48,6758
경남,창원진해구,한방안·이비인후·피부과,27,1,26,1,182463,1.48,6758
경남,창원진해구,한방응급,1,0,1,0,182463,0.05,182463
경남,창원진해구,한방재활의학과,26,1,25,1,182463,1.42,7018
경남,통영시,가정의학과,15,4,11,5,115975,1.29,7732
경남,통영시,결핵과,2,0,2,0,115975,0.17,57988
경남,통영시,구강내과,30,0,30,0,115975,2.59,3866
경남,통영시,구강병리과,13,0,13,0,115975,1.12,8921
경남,통영시,구강악안면외과,31,1,30,1,115975,2.67,3741
경남,통영시,내과,54,16,38,23,115975,4.66,2148
경남,통영시,마취통증의학과,22,7,15,7,115975,1.9,5272
경남,통영시,방사선종양학과,2,0,2,0,115975,0.17,57988
경남,통영시,병리과,3,0,3,0,115975,0.26,38658
경남,통영시,비뇨의학과,24,4,20,4,115975,2.07,4832
경남,통영시,사상체질과,17,0,17,0,115975,1.47,6822
경남,통영시,산부인과,9,4,5,5,115975,0.78,12886
경남,통영시,성형외과,10,2,8,2,115975,0.86,11598
경남,통영시,소아청소년과,34,7,27,8,115975,2.93,3411
경남,통영시,소아치과,29,1,28,1,115975,2.5,3999
경남,통영시,신경과,16,6,10,10,115975,1.38,7248
경남,통영시,신경외과,21,9,12,10,115975,1.81,5523
경남,통영시,심장혈관흉부외과,2,0,2,0,115975,0.17,57988
경남,통영시,안과,10,4,6,5,115975,0.86,11598
경남,통영시,영상의학과,15,6,9,7,115975,1.29,7732
경남,통영시,영상치의학과,26,0,26,0,115975,2.24,4461
경남,통영시,예방의학과,2,0,2,0,115975,0.17,57988
경남,통영시,예방치과,30,0,30,0,115975,2.59,3866
경남,통영시,외과,21,5,16,6,115975,1.81,5523
경남,통영시,응급의학과,2,0,2,0,115975,0.17,57988
경남,통영시,이비인후과,22,4,18,4,115975,1.9,5272
경남,통영시,재활의학과,13,1,12,1,115975,1.12,8921
경남,통영시,정신건강의학과,8,3,5,5,115975,0.69,14497
경남,통영시,정형외과,36,10,26,14,115975,3.1,3222
경남,통영시,직업환경의학과,2,0,2,0,115975,0.17,57988
경남,통영시,진단검사의학과,9,1,8,1,115975,0.78,12886
경남,통영시,치과교정과,18,0,18,0,115975,1.55,6443
경남,통영시,치과보존과,32,1,31,1,115975,2.76,3624
경남,통영시,치과보철과,31,2,29,2,115975,2.67,3741
경남,통영시,치주과,34,2,32,2,115975,2.93,3411
경남,통영시,침구과,28,2,26,2,115975,2.41,4142
경남,통영시,통합치의학과,16,3,13,3,115975,1.38,7248
경남,통영시,피부과,39,2,37,2,115975,3.36,2974
경남,통영시,한방내과,33,0,33,0,115975,2.85,3514
경남,통영시,한방부인과,29,0,29,0,115975,2.5,3999
경남,통영시,한방소아과,29,0,29,0,115975,2.5,3999
경남,통영시,한방신경정신과,27,0,27,0,115975,2.33,4295
경남,통영시,한방안·이비인후·피부과,28,0,28,0,115975,2.41,4142
경남,통영시,한방응급,3,0,3,0,115975,0.26,38658
경남,통영시,한방재활의학과,18,0,18,0,115975,1.55,6443
경남,통영시,핵의학과,2,0,2,0,115975,0.17,57988
경남,하동군,가정의학과,11,6,5,6,39565,2.78,3597
경남,하동군,구강내과,4,0,4,0,39565,1.01,9891
경남,하동군,구강병리과,2,0,2,0,39565,0.51,19782
경남,하동군,구강악안면외과,4,0,4,0,39565,1.01,9891
경남,하동군,내과,20,3,17,4,39565,5.05,1978
경남,하동군,마취통증의학과,6,1,5,1,39565,1.52,6594
경남,하동군,방사선종양학과,1,0,1,0,39565,0.25,39565
경남,하동군,병리과,1,0,1,0,39565,0.25,39565
경남,하동군,비뇨의학과,13,0,13,0,39565,3.29,3043
경남,하동군,사상체질과,5,0,5,0,39565,1.26,7913
경남,하동군,산부인과,5,1,4,2,39565,1.26,7913
경남,하동군,성형외과,2,0,2,0,39565,0.51,19782
경남,하동군,소아청소년과,14,0,14,0,39565,3.54,2826
경남,하동군,소아치과,4,0,4,0,39565,1.01,9891
경남,하동군,신경과,7,0,7,0,39565,1.77,5652
경남,하동군,신경외과,7,0,7,0,39565,1.77,5652
경남,하동군,심장혈관흉부외과,1,0,1,0,39565,0.25,39565
경남,하동군,안과,9,1,8,1,39565,2.27,4396
경남,하동군,영상의학과,3,0,3,0,39565,0.76,13188
경남,하동군,영상치의학과,3,0,3,0,39565,0.76,13188
경남,하동군,예방치과,5,0,5,0,39565,1.26,7913
경남,하동군,외과,13,2,11,2,39565,3.29,3043
경남,하동군,응급의학과,1,0,1,0,39565,0.25,39565
경남,하동군,이비인후과,12,0,12,0,39565,3.03,3297
경남,하동군,재활의학과,7,0,7,0,39565,1.77,5652
경남,하동군,정신건강의학과,3,1,2,5,39565,0.76,13188
경남,하동군,정형외과,16,2,14,2,39565,4.04,2473
경남,하동군,진단검사의학과,1,0,1,0,39565,0.25,39565
경남,하동군,치과,3,0,3,0,39565,0.76,13188
경남,하동군,치과교정과,1,0,1,0,39565,0.25,39565
경남,하동군,치과보존과,5,0,5,0,39565,1.26,7913
경남,하동군,치과보철과,6,0,6,0,39565,1.52,6594
경남,하동군,치주과,5,0,5,0,39565,1.26,7913
경남,하동군,침구과,9,0,9,0,39565,2.27,4396
경남,하동군,통합치의학과,2,0,2,0,39565,0.51,19782
경남,하동군,피부과,13,0,13,0,39565,3.29,3043
경남,하동군,한방내과,11,0,11,0,39565,2.78,3597
경남,하동군,한방부인과,8,0,8,0,39565,2.02,4946
경남,하동군,한방소아과,8,0,8,0,39565,2.02,4946
경남,하동군,한방신경정신과,7,0,7,0,39565,1.77,5652
경남,하동군,한방안·이비인후·피부과,8,0,8,0,39565,2.02,4946
경남,하동군,한방재활의학과,6,0,6,0,39565,1.52,6594
경남,함안군,가정의학과,9,4,5,5,56655,1.59,6295
경남,함안군,구강내과,10,0,10,0,56655,1.77,5666
경남,함안군,구강병리과,1,0,1,0,56655,0.18,56655
경남,함안군,구강악안면외과,12,0,12,0,56655,2.12,4721
경남,함안군,내과,31,7,24,10,56655,5.47,1828
경남,함안군,마취통증의학과,7,2,5,3,56655,1.24,8094
경남,함안군,병리과,1,0,1,0,56655,0.18,56655
경남,함안군,비뇨의학과,11,0,11,0,56655,1.94,5150
경남,함안군,사상체질과,9,0,9,0,56655,1.59,6295
경남,함안군,산부인과,2,2,0,2,56655,0.35,28328
경남,함안군,성형외과,1,0,1,0,56655,0.18,56655
경남,함안군,소아청소년과,20,0,20,0,56655,3.53,2833
경남,함안군,소아치과,10,0,10,0,56655,1.77,5666
경남,함안군,신경과,6,2,4,2,56655,1.06,9442
경남,함안군,신경외과,9,1,8,1,56655,1.59,6295
경남,함안군,심장혈관흉부외과,1,1,0,1,56655,0.18,56655
경남,함안군,안과,3,1,2,1,56655,0.53,18885
경남,함안군,영상의학과,6,2,4,2,56655,1.06,9442
경남,함안군,영상치의학과,9,0,9,0,56655,1.59,6295
경남,함안군,예방치과,9,0,9,0,56655,1.59,6295
경남,함안군,외과,15,4,11,4,56655,2.65,3777
경남,함안군,이비인후과,10,1,9,1,56655,1.77,5666
경남,함안군,재활의학과,8,1,7,2,56655,1.41,7082
경남,함안군,정신건강의학과,1,1,0,5,56655,0.18,56655
경남,함안군,정형외과,16,4,12,4,56655,2.82,3541
경남,함안군,치과교정과,5,0,5,0,56655,0.88,11331
경남,함안군,치과보존과,12,0,12,0,56655,2.12,4721
경남,함안군,치과보철과,12,0,12,0,56655,2.12,4721
경남,함안군,치주과,13,0,13,0,56655,2.29,4358
경남,함안군,침구과,13,0,13,0,56655,2.29,4358
경남,함안군,통합치의학과,9,1,8,1,56655,1.59,6295
경남,함안군,피부과,13,0,13,0,56655,2.29,4358
경남,함안군,한방내과,16,0,16,0,56655,2.82,3541
경남,함안군,한방부인과,13,0,13,0,56655,2.29,4358
경남,함안군,한방소아과,13,0,13,0,56655,2.29,4358
경남,함안군,한방신경정신과,11,0,11,0,56655,1.94,5150
경남,함안군,한방안·이비인후·피부과,11,0,11,0,56655,1.94,5150
경남,함안군,한방재활의학과,8,0,8,0,56655,1.41,7082
경남,함양군,가정의학과,10,3,7,3,35074,2.85,3507
경남,함양군,구강내과,9,0,9,0,35074,2.57,3897
경남,함양군,구강병리과,4,0,4,0,35074,1.14,8768
경남,함양군,구강악안면외과,9,0,9,0,35074,2.57,3897
경남,함양군,내과,35,3,32,4,35074,9.98,1002
경남,함양군,마취통증의학과,7,3,4,3,35074,2.0,5011
경남,함양군,비뇨의학과,14,0,14,0,35074,3.99,2505
경남,함양군,사상체질과,6,0,6,0,35074,1.71,5846
경남,함양군,산부인과,3,0,3,0,35074,0.86,11691
경남,함양군,성형외과,2,0,2,0,35074,0.57,17537
경남,함양군,소아청소년과,16,1,15,1,35074,4.56,2192
경남,함양군,소아치과,8,0,8,0,35074,2.28,4384
경남,함양군,신경과,8,2,6,2,35074,2.28,4384
경남,함양군,신경외과,7,0,7,0,35074,2.0,5011
경남,함양군,안과,8,1,7,1,35074,2.28,4384
경남,함양군,영상의학과,8,2,6,2,35074,2.28,4384
경남,함양군,영상치의학과,7,0,7,0,35074,2.0,5011
경남,함양군,예방치과,7,0,7,0,35074,2.0,5011
경남,함양군,외과,12,4,8,5,35074,3.42,2923
경남,함양군,응급의학과,1,0,1,0,35074,0.29,35074
경남,함양군,이비인후과,12,0,12,0,35074,3.42,2923
경남,함양군,재활의학과,7,0,7,0,35074,2.0,5011
경남,함양군,정신건강의학과,3,1,2,1,35074,0.86,11691
경남,함양군,정형외과,16,2,14,2,35074,4.56,2192
경남,함양군,진단검사의학과,5,0,5,0,35074,1.43,7015
경남,함양군,치과교정과,5,0,5,0,35074,1.43,7015
경남,함양군,치과보존과,11,0,11,0,35074,3.14,3189
경남,함양군,치과보철과,11,0,11,0,35074,3.14,3189
경남,함양군,치주과,11,1,10,1,35074,3.14,3189
경남,함양군,침구과,10,0,10,0,35074,2.85,3507
경남,함양군,통합치의학과,5,1,4,1,35074,1.43,7015
경남,함양군,피부과,17,0,17,0,35074,4.85,2063
경남,함양군,한방내과,11,0,11,0,35074,3.14,3189
경남,함양군,한방부인과,10,0,10,0,35074,2.85,3507
경남,함양군,한방소아과,9,0,9,0,35074,2.57,3897
경남,함양군,한방신경정신과,9,0,9,0,35074,2.57,3897
경남,함양군,한방안·이비인후·피부과,10,0,10,0,35074,2.85,3507
경남,함양군,한방재활의학과,8,0,8,0,35074,2.28,4384
경남,합천군,가정의학과,15,1,14,1,38732,3.87,2582
경남,합천군,결핵과,9,0,9,0,38732,2.32,4304
경남,합천군,구강내과,6,0,6,0,38732,1.55,6455
경남,합천군,구강병리과,5,0,5,0,38732,1.29,7746
경남,합천군,구강악안면외과,7,0,7,0,38732,1.81,5533
경남,합천군,내과,26,5,21,5,38732,6.71,1490
경남,합천군,마취통증의학과,15,1,14,1,38732,3.87,2582
경남,합천군,방사선종양학과,9,0,9,0,38732,2.32,4304
경남,합천군,병리과,10,0,10,0,38732,2.58,3873
경남,합천군,비뇨의학과,16,0,16,0,38732,4.13,2421
경남,합천군,사상체질과,12,0,12,0,38732,3.1,3228
경남,합천군,산부인과,11,1,10,1,38732,2.84,3521
경남,합천군,성형외과,10,0,10,0,38732,2.58,3873
경남,합천군,소아청소년과,24,1,23,1,38732,6.2,1614
경남,합천군,소아치과,7,0,7,0,38732,1.81,5533
경남,합천군,신경과,15,1,14,1,38732,3.87,2582
경남,합천군,신경외과,13,0,13,0,38732,3.36,2979
경남,합천군,심장혈관흉부외과,10,0,10,0,38732,2.58,3873
경남,합천군,안과,11,1,10,1,38732,2.84,3521
경남,합천군,영상의학과,10,1,9,1,38732,2.58,3873
경남,합천군,영상치의학과,5,0,5,0,38732,1.29,7746
경남,합천군,예방의학과,9,0,9,0,38732,2.32,4304
경남,합천군,예방치과,13,0,13,0,38732,3.36,2979
경남,합천군,외과,20,3,17,3,38732,5.16,1937
경남,합천군,응급의학과,9,0,9,0,38732,2.32,4304
경남,합천군,이비인후과,20,1,19,1,38732,5.16,1937
경남,합천군,재활의학과,12,0,12,0,38732,3.1,3228
경남,합천군,정신건강의학과,10,1,9,4,38732,2.58,3873
경남,합천군,정형외과,22,3,19,4,38732,5.68,1761
경남,합천군,직업환경의학과,9,0,9,0,38732,2.32,4304
경남,합천군,진단검사의학과,9,0,9,0,38732,2.32,4304
경남,합천군,치과교정과,6,0,6,0,38732,1.55,6455
경남,합천군,치과보존과,13,0,13,0,38732,3.36,2979
경남,합천군,치과보철과,7,0,7,0,38732,1.81,5533
경남,합천군,치주과,7,0,7,0,38732,1.81,5533
경남,합천군,침구과,19,0,19,0,38732,4.91,2039
경남,합천군,통합치의학과,4,2,2,2,38732,1.03,9683
경남,합천군,피부과,19,0,19,0,38732,4.91,2039
경남,합천군,한방내과,19,0,19,0,38732,4.91,2039
경남,합천군,한방부인과,18,1,17,1,38732,4.65,2152
경남,합천군,한방소아과,17,0,17,0,38732,4.39,2278
경남,합천군,한방신경정신과,15,0,15,0,38732,3.87,2582
경남,합천군,한방안·이비인후·피부과,16,0,16,0,38732,4.13,2421
경남,합천군,한방응급,7,0,7,0,38732,1.81,5533
경남,합천군,한방재활의학과,12,0,12,0,38732,3.1,3228
경남,합천군,핵의학과,9,0,9,0,38732,2.32,4304
경북,경산시,가정의학과,39,15,24,17,263020,1.48,6744
경북,경산시,구강내과,72,0,72,0,263020,2.74,3653
경북,경산시,구강병리과,20,0,20,0,263020,0.76,13151
경북,경산시,구강악안면외과,81,4,77,5,263020,3.08,3247
경북,경산시,내과,132,46,86,67,263020,5.02,1993
경북,경산시,마취통증의학과,49,10,39,10,263020,1.86,5368
경북,경산시,병리과,7,0,7,0,263020,0.27,37574
경북,경산시,비뇨의학과,44,8,36,8,263020,1.67,5978
경북,경산시,사상체질과,62,0,62,0,263020,2.36,4242
경북,경산시,산부인과,21,12,9,18,263020,0.8,12525
경북,경산시,성형외과,9,2,7,2,263020,0.34,29224
경북,경산시,소아청소년과,95,17,78,22,263020,3.61,2769
경북,경산시,소아치과,55,3,52,3,263020,2.09,4782
경북,경산시,신경과,41,10,31,13,263020,1.56,6415
경북,경산시,신경외과,47,12,35,13,263020,1.79,5596
경북,경산시,심장혈관흉부외과,3,1,2,1,263020,0.11,87673
경북,경산시,안과,33,9,24,11,263020,1.25,7970
경북,경산시,영상의학과,23,6,17,11,263020,0.87,11436
경북,경산시,영상치의학과,38,0,38,0,263020,1.44,6922
경북,경산시,예방의학과,2,2,0,4,263020,0.08,131510
경북,경산시,예방치과,44,1,43,1,263020,1.67,5978
경북,경산시,외과,41,16,25,23,263020,1.56,6415
경북,경산시,응급의학과,2,2,0,8,263020,0.08,131510
경북,경산시,이비인후과,81,19,62,20,263020,3.08,3247
경북,경산시,재활의학과,41,8,33,12,263020,1.56,6415
경북,경산시,정신건강의학과,18,8,10,14,263020,0.68,14612
경북,경산시,정형외과,64,19,45,29,263020,2.43,4110
경북,경산시,직업환경의학과,2,2,0,5,263020,0.08,131510
경북,경산시,진단검사의학과,10,2,8,2,263020,0.38,26302
경북,경산시,치과교정과,38,3,35,3,263020,1.44,6922
경북,경산시,치과보존과,59,1,58,1,263020,2.24,4458
경북,경산시,치과보철과,84,9,75,9,263020,3.19,3131
경북,경산시,치주과,60,1,59,1,263020,2.28,4384
경북,경산시,침구과,57,1,56,1,263020,2.17,4614
경북,경산시,통합치의학과,28,12,16,15,263020,1.06,9394
경북,경산시,피부과,86,5,81,8,263020,3.27,3058
경북,경산시,한방내과,75,1,74,1,263020,2.85,3507
경북,경산시,한방부인과,68,0,68,0,263020,2.59,3868
경북,경산시,한방소아과,68,0,68,0,263020,2.59,3868
경북,경산시,한방신경정신과,51,0,51,0,263020,1.94,5157
경북,경산시,한방안·이비인후·피부과,50,0,50,0,263020,1.9,5260
경북,경산시,한방재활의학과,47,1,46,1,263020,1.79,5596
경북,경주시,가정의학과,63,10,53,14,242512,2.6,3849
경북,경주시,구강내과,23,0,23,0,242512,0.95,10544
경북,경주시,구강병리과,8,0,8,0,242512,0.33,30314
경북,경주시,구강악안면외과,51,3,48,4,242512,2.1,4755
경북,경주시,내과,115,38,77,61,242512,4.74,2109
경북,경주시,마취통증의학과,32,11,21,13,242512,1.32,7578
경북,경주시,방사선종양학과,2,1,1,1,242512,0.08,121256
경북,경주시,병리과,4,1,3,1,242512,0.16,60628
경북,경주시,비뇨의학과,26,7,19,9,242512,1.07,9327
경북,경주시,사상체질과,65,0,65,0,242512,2.68,3731
경북,경주시,산부인과,12,8,4,12,242512,0.49,20209
경북,경주시,성형외과,8,3,5,5,242512,0.33,30314
경북,경주시,소아청소년과,44,8,36,18,242512,1.81,5512
경북,경주시,소아치과,50,2,48,2,242512,2.06,4850
경북,경주시,신경과,26,5,21,6,242512,1.07,9327
경북,경주시,신경외과,21,7,14,9,242512,0.87,11548
경북,경주시,심장혈관흉부외과,3,1,2,3,242512,0.12,80837
경북,경주시,안과,16,7,9,12,242512,0.66,15157
경북,경주시,영상의학과,15,6,9,10,242512,0.62,16167
경북,경주시,영상치의학과,21,0,21,0,242512,0.87,11548
경북,경주시,예방의학과,3,1,2,1,242512,0.12,80837
경북,경주시,예방치과,21,0,21,0,242512,0.87,11548
경북,경주시,외과,51,18,33,21,242512,2.1,4755
경북,경주시,응급의학과,4,1,3,14,242512,0.16,60628
경북,경주시,이비인후과,45,13,32,13,242512,1.86,5389
경북,경주시,재활의학과,20,4,16,4,242512,0.82,12126
경북,경주시,정신건강의학과,12,8,4,13,242512,0.49,20209
경북,경주시,정형외과,34,17,17,27,242512,1.4,7133
경북,경주시,직업환경의학과,2,1,1,3,242512,0.08,121256
경북,경주시,진단검사의학과,8,1,7,1,242512,0.33,30314
경북,경주시,치과,1,0,1,0,242512,0.04,242512
경북,경주시,치과교정과,37,2,35,2,242512,1.53,6554
경북,경주시,치과보존과,31,2,29,2,242512,1.28,7823
경북,경주시,치과보철과,56,1,55,1,242512,2.31,4331
경북,경주시,치주과,56,2,54,2,242512,2.31,4331
경북,경주시,침구과,76,2,74,3,242512,3.13,3191
경북,경주시,통합치의학과,15,9,6,12,242512,0.62,16167
경북,경주시,피부과,48,3,45,4,242512,1.98,5052
경북,경주시,한방내과,78,4,74,5,242512,3.22,3109
경북,경주시,한방부인과,69,0,69,0,242512,2.85,3515
경북,경주시,한방소아과,68,1,67,1,242512,2.8,3566
경북,경주시,한방신경정신과,65,0,65,0,242512,2.68,3731
경북,경주시,한방안·이비인후·피부과,64,0,64,0,242512,2.64,3789
경북,경주시,한방응급,40,0,40,0,242512,1.65,6063
경북,경주시,한방재활의학과,69,0,69,0,242512,2.85,3515
경북,경주시,핵의학과,1,1,0,1,242512,0.04,242512
경북,고령군,가정의학과,2,0,2,0,29429,0.68,14714
경북,고령군,구강내과,7,0,7,0,29429,2.38,4204
경북,고령군,구강병리과,3,0,3,0,29429,1.02,9810
경북,고령군,구강악안면외과,4,0,4,0,29429,1.36,7357
경북,고령군,내과,11,3,8,3,29429,3.74,2675
경북,고령군,마취통증의학과,4,1,3,1,29429,1.36,7357
경북,고령군,비뇨의학과,2,0,2,0,29429,0.68,14714
경북,고령군,사상체질과,2,0,2,0,29429,0.68,14714
경북,고령군,소아청소년과,3,0,3,0,29429,1.02,9810
경북,고령군,소아치과,8,0,8,0,29429,2.72,3679
경북,고령군,신경과,2,0,2,0,29429,0.68,14714
경북,고령군,신경외과,4,0,4,0,29429,1.36,7357
경북,고령군,안과,2,1,1,2,29429,0.68,14714
경북,고령군,영상의학과,2,0,2,0,29429,0.68,14714
경북,고령군,영상치의학과,5,0,5,0,29429,1.7,5886
경북,고령군,예방치과,7,0,7,0,29429,2.38,4204
경북,고령군,외과,5,2,3,2,29429,1.7,5886
경북,고령군,이비인후과,3,0,3,0,29429,1.02,9810
경북,고령군,재활의학과,3,0,3,0,29429,1.02,9810
경북,고령군,정형외과,8,4,4,4,29429,2.72,3679
경북,고령군,치과,1,0,1,0,29429,0.34,29429
경북,고령군,치과교정과,5,0,5,0,29429,1.7,5886
경북,고령군,치과보존과,7,0,7,0,29429,2.38,4204
경북,고령군,치과보철과,8,0,8,0,29429,2.72,3679
경북,고령군,치주과,8,0,8,0,29429,2.72,3679
경북,고령군,침구과,4,0,4,0,29429,1.36,7357
경북,고령군,통합치의학과,5,1,4,2,29429,1.7,5886
경북,고령군,피부과,3,0,3,0,29429,1.02,9810
경북,고령군,한방내과,7,0,7,0,29429,2.38,4204
경북,고령군,한방부인과,3,0,3,0,29429,1.02,9810
경북,고령군,한방소아과,3,0,3,0,29429,1.02,9810
경북,고령군,한방신경정신과,3,0,3,0,29429,1.02,9810
경북,고령군,한방안·이비인후·피부과,3,0,3,0,29429,1.02,9810
경북,고령군,한방응급,1,0,1,0,29429,0.34,29429
경북,고령군,한방재활의학과,3,0,3,0,29429,1.02,9810
경북,구미시,가정의학과,62,30,32,38,402596,1.54,6493
경북,구미시,구강내과,72,0,72,0,402596,1.79,5592
경북,구미시,구강병리과,30,0,30,0,402596,0.75,13420
경북,구미시,구강악안면외과,79,4,75,4,402596,1.96,5096
경북,구미시,내과,145,51,94,97,402596,3.6,2777
경북,구미시,마취통증의학과,55,17,38,26,402596,1.37,7320
경북,구미시,방사선종양학과,1,0,1,0,402596,0.02,402596
경북,구미시,병리과,11,2,9,4,402596,0.27,36600
경북,구미시,비뇨의학과,51,11,40,15,402596,1.27,7894
경북,구미시,사상체질과,57,1,56,1,402596,1.42,7063
경북,구미시,산부인과,31,22,9,34,402596,0.77,12987
경북,구미시,성형외과,22,4,18,6,402596,0.55,18300
경북,구미시,소아청소년과,104,27,77,46,402596,2.58,3871
경북,구미시,소아치과,88,2,86,2,402596,2.19,4575
경북,구미시,신경과,46,9,37,11,402596,1.14,8752
경북,구미시,신경외과,53,11,42,22,402596,1.32,7596
경북,구미시,심장혈관흉부외과,7,3,4,4,402596,0.17,57514
경북,구미시,안과,36,9,27,13,402596,0.89,11183
경북,구미시,영상의학과,21,8,13,23,402596,0.52,19171
경북,구미시,영상치의학과,66,0,66,0,402596,1.64,6100
경북,구미시,예방의학과,4,0,4,0,402596,0.1,100649
경북,구미시,예방치과,82,0,82,0,402596,2.04,4910
경북,구미시,외과,64,24,40,31,402596,1.59,6291
경북,구미시,응급의학과,5,3,2,24,402596,0.12,80519
경북,구미시,이비인후과,96,20,76,23,402596,2.38,4194
경북,구미시,재활의학과,38,8,30,14,402596,0.94,10595
경북,구미시,정신건강의학과,14,8,6,13,402596,0.35,28757
경북,구미시,정형외과,72,28,44,45,402596,1.79,5592
경북,구미시,직업환경의학과,3,2,1,10,402596,0.07,134199
경북,구미시,진단검사의학과,10,3,7,4,402596,0.25,40260
경북,구미시,치과,1,0,1,0,402596,0.02,402596
경북,구미시,치과교정과,55,2,53,4,402596,1.37,7320
경북,구미시,치과보존과,94,2,92,2,402596,2.33,4283
경북,구미시,치과보철과,98,3,95,3,402596,2.43,4108
경북,구미시,치주과,92,3,89,3,402596,2.29,4376
경북,구미시,침구과,76,3,73,3,402596,1.89,5297
경북,구미시,통합치의학과,63,22,41,25,402596,1.56,6390
경북,구미시,피부과,107,4,103,7,402596,2.66,3763
경북,구미시,한방내과,99,5,94,5,402596,2.46,4067
경북,구미시,한방부인과,72,1,71,1,402596,1.79,5592
경북,구미시,한방소아과,64,2,62,2,402596,1.59,6291
경북,구미시,한방신경정신과,62,0,62,0,402596,1.54,6493
경북,구미시,한방안·이비인후·피부과,69,0,69,0,402596,1.71,5835
경북,구미시,한방응급,13,0,13,0,402596,0.32,30969
경북,구미시,한방재활의학과,56,1,55,1,402596,1.39,7189
경북,구미시,핵의학과,1,0,1,0,402596,0.02,402596
경북,김천시,가정의학과,17,8,9,9,132433,1.28,7790
경북,김천시,결핵과,2,1,1,1,132433,0.15,66216
경북,김천시,구강내과,24,0,24,0,132433,1.81,5518
경북,김천시,구강병리과,8,0,8,0,132433,0.6,16554
경북,김천시,구강악안면외과,29,2,27,2,132433,2.19,4567
경북,김천시,내과,44,13,31,29,132433,3.32,3010
경북,김천시,마취통증의학과,16,6,10,9,132433,1.21,8277
경북,김천시,병리과,1,0,1,0,132433,0.08,132433
경북,김천시,비뇨의학과,19,6,13,8,132433,1.43,6970
경북,김천시,사상체질과,12,0,12,0,132433,0.91,11036
경북,김천시,산부인과,9,6,3,8,132433,0.68,14715
경북,김천시,성형외과,6,3,3,4,132433,0.45,22072
경북,김천시,소아청소년과,25,6,19,7,132433,1.89,5297
경북,김천시,소아치과,27,0,27,0,132433,2.04,4905
경북,김천시,신경과,12,4,8,5,132433,0.91,11036
경북,김천시,신경외과,15,4,11,6,132433,1.13,8829
경북,김천시,심장혈관흉부외과,2,1,1,1,132433,0.15,66216
경북,김천시,안과,10,5,5,6,132433,0.76,13243
경북,김천시,영상의학과,3,2,1,7,132433,0.23,44144
경북,김천시,영상치의학과,25,0,25,0,132433,1.89,5297
경북,김천시,예방치과,26,0,26,0,132433,1.96,5094
경북,김천시,외과,17,4,13,6,132433,1.28,7790
경북,김천시,응급의학과,2,2,0,11,132433,0.15,66216
경북,김천시,이비인후과,23,5,18,5,132433,1.74,5758
경북,김천시,재활의학과,11,5,6,5,132433,0.83,12039
경북,김천시,정신건강의학과,5,4,1,14,132433,0.38,26487
경북,김천시,정형외과,21,5,16,9,132433,1.59,6306
경북,김천시,직업환경의학과,1,1,0,1,132433,0.08,132433
경북,김천시,진단검사의학과,4,2,2,2,132433,0.3,33108
경북,김천시,치과교정과,19,0,19,0,132433,1.43,6970
경북,김천시,치과보존과,30,1,29,1,132433,2.27,4414
경북,김천시,치과보철과,33,0,33,0,132433,2.49,4013
경북,김천시,치주과,31,0,31,0,132433,2.34,4272
경북,김천시,침구과,26,0,26,0,132433,1.96,5094
경북,김천시,통합치의학과,20,7,13,7,132433,1.51,6622
경북,김천시,피부과,27,1,26,2,132433,2.04,4905
경북,김천시,한방내과,27,1,26,1,132433,2.04,4905
경북,김천시,한방부인과,25,0,25,0,132433,1.89,5297
경북,김천시,한방소아과,25,0,25,0,132433,1.89,5297
경북,김천시,한방신경정신과,23,0,23,0,132433,1.74,5758
경북,김천시,한방안·이비인후·피부과,24,0,24,0,132433,1.81,5518
경북,김천시,한방재활의학과,12,0,12,0,132433,0.91,11036
경북,문경시,가정의학과,10,5,5,5,64657,1.55,6466
경북,문경시,구강내과,19,0,19,0,64657,2.94,3403
경북,문경시,구강병리과,12,0,12,0,64657,1.86,5388
경북,문경시,구강악안면외과,20,0,20,0,64657,3.09,3233
경북,문경시,내과,31,10,21,14,64657,4.79,2086
경북,문경시,마취통증의학과,12,4,8,5,64657,1.86,5388
경북,문경시,비뇨의학과,9,3,6,3,64657,1.39,7184
경북,문경시,사상체질과,11,0,11,0,64657,1.7,5878
경북,문경시,산부인과,8,4,4,4,64657,1.24,8082
경북,문경시,소아청소년과,21,2,19,2,64657,3.25,3079
경북,문경시,소아치과,18,0,18,0,64657,2.78,3592
경북,문경시,신경과,9,0,9,0,64657,1.39,7184
경북,문경시,신경외과,13,2,11,4,64657,2.01,4974
경북,문경시,심장혈관흉부외과,1,1,0,2,64657,0.15,64657
경북,문경시,안과,5,2,3,5,64657,0.77,12931
경북,문경시,영상의학과,1,1,0,1,64657,0.15,64657
경북,문경시,영상치의학과,18,0,18,0,64657,2.78,3592
경북,문경시,예방의학과,1,1,0,1,64657,0.15,64657
경북,문경시,예방치과,17,0,17,0,64657,2.63,3803
경북,문경시,외과,11,6,5,11,64657,1.7,5878
경북,문경시,응급의학과,3,1,2,6,64657,0.46,21552
경북,문경시,이비인후과,15,3,12,3,64657,2.32,4310
경북,문경시,재활의학과,8,1,7,1,64657,1.24,8082
경북,문경시,정신건강의학과,2,2,0,5,64657,0.31,32328
경북,문경시,정형외과,19,4,15,6,64657,2.94,3403
경북,문경시,직업환경의학과,1,1,0,3,64657,0.15,64657
경북,문경시,진단검사의학과,2,1,1,1,64657,0.31,32328
경북,문경시,치과교정과,9,0,9,0,64657,1.39,7184
경북,문경시,치과보존과,20,0,20,0,64657,3.09,3233
경북,문경시,치과보철과,21,0,21,0,64657,3.25,3079
경북,문경시,치주과,21,0,21,0,64657,3.25,3079
경북,문경시,침구과,18,0,18,0,64657,2.78,3592
경북,문경시,통합치의학과,15,5,10,5,64657,2.32,4310
경북,문경시,피부과,16,1,15,1,64657,2.47,4041
경북,문경시,한방내과,21,0,21,0,64657,3.25,3079
경북,문경시,한방부인과,20,0,20,0,64657,3.09,3233
경북,문경시,한방소아과,20,0,20,0,64657,3.09,3233
경북,문경시,한방신경정신과,16,0,16,0,64657,2.47,4041
경북,문경시,한방안·이비인후·피부과,18,0,18,0,64657,2.78,3592
경북,문경시,한방재활의학과,15,0,15,0,64657,2.32,4310
경북,봉화군,가정의학과,4,2,2,2,28041,1.43,7010
경북,봉화군,구강내과,3,0,3,0,28041,1.07,9347
경북,봉화군,구강병리과,1,0,1,0,28041,0.36,28041
경북,봉화군,구강악안면외과,2,0,2,0,28041,0.71,14020
경북,봉화군,내과,9,2,7,2,28041,3.21,3116
경북,봉화군,마취통증의학과,2,0,2,0,28041,0.71,14020
경북,봉화군,비뇨의학과,5,0,5,0,28041,1.78,5608
경북,봉화군,소아청소년과,8,1,7,1,28041,2.85,3505
경북,봉화군,소아치과,4,0,4,0,28041,1.43,7010
경북,봉화군,신경과,2,1,1,1,28041,0.71,14020
경북,봉화군,안과,5,1,4,1,28041,1.78,5608
경북,봉화군,영상치의학과,3,0,3,0,28041,1.07,9347
경북,봉화군,예방치과,3,0,3,0,28041,1.07,9347
경북,봉화군,외과,7,0,7,0,28041,2.5,4006
경북,봉화군,이비인후과,6,0,6,0,28041,2.14,4674
경북,봉화군,정형외과,8,1,7,2,28041,2.85,3505
경북,봉화군,치과교정과,1,0,1,0,28041,0.36,28041
경북,봉화군,치과보존과,4,0,4,0,28041,1.43,7010
경북,봉화군,치과보철과,4,0,4,0,28041,1.43,7010
경북,봉화군,치주과,4,0,4,0,28041,1.43,7010
경북,봉화군,침구과,4,0,4,0,28041,1.43,7010
경북,봉화군,통합치의학과,3,0,3,0,28041,1.07,9347
경북,봉화군,피부과,6,0,6,0,28041,2.14,4674
경북,봉화군,한방내과,5,0,5,0,28041,1.78,5608
경북,봉화군,한방부인과,4,0,4,0,28041,1.43,7010
경북,봉화군,한방소아과,3,0,3,0,28041,1.07,9347
경북,봉화군,한방신경정신과,4,0,4,0,28041,1.43,7010
경북,봉화군,한방안·이비인후·피부과,3,0,3,0,28041,1.07,9347
경북,상주시,가정의학과,8,5,3,6,88920,0.9,11115
경북,상주시,구강내과,9,0,9,0,88920,1.01,9880
경북,상주시,구강병리과,6,0,6,0,88920,0.67,14820
경북,상주시,구강악안면외과,20,3,17,3,88920,2.25,4446
경북,상주시,내과,56,10,46,15,88920,6.3,1588
경북,상주시,마취통증의학과,18,5,13,5,88920,2.02,4940
경북,상주시,방사선종양학과,1,0,1,0,88920,0.11,88920
경북,상주시,비뇨의학과,19,3,16,3,88920,2.14,4680
경북,상주시,사상체질과,13,0,13,0,88920,1.46,6840
경북,상주시,산부인과,4,3,1,3,88920,0.45,22230
경북,상주시,성형외과,3,0,3,0,88920,0.34,29640
경북,상주시,소아청소년과,26,4,22,4,88920,2.92,3420
경북,상주시,소아치과,15,0,15,0,88920,1.69,5928
경북,상주시,신경과,10,2,8,2,88920,1.12,8892
경북,상주시,신경외과,18,8,10,8,88920,2.02,4940
경북,상주시,심장혈관흉부외과,4,1,3,1,88920,0.45,22230
경북,상주시,안과,8,3,5,3,88920,0.9,11115
경북,상주시,영상의학과,4,2,2,2,88920,0.45,22230
경북,상주시,영상치의학과,6,0,6,0,88920,0.67,14820
경북,상주시,예방치과,10,0,10,0,88920,1.12,8892
경북,상주시,외과,16,10,6,13,88920,1.8,5558
경북,상주시,응급의학과,2,0,2,0,88920,0.22,44460
경북,상주시,이비인후과,21,4,17,4,88920,2.36,4234
경북,상주시,재활의학과,10,1,9,2,88920,1.12,8892
경북,상주시,정신건강의학과,5,3,2,8,88920,0.56,17784
경북,상주시,정형외과,24,5,19,7,88920,2.7,3705
경북,상주시,진단검사의학과,4,2,2,2,88920,0.45,22230
경북,상주시,치과교정과,12,0,12,0,88920,1.35,7410
경북,상주시,치과보존과,13,1,12,1,88920,1.46,6840
경북,상주시,치과보철과,22,0,22,0,88920,2.47,4042
경북,상주시,치주과,15,0,15,0,88920,1.69,5928
경북,상주시,침구과,23,0,23,0,88920,2.59,3866
경북,상주시,통합치의학과,6,4,2,4,88920,0.67,14820
경북,상주시,피부과,23,1,22,1,88920,2.59,3866
경북,상주시,한방내과,25,0,25,0,88920,2.81,3557
경북,상주시,한방부인과,27,0,27,0,88920,3.04,3293
경북,상주시,한방소아과,26,0,26,0,88920,2.92,3420
경북,상주시,한방신경정신과,19,0,19,0,88920,2.14,4680
경북,상주시,한방안·이비인후·피부과,20,0,20,0,88920,2.25,4446
경북,상주시,한방재활의학과,16,0,16,0,88920,1.8,5558
경북,성주군,가정의학과,7,4,3,5,40293,1.74,5756
경북,성주군,구강내과,7,0,7,0,40293,1.74,5756
경북,성주군,구강병리과,3,0,3,0,40293,0.74,13431
경북,성주군,구강악안면외과,7,0,7,0,40293,1.74,5756
경북,성주군,내과,18,4,14,4,40293,4.47,2238
경북,성주군,마취통증의학과,3,0,3,0,40293,0.74,13431
경북,성주군,비뇨의학과,9,1,8,1,40293,2.23,4477
경북,성주군,사상체질과,10,1,9,1,40293,2.48,4029
경북,성주군,산부인과,2,0,2,0,40293,0.5,20146
경북,성주군,성형외과,1,0,1,0,40293,0.25,40293
경북,성주군,소아청소년과,15,2,13,2,40293,3.72,2686
경북,성주군,소아치과,7,0,7,0,40293,1.74,5756
경북,성주군,신경과,1,0,1,0,40293,0.25,40293
경북,성주군,신경외과,4,1,3,1,40293,0.99,10073
경북,성주군,심장혈관흉부외과,1,0,1,0,40293,0.25,40293
경북,성주군,안과,4,1,3,1,40293,0.99,10073
경북,성주군,영상의학과,1,0,1,0,40293,0.25,40293
경북,성주군,영상치의학과,6,0,6,0,40293,1.49,6716
경북,성주군,예방치과,6,0,6,0,40293,1.49,6716
경북,성주군,외과,14,4,10,4,40293,3.47,2878
경북,성주군,응급의학과,1,0,1,0,40293,0.25,40293
경북,성주군,이비인후과,11,0,11,0,40293,2.73,3663
경북,성주군,재활의학과,5,0,5,0,40293,1.24,8059
경북,성주군,정신건강의학과,1,1,0,2,40293,0.25,40293
경북,성주군,정형외과,13,3,10,3,40293,3.23,3099
경북,성주군,치과교정과,4,0,4,0,40293,0.99,10073
경북,성주군,치과보존과,7,0,7,0,40293,1.74,5756
경북,성주군,치과보철과,7,0,7,0,40293,1.74,5756
경북,성주군,치주과,7,0,7,0,40293,1.74,5756
경북,성주군,침구과,12,0,12,0,40293,2.98,3358
경북,성주군,통합치의학과,7,1,6,2,40293,1.74,5756
경북,성주군,피부과,9,0,9,0,40293,2.23,4477
경북,성주군,한방내과,14,0,14,0,40293,3.47,2878
경북,성주군,한방부인과,10,0,10,0,40293,2.48,4029
경북,성주군,한방소아과,10,0,10,0,40293,2.48,4029
경북,성주군,한방신경정신과,10,0,10,0,40293,2.48,4029
경북,성주군,한방안·이비인후·피부과,10,0,10,0,40293,2.48,4029
경북,성주군,한방응급,1,0,1,0,40293,0.25,40293
경북,성주군,한방재활의학과,10,0,10,0,40293,2.48,4029
경북,안동시,가정의학과,25,12,13,19,151343,1.65,6054
경북,안동시,결핵과,1,0,1,0,151343,0.07,151343
경북,안동시,구강내과,26,0,26,0,151343,1.72,5821
경북,안동시,구강병리과,11,0,11,0,151343,0.73,13758
경북,안동시,구강악안면외과,31,1,30,1,151343,2.05,4882
경북,안동시,내과,53,21,32,46,151343,3.5,2856
경북,안동시,마취통증의학과,16,11,5,17,151343,1.06,9459
경북,안동시,방사선종양학과,2,2,0,3,151343,0.13,75672
경북,안동시,병리과,3,2,1,3,151343,0.2,50448
경북,안동시,비뇨의학과,17,6,11,7,151343,1.12,8903
경북,안동시,사상체질과,31,0,31,0,151343,2.05,4882
경북,안동시,산부인과,10,9,1,15,151343,0.66,15134
경북,안동시,성형외과,7,4,3,5,151343,0.46,21620
경북,안동시,소아청소년과,25,8,17,14,151343,1.65,6054
경북,안동시,소아치과,29,1,28,1,151343,1.92,5219
경북,안동시,신경과,22,8,14,11,151343,1.45,6879
경북,안동시,신경외과,20,7,13,14,151343,1.32,7567
경북,안동시,심장혈관흉부외과,5,3,2,7,151343,0.33,30269
경북,안동시,안과,15,9,6,10,151343,0.99,10090
경북,안동시,영상의학과,4,4,0,13,151343,0.26,37836
경북,안동시,영상치의학과,31,1,30,1,151343,2.05,4882
경북,안동시,예방의학과,2,1,1,1,151343,0.13,75672
경북,안동시,예방치과,27,0,27,0,151343,1.78,5605
경북,안동시,외과,27,11,16,19,151343,1.78,5605
경북,안동시,응급의학과,4,4,0,23,151343,0.26,37836
경북,안동시,이비인후과,21,7,14,8,151343,1.39,7207
경북,안동시,재활의학과,22,9,13,14,151343,1.45,6879
경북,안동시,정신건강의학과,10,6,4,18,151343,0.66,15134
경북,안동시,정형외과,24,7,17,16,151343,1.59,6306
경북,안동시,직업환경의학과,2,2,0,2,151343,0.13,75672
경북,안동시,진단검사의학과,3,3,0,4,151343,0.2,50448
경북,안동시,치과교정과,17,1,16,1,151343,1.12,8903
경북,안동시,치과보존과,35,0,35,0,151343,2.31,4324
경북,안동시,치과보철과,34,0,34,0,151343,2.25,4451
경북,안동시,치주과,35,2,33,2,151343,2.31,4324
경북,안동시,침구과,39,1,38,1,151343,2.58,3881
경북,안동시,통합치의학과,26,5,21,5,151343,1.72,5821
경북,안동시,피부과,28,3,25,3,151343,1.85,5405
경북,안동시,한방내과,54,2,52,2,151343,3.57,2803
경북,안동시,한방부인과,38,0,38,0,151343,2.51,3983
경북,안동시,한방소아과,38,0,38,0,151343,2.51,3983
경북,안동시,한방신경정신과,37,0,37,0,151343,2.44,4090
경북,안동시,한방안·이비인후·피부과,37,0,37,0,151343,2.44,4090
경북,안동시,한방응급,1,0,1,0,151343,0.07,151343
경북,안동시,한방재활의학과,34,0,34,0,151343,2.25,4451
경북,영덕군,가정의학과,10,4,6,4,32511,3.08,3251
경북,영덕군,구강내과,4,0,4,0,32511,1.23,8128
경북,영덕군,구강병리과,1,0,1,0,32511,0.31,32511
경북,영덕군,구강악안면외과,10,1,9,1,32511,3.08,3251
경북,영덕군,내과,13,2,11,4,32511,4.0,2501
경북,영덕군,마취통증의학과,4,1,3,1,32511,1.23,8128
경북,영덕군,비뇨의학과,5,1,4,1,32511,1.54,6502
경북,영덕군,사상체질과,2,0,2,0,32511,0.62,16256
경북,영덕군,산부인과,2,1,1,1,32511,0.62,16256
경북,영덕군,소아청소년과,8,2,6,2,32511,2.46,4064
경북,영덕군,소아치과,5,0,5,0,32511,1.54,6502
경북,영덕군,신경과,4,0,4,0,32511,1.23,8128
경북,영덕군,신경외과,2,1,1,1,32511,0.62,16256
경북,영덕군,심장혈관흉부외과,1,0,1,0,32511,0.31,32511
경북,영덕군,안과,2,1,1,2,32511,0.62,16256
경북,영덕군,영상의학과,3,1,2,1,32511,0.92,10837
경북,영덕군,영상치의학과,3,0,3,0,32511,0.92,10837
경북,영덕군,예방치과,2,0,2,0,32511,0.62,16256
경북,영덕군,외과,10,4,6,4,32511,3.08,3251
경북,영덕군,이비인후과,8,1,7,1,32511,2.46,4064
경북,영덕군,재활의학과,2,0,2,0,32511,0.62,16256
경북,영덕군,정신건강의학과,2,0,2,0,32511,0.62,16256
경북,영덕군,정형외과,11,0,11,0,32511,3.38,2956
경북,영덕군,치과교정과,5,0,5,0,32511,1.54,6502
경북,영덕군,치과보존과,4,0,4,0,32511,1.23,8128
경북,영덕군,치과보철과,3,0,3,0,32511,0.92,10837
경북,영덕군,치주과,5,0,5,0,32511,1.54,6502
경북,영덕군,침구과,6,0,6,0,32511,1.85,5418
경북,영덕군,통합치의학과,2,1,1,1,32511,0.62,16256
경북,영덕군,피부과,8,0,8,0,32511,2.46,4064
경북,영덕군,한방내과,8,0,8,0,32511,2.46,4064
경북,영덕군,한방부인과,4,0,4,0,32511,1.23,8128
경북,영덕군,한방소아과,4,0,4,0,32511,1.23,8128
경북,영덕군,한방신경정신과,4,0,4,0,32511,1.23,8128
경북,영덕군,한방안·이비인후·피부과,3,0,3,0,32511,0.92,10837
경북,영덕군,한방재활의학과,2,0,2,0,32511,0.62,16256
경북,영양군,가정의학과,1,1,0,1,15956,0.63,15956
경북,영양군,구강내과,2,0,2,0,15956,1.25,7978
경북,영양군,구강병리과,1,0,1,0,15956,0.63,15956
경북,영양군,구강악안면외과,1,0,1,0,15956,0.63,15956
경북,영양군,내과,8,0,8,0,15956,5.01,1994
경북,영양군,마취통증의학과,1,0,1,0,15956,0.63,15956
경북,영양군,소아치과,2,0,2,0,15956,1.25,7978
경북,영양군,영상치의학과,2,0,2,0,15956,1.25,7978
경북,영양군,예방치과,5,0,5,0,15956,3.13,3191
경북,영양군,외과,1,0,1,0,15956,0.63,15956
경북,영양군,이비인후과,1,0,1,0,15956,0.63,15956
경북,영양군,정형외과,2,1,1,1,15956,1.25,7978
경북,영양군,치과교정과,2,0,2,0,15956,1.25,7978
경북,영양군,치과보존과,2,0,2,0,15956,1.25,7978
경북,영양군,치과보철과,3,0,3,0,15956,1.88,5319
경북,영양군,치주과,3,0,3,0,15956,1.88,5319
경북,영양군,통합치의학과,1,0,1,0,15956,0.63,15956
경북,영양군,피부과,1,0,1,0,15956,0.63,15956
경북,영양군,한방내과,8,0,8,0,15956,5.01,1994
경북,영주시,가정의학과,12,5,7,5,96237,1.25,8020
경북,영주시,구강내과,24,0,24,0,96237,2.49,4010
경북,영주시,구강병리과,8,0,8,0,96237,0.83,12030
경북,영주시,구강악안면외과,27,2,25,2,96237,2.81,3564
경북,영주시,내과,46,19,27,24,96237,4.78,2092
경북,영주시,마취통증의학과,12,6,6,6,96237,1.25,8020
경북,영주시,비뇨의학과,16,5,11,5,96237,1.66,6015
경북,영주시,사상체질과,24,1,23,1,96237,2.49,4010
경북,영주시,산부인과,8,6,2,7,96237,0.83,12030
경북,영주시,성형외과,2,0,2,0,96237,0.21,48118
경북,영주시,소아청소년과,17,2,15,2,96237,1.77,5661
경북,영주시,소아치과,25,1,24,2,96237,2.6,3849
경북,영주시,신경과,10,3,7,3,96237,1.04,9624
경북,영주시,신경외과,13,3,10,3,96237,1.35,7403
경북,영주시,안과,7,4,3,5,96237,0.73,13748
경북,영주시,영상의학과,7,4,3,5,96237,0.73,13748
경북,영주시,영상치의학과,22,0,22,0,96237,2.29,4374
경북,영주시,예방치과,23,0,23,0,96237,2.39,4184
경북,영주시,외과,15,6,9,7,96237,1.56,6416
경북,영주시,응급의학과,3,1,2,1,96237,0.31,32079
경북,영주시,이비인후과,15,3,12,3,96237,1.56,6416
경북,영주시,재활의학과,9,5,4,7,96237,0.94,10693
경북,영주시,정신건강의학과,5,4,1,8,96237,0.52,19247
경북,영주시,정형외과,21,7,14,8,96237,2.18,4583
경북,영주시,진단검사의학과,2,1,1,1,96237,0.21,48118
경북,영주시,치과교정과,12,0,12,0,96237,1.25,8020
경북,영주시,치과보존과,30,0,30,0,96237,3.12,3208
경북,영주시,치과보철과,30,1,29,2,96237,3.12,3208
경북,영주시,치주과,29,0,29,0,96237,3.01,3319
경북,영주시,침구과,35,1,34,1,96237,3.64,2750
경북,영주시,통합치의학과,16,2,14,3,96237,1.66,6015
경북,영주시,피부과,19,1,18,1,96237,1.97,5065
경북,영주시,한방내과,36,0,36,0,96237,3.74,2673
경북,영주시,한방부인과,31,0,31,0,96237,3.22,3104
경북,영주시,한방소아과,31,1,30,1,96237,3.22,3104
경북,영주시,한방신경정신과,30,1,29,1,96237,3.12,3208
경북,영주시,한방안·이비인후·피부과,29,0,29,0,96237,3.01,3319
경북,영주시,한방응급,4,0,4,0,96237,0.42,24059
경북,영주시,한방재활의학과,25,1,24,1,96237,2.6,3849
경북,영천시,가정의학과,16,5,11,6,93605,1.71,5850
경북,영천시,결핵과,1,0,1,0,93605,0.11,93605
경북,영천시,구강내과,10,0,10,0,93605,1.07,9360
경북,영천시,구강병리과,2,0,2,0,93605,0.21,46802
경북,영천시,구강악안면외과,13,2,11,2,93605,1.39,7200
경북,영천시,내과,56,18,38,25,93605,5.98,1672
경북,영천시,마취통증의학과,16,6,10,6,93605,1.71,5850
경북,영천시,방사선종양학과,1,0,1,0,93605,0.11,93605
경북,영천시,병리과,3,1,2,1,93605,0.32,31202
경북,영천시,비뇨의학과,18,3,15,3,93605,1.92,5200
경북,영천시,사상체질과,17,0,17,0,93605,1.82,5506
경북,영천시,산부인과,7,4,3,7,93605,0.75,13372
경북,영천시,성형외과,2,0,2,0,93605,0.21,46802
경북,영천시,소아청소년과,24,3,21,5,93605,2.56,3900
경북,영천시,소아치과,12,0,12,0,93605,1.28,7800
경북,영천시,신경과,13,2,11,3,93605,1.39,7200
경북,영천시,신경외과,15,2,13,2,93605,1.6,6240
경북,영천시,심장혈관흉부외과,2,1,1,1,93605,0.21,46802
경북,영천시,안과,12,5,7,6,93605,1.28,7800
경북,영천시,영상의학과,5,1,4,1,93605,0.53,18721
경북,영천시,영상치의학과,9,0,9,0,93605,0.96,10401
경북,영천시,예방의학과,1,1,0,1,93605,0.11,93605
경북,영천시,예방치과,12,0,12,0,93605,1.28,7800
경북,영천시,외과,20,9,11,11,93605,2.14,4680
경북,영천시,응급의학과,1,0,1,0,93605,0.11,93605
경북,영천시,이비인후과,22,4,18,4,93605,2.35,4255
경북,영천시,재활의학과,8,0,8,0,93605,0.85,11701
경북,영천시,정신건강의학과,9,4,5,14,93605,0.96,10401
경북,영천시,정형외과,21,10,11,12,93605,2.24,4457
경북,영천시,치과,7,0,7,0,93605,0.75,13372
경북,영천시,치과교정과,10,0,10,0,93605,1.07,9360
경북,영천시,치과보존과,11,0,11,0,93605,1.18,8510
경북,영천시,치과보철과,12,1,11,1,93605,1.28,7800
경북,영천시,치주과,12,0,12,0,93605,1.28,7800
경북,영천시,침구과,28,0,28,0,93605,2.99,3343
경북,영천시,통합치의학과,5,3,2,4,93605,0.53,18721
경북,영천시,피부과,21,1,20,1,93605,2.24,4457
경북,영천시,한방내과,37,0,37,0,93605,3.95,2530
경북,영천시,한방부인과,27,0,27,0,93605,2.88,3467
경북,영천시,한방소아과,25,0,25,0,93605,2.67,3744
경북,영천시,한방신경정신과,25,0,25,0,93605,2.67,3744
경북,영천시,한방안·이비인후·피부과,24,0,24,0,93605,2.56,3900
경북,영천시,한방재활의학과,18,0,18,0,93605,1.92,5200
경북,예천군,가정의학과,8,3,5,4,53275,1.5,6659
경북,예천군,결핵과,1,0,1,0,53275,0.19,53275
경북,예천군,구강내과,6,0,6,0,53275,1.13,8879
경북,예천군,구강병리과,3,0,3,0,53275,0.56,17758
경북,예천군,구강악안면외과,8,0,8,0,53275,1.5,6659
경북,예천군,내과,22,7,15,8,53275,4.13,2422
경북,예천군,마취통증의학과,7,3,4,3,53275,1.31,7611
경북,예천군,비뇨의학과,8,0,8,0,53275,1.5,6659
경북,예천군,사상체질과,10,0,10,0,53275,1.88,5328
경북,예천군,산부인과,2,1,1,3,53275,0.38,26638
경북,예천군,성형외과,2,1,1,1,53275,0.38,26638
경북,예천군,소아청소년과,16,2,14,2,53275,3.0,3330
경북,예천군,소아치과,8,0,8,0,53275,1.5,6659
경북,예천군,신경과,5,0,5,0,53275,0.94,10655
경북,예천군,신경외과,6,1,5,1,53275,1.13,8879
경북,예천군,안과,4,1,3,1,53275,0.75,13319
경북,예천군,영상의학과,2,1,1,1,53275,0.38,26638
경북,예천군,영상치의학과,7,0,7,0,53275,1.31,7611
경북,예천군,예방치과,6,0,6,0,53275,1.13,8879
경북,예천군,외과,13,5,8,6,53275,2.44,4098
경북,예천군,응급의학과,1,0,1,0,53275,0.19,53275
경북,예천군,이비인후과,12,1,11,1,53275,2.25,4440
경북,예천군,재활의학과,5,1,4,1,53275,0.94,10655
경북,예천군,정형외과,14,3,11,3,53275,2.63,3805
경북,예천군,진단검사의학과,1,0,1,0,53275,0.19,53275
경북,예천군,치과교정과,3,0,3,0,53275,0.56,17758
경북,예천군,치과보존과,8,0,8,0,53275,1.5,6659
경북,예천군,치과보철과,9,0,9,0,53275,1.69,5919
경북,예천군,치주과,8,0,8,0,53275,1.5,6659
경북,예천군,침구과,15,0,15,0,53275,2.82,3552
경북,예천군,통합치의학과,4,2,2,2,53275,0.75,13319
경북,예천군,피부과,13,0,13,0,53275,2.44,4098
경북,예천군,한방내과,15,0,15,0,53275,2.82,3552
경북,예천군,한방부인과,12,0,12,0,53275,2.25,4440
경북,예천군,한방소아과,12,0,12,0,53275,2.25,4440
경북,예천군,한방신경정신과,13,0,13,0,53275,2.44,4098
경북,예천군,한방안·이비인후·피부과,13,0,13,0,53275,2.44,4098
경북,예천군,한방재활의학과,9,0,9,0,53275,1.69,5919
경북,울릉군,가정의학과,1,1,0,2,8747,1.14,8747
경북,울릉군,구강내과,1,0,1,0,8747,1.14,8747
경북,울릉군,구강악안면외과,1,0,1,0,8747,1.14,8747
경북,울릉군,내과,1,1,0,1,8747,1.14,8747
경북,울릉군,산부인과,1,0,1,0,8747,1.14,8747
경북,울릉군,소아청소년과,1,1,0,1,8747,1.14,8747
경북,울릉군,소아치과,1,0,1,0,8747,1.14,8747
경북,울릉군,안과,1,1,0,1,8747,1.14,8747
경북,울릉군,예방치과,1,0,1,0,8747,1.14,8747
경북,울릉군,외과,1,1,0,1,8747,1.14,8747
경북,울릉군,정형외과,1,1,0,1,8747,1.14,8747
경북,울릉군,치과보존과,1,0,1,0,8747,1.14,8747
경북,울릉군,치과보철과,1,0,1,0,8747,1.14,8747
경북,울릉군,치주과,1,0,1,0,8747,1.14,8747
경북,울릉군,통합치의학과,1,0,1,0,8747,1.14,8747
경북,울릉군,피부과,1,0,1,0,8747,1.14,8747
경북,울릉군,한방내과,2,0,2,0,8747,2.29,4374
경북,울진군,가정의학과,6,4,2,4,46319,1.3,7720
경북,울진군,구강내과,11,0,11,0,46319,2.37,4211
경북,울진군,구강병리과,4,0,4,0,46319,0.86,11580
경북,울진군,구강악안면외과,12,0,12,0,46319,2.59,3860
경북,울진군,내과,13,5,8,8,46319,2.81,3563
경북,울진군,마취통증의학과,4,3,1,4,46319,0.86,11580
경북,울진군,비뇨의학과,11,0,11,0,46319,2.37,4211
경북,울진군,사상체질과,2,0,2,0,46319,0.43,23160
경북,울진군,산부인과,1,1,0,3,46319,0.22,46319
경북,울진군,소아청소년과,11,1,10,1,46319,2.37,4211
경북,울진군,소아치과,12,0,12,0,46319,2.59,3860
경북,울진군,신경과,3,0,3,0,46319,0.65,15440
경북,울진군,신경외과,6,1,5,1,46319,1.3,7720
경북,울진군,심장혈관흉부외과,1,1,0,1,46319,0.22,46319
경북,울진군,안과,6,1,5,1,46319,1.3,7720
경북,울진군,영상의학과,2,1,1,1,46319,0.43,23160
경북,울진군,영상치의학과,10,0,10,0,46319,2.16,4632
경북,울진군,예방치과,11,0,11,0,46319,2.37,4211
경북,울진군,외과,9,3,6,5,46319,1.94,5147
경북,울진군,응급의학과,1,1,0,1,46319,0.22,46319
경북,울진군,이비인후과,9,1,8,1,46319,1.94,5147
경북,울진군,재활의학과,3,0,3,0,46319,0.65,15440
경북,울진군,정신건강의학과,1,1,0,1,46319,0.22,46319
경북,울진군,정형외과,10,1,9,2,46319,2.16,4632
경북,울진군,치과교정과,4,0,4,0,46319,0.86,11580
경북,울진군,치과보존과,12,0,12,0,46319,2.59,3860
경북,울진군,치과보철과,12,0,12,0,46319,2.59,3860
경북,울진군,치주과,12,0,12,0,46319,2.59,3860
경북,울진군,침구과,6,0,6,0,46319,1.3,7720
경북,울진군,통합치의학과,6,1,5,1,46319,1.3,7720
경북,울진군,피부과,13,0,13,0,46319,2.81,3563
경북,울진군,한방내과,9,0,9,0,46319,1.94,5147
경북,울진군,한방부인과,6,0,6,0,46319,1.3,7720
경북,울진군,한방소아과,6,0,6,0,46319,1.3,7720
경북,울진군,한방신경정신과,5,0,5,0,46319,1.08,9264
경북,울진군,한방안·이비인후·피부과,5,0,5,0,46319,1.08,9264
경북,울진군,한방응급,1,0,1,0,46319,0.22,46319
경북,울진군,한방재활의학과,4,0,4,0,46319,0.86,11580
경북,의성군,가정의학과,4,2,2,2,47879,0.84,11970
경북,의성군,구강내과,4,0,4,0,47879,0.84,11970
경북,의성군,구강병리과,2,0,2,0,47879,0.42,23940
경북,의성군,구강악안면외과,4,0,4,0,47879,0.84,11970
경북,의성군,내과,19,3,16,3,47879,3.97,2520
경북,의성군,마취통증의학과,7,2,5,2,47879,1.46,6840
경북,의성군,비뇨의학과,7,0,7,0,47879,1.46,6840
경북,의성군,사상체질과,7,0,7,0,47879,1.46,6840
경북,의성군,산부인과,3,1,2,1,47879,0.63,15960
경북,의성군,성형외과,1,0,1,0,47879,0.21,47879
경북,의성군,소아청소년과,11,2,9,2,47879,2.3,4353
경북,의성군,소아치과,4,0,4,0,47879,0.84,11970
경북,의성군,신경과,3,1,2,1,47879,0.63,15960
경북,의성군,신경외과,7,1,6,1,47879,1.46,6840
경북,의성군,안과,3,1,2,1,47879,0.63,15960
경북,의성군,영상의학과,2,0,2,0,47879,0.42,23940
경북,의성군,영상치의학과,2,0,2,0,47879,0.42,23940
경북,의성군,예방치과,3,0,3,0,47879,0.63,15960
경북,의성군,외과,17,8,9,8,47879,3.55,2816
경북,의성군,이비인후과,5,0,5,0,47879,1.04,9576
경북,의성군,재활의학과,5,0,5,0,47879,1.04,9576
경북,의성군,정신건강의학과,3,1,2,2,47879,0.63,15960
경북,의성군,정형외과,14,3,11,3,47879,2.92,3420
경북,의성군,치과,4,0,4,0,47879,0.84,11970
경북,의성군,치과교정과,3,0,3,0,47879,0.63,15960
경북,의성군,치과보존과,4,0,4,0,47879,0.84,11970
경북,의성군,치과보철과,8,0,8,0,47879,1.67,5985
경북,의성군,치주과,4,0,4,0,47879,0.84,11970
경북,의성군,침구과,10,0,10,0,47879,2.09,4788
경북,의성군,통합치의학과,3,2,1,2,47879,0.63,15960
경북,의성군,피부과,6,0,6,0,47879,1.25,7980
경북,의성군,한방내과,13,0,13,0,47879,2.72,3683
경북,의성군,한방부인과,6,0,6,0,47879,1.25,7980
경북,의성군,한방소아과,6,0,6,0,47879,1.25,7980
경북,의성군,한방신경정신과,4,0,4,0,47879,0.84,11970
경북,의성군,한방안·이비인후·피부과,3,0,3,0,47879,0.63,15960
경북,의성군,한방응급,1,0,1,0,47879,0.21,47879
경북,의성군,한방재활의학과,4,0,4,0,47879,0.84,11970
경북,청도군,가정의학과,9,7,2,7,39988,2.25,4443
경북,청도군,구강내과,7,0,7,0,39988,1.75,5713
경북,청도군,구강병리과,4,0,4,0,39988,1.0,9997
경북,청도군,구강악안면외과,8,0,8,0,39988,2.0,4998
경북,청도군,내과,22,3,19,4,39988,5.5,1818
경북,청도군,마취통증의학과,5,1,4,1,39988,1.25,7998
경북,청도군,병리과,1,0,1,0,39988,0.25,39988
경북,청도군,비뇨의학과,4,1,3,1,39988,1.0,9997
경북,청도군,사상체질과,7,0,7,0,39988,1.75,5713
경북,청도군,산부인과,3,2,1,2,39988,0.75,13329
경북,청도군,소아청소년과,13,0,13,0,39988,3.25,3076
경북,청도군,소아치과,8,0,8,0,39988,2.0,4998
경북,청도군,신경과,3,2,1,2,39988,0.75,13329
경북,청도군,신경외과,2,0,2,0,39988,0.5,19994
경북,청도군,심장혈관흉부외과,1,1,0,1,39988,0.25,39988
경북,청도군,안과,4,1,3,1,39988,1.0,9997
경북,청도군,영상의학과,2,1,1,1,39988,0.5,19994
경북,청도군,영상치의학과,6,0,6,0,39988,1.5,6665
경북,청도군,예방의학과,1,1,0,1,39988,0.25,39988
경북,청도군,예방치과,8,0,8,0,39988,2.0,4998
경북,청도군,외과,9,2,7,3,39988,2.25,4443
경북,청도군,이비인후과,9,1,8,1,39988,2.25,4443
경북,청도군,재활의학과,3,0,3,0,39988,0.75,13329
경북,청도군,정신건강의학과,3,2,1,8,39988,0.75,13329
경북,청도군,정형외과,12,3,9,3,39988,3.0,3332
경북,청도군,진단검사의학과,1,0,1,0,39988,0.25,39988
경북,청도군,치과교정과,4,0,4,0,39988,1.0,9997
경북,청도군,치과보존과,9,0,9,0,39988,2.25,4443
경북,청도군,치과보철과,10,0,10,0,39988,2.5,3999
경북,청도군,치주과,9,0,9,0,39988,2.25,4443
경북,청도군,침구과,15,0,15,0,39988,3.75,2666
경북,청도군,통합치의학과,6,1,5,1,39988,1.5,6665
경북,청도군,피부과,9,0,9,0,39988,2.25,4443
경북,청도군,한방내과,17,0,17,0,39988,4.25,2352
경북,청도군,한방부인과,12,0,12,0,39988,3.0,3332
경북,청도군,한방소아과,11,1,10,1,39988,2.75,3635
경북,청도군,한방신경정신과,9,0,9,0,39988,2.25,4443
경북,청도군,한방안·이비인후·피부과,9,0,9,0,39988,2.25,4443
경북,청도군,한방재활의학과,6,0,6,0,39988,1.5,6665
경북,청송군,가정의학과,4,3,1,3,24560,1.63,6140
경북,청송군,구강내과,4,0,4,0,24560,1.63,6140
경북,청송군,구강병리과,1,0,1,0,24560,0.41,24560
경북,청송군,구강악안면외과,1,0,1,0,24560,0.41,24560
경북,청송군,내과,12,2,10,2,24560,4.89,2047
경북,청송군,마취통증의학과,2,0,2,0,24560,0.81,12280
경북,청송군,비뇨의학과,2,0,2,0,24560,0.81,12280
경북,청송군,사상체질과,6,0,6,0,24560,2.44,4093
경북,청송군,산부인과,2,0,2,0,24560,0.81,12280
경북,청송군,소아청소년과,6,1,5,1,24560,2.44,4093
경북,청송군,소아치과,4,0,4,0,24560,1.63,6140
경북,청송군,신경과,1,0,1,0,24560,0.41,24560
경북,청송군,안과,3,1,2,1,24560,1.22,8187
경북,청송군,예방치과,1,0,1,0,24560,0.41,24560
경북,청송군,외과,8,3,5,3,24560,3.26,3070
경북,청송군,이비인후과,5,0,5,0,24560,2.04,4912
경북,청송군,정신건강의학과,1,1,0,4,24560,0.41,24560
경북,청송군,정형외과,5,1,4,1,24560,2.04,4912
경북,청송군,치과,3,0,3,0,24560,1.22,8187
경북,청송군,치과교정과,3,0,3,0,24560,1.22,8187
경북,청송군,치과보존과,4,0,4,0,24560,1.63,6140
경북,청송군,치과보철과,4,0,4,0,24560,1.63,6140
경북,청송군,치주과,4,0,4,0,24560,1.63,6140
경북,청송군,침구과,7,1,6,1,24560,2.85,3509
경북,청송군,통합치의학과,2,0,2,0,24560,0.81,12280
경북,청송군,피부과,5,0,5,0,24560,2.04,4912
경북,청송군,한방내과,8,0,8,0,24560,3.26,3070
경북,청송군,한방부인과,7,0,7,0,24560,2.85,3509
경북,청송군,한방소아과,7,0,7,0,24560,2.85,3509
경북,청송군,한방신경정신과,6,0,6,0,24560,2.44,4093
경북,청송군,한방안·이비인후·피부과,7,0,7,0,24560,2.85,3509
경북,청송군,한방재활의학과,3,0,3,0,24560,1.22,8187
경북,칠곡군,가정의학과,18,8,10,8,103426,1.74,5746
경북,칠곡군,구강내과,16,0,16,0,103426,1.55,6464
경북,칠곡군,구강병리과,8,0,8,0,103426,0.77,12928
경북,칠곡군,구강악안면외과,17,2,15,2,103426,1.64,6084
경북,칠곡군,내과,50,12,38,16,103426,4.83,2069
경북,칠곡군,마취통증의학과,15,7,8,7,103426,1.45,6895
경북,칠곡군,방사선종양학과,1,1,0,1,103426,0.1,103426
경북,칠곡군,비뇨의학과,5,1,4,1,103426,0.48,20685
경북,칠곡군,사상체질과,3,0,3,0,103426,0.29,34475
경북,칠곡군,산부인과,5,2,3,2,103426,0.48,20685
경북,칠곡군,성형외과,1,0,1,0,103426,0.1,103426
경북,칠곡군,소아청소년과,24,6,18,6,103426,2.32,4309
경북,칠곡군,소아치과,19,0,19,0,103426,1.84,5443
경북,칠곡군,신경과,9,2,7,2,103426,0.87,11492
경북,칠곡군,신경외과,13,3,10,3,103426,1.26,7956
경북,칠곡군,심장혈관흉부외과,1,1,0,1,103426,0.1,103426
경북,칠곡군,안과,9,3,6,3,103426,0.87,11492
경북,칠곡군,영상치의학과,18,0,18,0,103426,1.74,5746
경북,칠곡군,예방의학과,1,1,0,1,103426,0.1,103426
경북,칠곡군,예방치과,20,0,20,0,103426,1.93,5171
경북,칠곡군,외과,10,5,5,5,103426,0.97,10343
경북,칠곡군,이비인후과,17,4,13,4,103426,1.64,6084
경북,칠곡군,재활의학과,7,0,7,0,103426,0.68,14775
경북,칠곡군,정신건강의학과,5,4,1,15,103426,0.48,20685
경북,칠곡군,정형외과,20,6,14,6,103426,1.93,5171
경북,칠곡군,치과교정과,15,0,15,0,103426,1.45,6895
경북,칠곡군,치과보존과,23,0,23,0,103426,2.22,4497
경북,칠곡군,치과보철과,25,1,24,1,103426,2.42,4137
경북,칠곡군,치주과,23,2,21,2,103426,2.22,4497
경북,칠곡군,침구과,5,0,5,0,103426,0.48,20685
경북,칠곡군,통합치의학과,17,4,13,4,103426,1.64,6084
경북,칠곡군,피부과,21,1,20,1,103426,2.03,4925
경북,칠곡군,한방내과,21,1,20,1,103426,2.03,4925
경북,칠곡군,한방부인과,17,0,17,0,103426,1.64,6084
경북,칠곡군,한방소아과,17,0,17,0,103426,1.64,6084
경북,칠곡군,한방신경정신과,17,0,17,0,103426,1.64,6084
경북,칠곡군,한방안·이비인후·피부과,17,0,17,0,103426,1.64,6084
경북,칠곡군,한방응급,1,0,1,0,103426,0.1,103426
경북,칠곡군,한방재활의학과,4,0,4,0,103426,0.39,25856
경북,포항남구,가정의학과,24,6,18,12,211051,1.14,8794
경북,포항남구,구강내과,43,0,43,0,211051,2.04,4908
경북,포항남구,구강병리과,21,0,21,0,211051,1.0,10050
경북,포항남구,구강악안면외과,49,5,44,5,211051,2.32,4307
경북,포항남구,내과,98,28,70,92,211051,4.64,2154
경북,포항남구,마취통증의학과,26,13,13,24,211051,1.23,8117
경북,포항남구,방사선종양학과,2,2,0,4,211051,0.09,105526
경북,포항남구,병리과,4,2,2,3,211051,0.19,52763
경북,포항남구,비뇨의학과,20,8,12,13,211051,0.95,10553
경북,포항남구,사상체질과,38,1,37,1,211051,1.8,5554
경북,포항남구,산부인과,7,7,0,12,211051,0.33,30150
경북,포항남구,성형외과,8,2,6,2,211051,0.38,26381
경북,포항남구,소아청소년과,69,14,55,22,211051,3.27,3059
경북,포항남구,소아치과,48,2,46,2,211051,2.27,4397
경북,포항남구,신경과,14,5,9,13,211051,0.66,15075
경북,포항남구,신경외과,26,8,18,31,211051,1.23,8117
경북,포항남구,심장혈관흉부외과,4,2,2,6,211051,0.19,52763
경북,포항남구,안과,18,8,10,10,211051,0.85,11725
경북,포항남구,영상의학과,16,5,11,24,211051,0.76,13191
경북,포항남구,영상치의학과,38,0,38,0,211051,1.8,5554
경북,포항남구,예방치과,46,0,46,0,211051,2.18,4588
경북,포항남구,외과,48,22,26,40,211051,2.27,4397
경북,포항남구,응급의학과,6,5,1,38,211051,0.28,35175
경북,포항남구,이비인후과,52,9,43,15,211051,2.46,4059
경북,포항남구,재활의학과,19,6,13,9,211051,0.9,11108
경북,포항남구,정신건강의학과,6,5,1,7,211051,0.28,35175
경북,포항남구,정형외과,41,18,23,42,211051,1.94,5148
경북,포항남구,직업환경의학과,3,3,0,6,211051,0.14,70350
경북,포항남구,진단검사의학과,7,3,4,6,211051,0.33,30150
경북,포항남구,치과교정과,26,1,25,1,211051,1.23,8117
경북,포항남구,치과보존과,51,0,51,0,211051,2.42,4138
경북,포항남구,치과보철과,52,2,50,2,211051,2.46,4059
경북,포항남구,치주과,52,1,51,1,211051,2.46,4059
경북,포항남구,침구과,70,2,68,2,211051,3.32,3015
경북,포항남구,통합치의학과,38,7,31,8,211051,1.8,5554
경북,포항남구,피부과,50,3,47,3,211051,2.37,4221
경북,포항남구,한방내과,70,2,68,3,211051,3.32,3015
경북,포항남구,한방부인과,65,1,64,1,211051,3.08,3247
경북,포항남구,한방소아과,65,1,64,1,211051,3.08,3247
경북,포항남구,한방신경정신과,47,2,45,2,211051,2.23,4490
경북,포항남구,한방안·이비인후·피부과,61,2,59,2,211051,2.89,3460
경북,포항남구,한방재활의학과,47,2,45,3,211051,2.23,4490
경북,포항남구,핵의학과,1,1,0,1,211051,0.05,211051
경북,포항북구,가정의학과,55,26,29,28,275879,1.99,5016
경북,포항북구,결핵과,1,0,1,0,275879,0.04,275879
경북,포항북구,구강내과,54,2,52,2,275879,1.96,5109
경북,포항북구,구강병리과,22,0,22,0,275879,0.8,12540
경북,포항북구,구강악안면외과,67,12,55,12,275879,2.43,4118
경북,포항북구,내과,112,42,70,61,275879,4.06,2463
경북,포항북구,마취통증의학과,42,16,26,16,275879,1.52,6569
경북,포항북구,병리과,3,1,2,1,275879,0.11,91960
경북,포항북구,비뇨의학과,38,15,23,16,275879,1.38,7260
경북,포항북구,사상체질과,50,1,49,1,275879,1.81,5518
경북,포항북구,산부인과,22,13,9,34,275879,0.8,12540
경북,포항북구,성형외과,20,6,14,6,275879,0.72,13794
경북,포항북구,소아청소년과,61,15,46,22,275879,2.21,4523
경북,포항북구,소아치과,61,4,57,4,275879,2.21,4523
경북,포항북구,신경과,27,4,23,4,275879,0.98,10218
경북,포항북구,신경외과,31,6,25,7,275879,1.12,8899
경북,포항북구,심장혈관흉부외과,10,2,8,2,275879,0.36,27588
경북,포항북구,안과,22,8,14,14,275879,0.8,12540
경북,포항북구,영상의학과,16,6,10,6,275879,0.58,17242
경북,포항북구,영상치의학과,43,0,43,0,275879,1.56,6416
경북,포항북구,예방의학과,2,0,2,0,275879,0.07,137940
경북,포항북구,예방치과,53,0,53,0,275879,1.92,5205
경북,포항북구,외과,55,30,25,39,275879,1.99,5016
경북,포항북구,응급의학과,5,4,1,8,275879,0.18,55176
경북,포항북구,이비인후과,46,13,33,13,275879,1.67,5997
경북,포항북구,재활의학과,35,11,24,14,275879,1.27,7882
경북,포항북구,정신건강의학과,23,13,10,22,275879,0.83,11995
경북,포항북구,정형외과,61,19,42,25,275879,2.21,4523
경북,포항북구,직업환경의학과,2,2,0,3,275879,0.07,137940
경북,포항북구,진단검사의학과,9,1,8,1,275879,0.33,30653
경북,포항북구,치과교정과,39,5,34,6,275879,1.41,7074
경북,포항북구,치과보존과,73,2,71,2,275879,2.65,3779
경북,포항북구,치과보철과,80,4,76,4,275879,2.9,3448
경북,포항북구,치주과,71,1,70,1,275879,2.57,3886
경북,포항북구,침구과,69,1,68,1,275879,2.5,3998
경북,포항북구,통합치의학과,51,20,31,23,275879,1.85,5409
경북,포항북구,피부과,68,8,60,8,275879,2.46,4057
경북,포항북구,한방내과,88,3,85,3,275879,3.19,3135
경북,포항북구,한방부인과,62,0,62,0,275879,2.25,4450
경북,포항북구,한방소아과,61,0,61,0,275879,2.21,4523
경북,포항북구,한방신경정신과,56,1,55,1,275879,2.03,4926
경북,포항북구,한방안·이비인후·피부과,55,1,54,1,275879,1.99,5016
경북,포항북구,한방재활의학과,49,3,46,3,275879,1.78,5630
광주,광산구,가정의학과,100,35,65,49,382763,2.61,3828
광주,광산구,결핵과,6,0,6,0,382763,0.16,63794
광주,광산구,구강내과,115,2,113,2,382763,3.0,3328
광주,광산구,구강병리과,47,0,47,0,382763,1.23,8144
광주,광산구,구강악안면외과,122,8,114,9,382763,3.19,3137
광주,광산구,내과,177,64,113,134,382763,4.62,2163
광주,광산구,마취통증의학과,75,24,51,36,382763,1.96,5104
광주,광산구,병리과,8,1,7,1,382763,0.21,47845
광주,광산구,비뇨의학과,92,16,76,21,382763,2.4,4160
광주,광산구,사상체질과,84,2,82,2,382763,2.19,4557
광주,광산구,산부인과,50,30,20,46,382763,1.31,7655
광주,광산구,성형외과,51,1,50,1,382763,1.33,7505
광주,광산구,소아청소년과,124,26,98,53,382763,3.24,3087
광주,광산구,소아치과,121,5,116,5,382763,3.16,3163
광주,광산구,신경과,60,13,47,15,382763,1.57,6379
광주,광산구,신경외과,60,16,44,24,382763,1.57,6379
광주,광산구,심장혈관흉부외과,16,4,12,5,382763,0.42,23923
광주,광산구,안과,53,9,44,14,382763,1.38,7222
광주,광산구,영상의학과,59,15,44,26,382763,1.54,6488
광주,광산구,영상치의학과,107,0,107,0,382763,2.8,3577
광주,광산구,예방의학과,4,0,4,0,382763,0.1,95691
광주,광산구,예방치과,116,1,115,1,382763,3.03,3300
광주,광산구,외과,100,27,73,34,382763,2.61,3828
광주,광산구,응급의학과,12,7,5,28,382763,0.31,31897
광주,광산구,이비인후과,102,25,77,36,382763,2.66,3753
광주,광산구,재활의학과,67,17,50,30,382763,1.75,5713
광주,광산구,정신건강의학과,35,15,20,23,382763,0.91,10936
광주,광산구,정형외과,99,29,70,59,382763,2.59,3866
광주,광산구,직업환경의학과,6,3,3,5,382763,0.16,63794
광주,광산구,진단검사의학과,42,8,34,8,382763,1.1,9113
광주,광산구,치과,1,0,1,0,382763,0.03,382763
광주,광산구,치과교정과,97,12,85,12,382763,2.53,3946
광주,광산구,치과보존과,132,8,124,8,382763,3.45,2900
광주,광산구,치과보철과,138,9,129,11,382763,3.61,2774
광주,광산구,치주과,130,6,124,7,382763,3.4,2944
광주,광산구,침구과,104,8,96,9,382763,2.72,3680
광주,광산구,통합치의학과,95,32,63,42,382763,2.48,4029
광주,광산구,피부과,142,15,127,17,382763,3.71,2696
광주,광산구,한방내과,106,13,93,14,382763,2.77,3611
광주,광산구,한방부인과,97,1,96,1,382763,2.53,3946
광주,광산구,한방소아과,91,0,91,0,382763,2.38,4206
광주,광산구,한방신경정신과,88,1,87,1,382763,2.3,4350
광주,광산구,한방안·이비인후·피부과,92,2,90,2,382763,2.4,4160
광주,광산구,한방재활의학과,90,3,87,3,382763,2.35,4253
광주,광산구,핵의학과,4,1,3,1,382763,0.1,95691
광주,남구,가정의학과,73,26,47,33,205051,3.56,2809
광주,남구,결핵과,5,0,5,0,205051,0.24,41010
광주,남구,구강내과,81,0,81,0,205051,3.95,2531
광주,남구,구강병리과,42,0,42,0,205051,2.05,4882
광주,남구,구강악안면외과,83,3,80,3,205051,4.05,2470
광주,남구,내과,114,40,74,92,205051,5.56,1799
광주,남구,마취통증의학과,50,19,31,27,205051,2.44,4101
광주,남구,병리과,28,3,25,13,205051,1.37,7323
광주,남구,비뇨의학과,45,12,33,19,205051,2.19,4557
광주,남구,사상체질과,56,0,56,0,205051,2.73,3662
광주,남구,산부인과,32,17,15,25,205051,1.56,6408
광주,남구,성형외과,19,0,19,0,205051,0.93,10792
광주,남구,소아청소년과,79,13,66,33,205051,3.85,2596
광주,남구,소아치과,89,3,86,3,205051,4.34,2304
광주,남구,신경과,35,7,28,7,205051,1.71,5859
광주,남구,신경외과,45,10,35,17,205051,2.19,4557
광주,남구,심장혈관흉부외과,7,2,5,4,205051,0.34,29293
광주,남구,안과,29,5,24,9,205051,1.41,7071
광주,남구,영상의학과,43,11,32,27,205051,2.1,4769
광주,남구,영상치의학과,79,0,79,0,205051,3.85,2596
광주,남구,예방의학과,2,0,2,0,205051,0.1,102526
광주,남구,예방치과,86,0,86,0,205051,4.19,2384
광주,남구,외과,43,15,28,26,205051,2.1,4769
광주,남구,응급의학과,7,3,4,11,205051,0.34,29293
광주,남구,이비인후과,63,15,48,26,205051,3.07,3255
광주,남구,재활의학과,39,7,32,11,205051,1.9,5258
광주,남구,정신건강의학과,21,9,12,12,205051,1.02,9764
광주,남구,정형외과,72,17,55,34,205051,3.51,2848
광주,남구,직업환경의학과,1,0,1,0,205051,0.05,205051
광주,남구,진단검사의학과,12,5,7,11,205051,0.59,17088
광주,남구,치과교정과,61,6,55,6,205051,2.97,3361
광주,남구,치과보존과,91,3,88,3,205051,4.44,2253
광주,남구,치과보철과,93,6,87,7,205051,4.54,2205
광주,남구,치주과,92,6,86,6,205051,4.49,2229
광주,남구,침구과,74,3,71,4,205051,3.61,2771
광주,남구,통합치의학과,63,13,50,15,205051,3.07,3255
광주,남구,피부과,82,9,73,10,205051,4.0,2501
광주,남구,한방내과,79,10,69,13,205051,3.85,2596
광주,남구,한방부인과,72,3,69,3,205051,3.51,2848
광주,남구,한방소아과,70,0,70,0,205051,3.41,2929
광주,남구,한방신경정신과,67,2,65,2,205051,3.27,3060
광주,남구,한방안·이비인후·피부과,72,2,70,2,205051,3.51,2848
광주,남구,한방재활의학과,60,4,56,5,205051,2.93,3418
광주,남구,핵의학과,2,1,1,1,205051,0.1,102526
광주,동구,가정의학과,49,15,34,19,105328,4.65,2150
광주,동구,결핵과,1,0,1,0,105328,0.09,105328
광주,동구,구강내과,26,1,25,3,105328,2.47,4051
광주,동구,구강병리과,12,0,12,0,105328,1.14,8777
광주,동구,구강악안면외과,51,4,47,9,105328,4.84,2065
광주,동구,내과,73,29,44,150,105328,6.93,1443
광주,동구,마취통증의학과,27,12,15,31,105328,2.56,3901
광주,동구,방사선종양학과,4,2,2,3,105328,0.38,26332
광주,동구,병리과,9,2,7,9,105328,0.85,11703
광주,동구,비뇨의학과,32,9,23,18,105328,3.04,3292
광주,동구,사상체질과,31,0,31,0,105328,2.94,3398
광주,동구,산부인과,15,10,5,21,105328,1.42,7022
광주,동구,성형외과,17,4,13,11,105328,1.61,6196
광주,동구,소아청소년과,43,8,35,38,105328,4.08,2449
광주,동구,소아치과,47,3,44,4,105328,4.46,2241
광주,동구,신경과,19,7,12,24,105328,1.8,5544
광주,동구,신경외과,28,7,21,25,105328,2.66,3762
광주,동구,심장혈관흉부외과,9,4,5,8,105328,0.85,11703
광주,동구,안과,19,8,11,30,105328,1.8,5544
광주,동구,영상의학과,27,6,21,24,105328,2.56,3901
광주,동구,영상치의학과,43,1,42,2,105328,4.08,2449
광주,동구,예방의학과,3,0,3,0,105328,0.28,35109
광주,동구,예방치과,30,1,29,1,105328,2.85,3511
광주,동구,외과,41,16,25,49,105328,3.89,2569
광주,동구,응급의학과,2,2,0,25,105328,0.19,52664
광주,동구,이비인후과,40,14,26,28,105328,3.8,2633
광주,동구,재활의학과,35,6,29,11,105328,3.32,3009
광주,동구,정신건강의학과,18,12,6,33,105328,1.71,5852
광주,동구,정형외과,44,10,34,36,105328,4.18,2394
광주,동구,직업환경의학과,2,2,0,3,105328,0.19,52664
광주,동구,진단검사의학과,12,2,10,9,105328,1.14,8777
광주,동구,치과,3,0,3,0,105328,0.28,35109
광주,동구,치과교정과,38,3,35,5,105328,3.61,2772
광주,동구,치과보존과,49,4,45,7,105328,4.65,2150
광주,동구,치과보철과,50,3,47,8,105328,4.75,2107
광주,동구,치주과,50,7,43,11,105328,4.75,2107
광주,동구,침구과,45,1,44,1,105328,4.27,2341
광주,동구,통합치의학과,20,7,13,9,105328,1.9,5266
광주,동구,피부과,57,11,46,18,105328,5.41,1848
광주,동구,한방내과,48,5,43,5,105328,4.56,2194
광주,동구,한방부인과,40,0,40,0,105328,3.8,2633
광주,동구,한방소아과,40,0,40,0,105328,3.8,2633
광주,동구,한방신경정신과,38,0,38,0,105328,3.61,2772
광주,동구,한방안·이비인후·피부과,40,1,39,1,105328,3.8,2633
광주,동구,한방재활의학과,36,2,34,2,105328,3.42,2926
광주,동구,핵의학과,2,2,0,6,105328,0.19,52664
광주,북구,가정의학과,133,43,90,48,416582,3.19,3132
광주,북구,결핵과,6,0,6,0,416582,0.14,69430
광주,북구,구강내과,123,1,122,4,416582,2.95,3387
광주,북구,구강병리과,70,0,70,0,416582,1.68,5951
광주,북구,구강악안면외과,134,9,125,10,416582,3.22,3109
광주,북구,내과,249,93,156,158,416582,5.98,1673
광주,북구,마취통증의학과,103,43,60,54,416582,2.47,4044
광주,북구,방사선종양학과,3,0,3,0,416582,0.07,138861
광주,북구,병리과,50,2,48,3,416582,1.2,8332
광주,북구,비뇨의학과,98,15,83,16,416582,2.35,4251
광주,북구,사상체질과,93,2,91,2,416582,2.23,4479
광주,북구,산부인과,45,18,27,42,416582,1.08,9257
광주,북구,성형외과,39,1,38,1,416582,0.94,10682
광주,북구,소아청소년과,155,22,133,47,416582,3.72,2688
광주,북구,소아치과,140,7,133,8,416582,3.36,2976
광주,북구,신경과,79,16,63,21,416582,1.9,5273
광주,북구,신경외과,91,15,76,24,416582,2.18,4578
광주,북구,심장혈관흉부외과,11,2,9,2,416582,0.26,37871
광주,북구,안과,43,9,34,11,416582,1.03,9688
광주,북구,영상의학과,95,23,72,26,416582,2.28,4385
광주,북구,영상치의학과,115,2,113,4,416582,2.76,3622
광주,북구,예방의학과,3,0,3,0,416582,0.07,138861
광주,북구,예방치과,127,0,127,0,416582,3.05,3280
광주,북구,외과,111,33,78,54,416582,2.66,3753
광주,북구,응급의학과,14,8,6,15,416582,0.34,29756
광주,북구,이비인후과,130,20,110,29,416582,3.12,3204
광주,북구,재활의학과,95,18,77,28,416582,2.28,4385
광주,북구,정신건강의학과,39,19,20,29,416582,0.94,10682
광주,북구,정형외과,141,39,102,77,416582,3.38,2954
광주,북구,직업환경의학과,2,1,1,2,416582,0.05,208291
광주,북구,진단검사의학과,33,8,25,13,416582,0.79,12624
광주,북구,치과,23,0,23,0,416582,0.55,18112
광주,북구,치과교정과,106,6,100,9,416582,2.54,3930
광주,북구,치과보존과,146,6,140,10,416582,3.5,2853
광주,북구,치과보철과,152,12,140,17,416582,3.65,2741
광주,북구,치주과,146,6,140,10,416582,3.5,2853
광주,북구,침구과,127,7,120,7,416582,3.05,3280
광주,북구,통합치의학과,106,33,73,33,416582,2.54,3930
광주,북구,피부과,156,15,141,20,416582,3.74,2670
광주,북구,한방내과,131,11,120,13,416582,3.14,3180
광주,북구,한방부인과,118,1,117,1,416582,2.83,3530
광주,북구,한방소아과,114,0,114,0,416582,2.74,3654
광주,북구,한방신경정신과,109,2,107,2,416582,2.62,3822
광주,북구,한방안·이비인후·피부과,113,2,111,2,416582,2.71,3687
광주,북구,한방응급,2,0,2,0,416582,0.05,208291
광주,북구,한방재활의학과,108,6,102,6,416582,2.59,3857
광주,북구,핵의학과,1,0,1,0,416582,0.02,416582
광주,서구,가정의학과,75,37,38,50,274234,2.73,3656
광주,서구,결핵과,2,0,2,0,274234,0.07,137117
광주,서구,구강내과,87,2,85,2,274234,3.17,3152
광주,서구,구강병리과,52,0,52,0,274234,1.9,5274
광주,서구,구강악안면외과,96,11,85,11,274234,3.5,2857
광주,서구,내과,144,55,89,106,274234,5.25,1904
광주,서구,마취통증의학과,68,28,40,39,274234,2.48,4033
광주,서구,방사선종양학과,1,0,1,0,274234,0.04,274234
광주,서구,병리과,2,0,2,0,274234,0.07,137117
광주,서구,비뇨의학과,47,15,32,16,274234,1.71,5835
광주,서구,사상체질과,100,0,100,0,274234,3.65,2742
광주,서구,산부인과,36,19,17,48,274234,1.31,7618
광주,서구,성형외과,73,25,48,26,274234,2.66,3757
광주,서구,소아청소년과,83,20,63,45,274234,3.03,3304
광주,서구,소아치과,100,1,99,1,274234,3.65,2742
광주,서구,신경과,32,7,25,7,274234,1.17,8570
광주,서구,신경외과,41,14,27,32,274234,1.5,6689
광주,서구,심장혈관흉부외과,9,3,6,3,274234,0.33,30470
광주,서구,안과,29,15,14,48,274234,1.06,9456
광주,서구,영상의학과,28,15,13,19,274234,1.02,9794
광주,서구,영상치의학과,82,0,82,0,274234,2.99,3344
광주,서구,예방의학과,2,0,2,0,274234,0.07,137117
광주,서구,예방치과,95,0,95,0,274234,3.46,2887
광주,서구,외과,65,26,39,37,274234,2.37,4219
광주,서구,응급의학과,5,4,1,12,274234,0.18,54847
광주,서구,이비인후과,60,20,40,22,274234,2.19,4571
광주,서구,재활의학과,34,5,29,6,274234,1.24,8066
광주,서구,정신건강의학과,28,17,11,22,274234,1.02,9794
광주,서구,정형외과,70,24,46,42,274234,2.55,3918
광주,서구,직업환경의학과,3,1,2,4,274234,0.11,91411
광주,서구,진단검사의학과,12,5,7,5,274234,0.44,22853
광주,서구,치과,30,0,30,0,274234,1.09,9141
광주,서구,치과교정과,81,11,70,12,274234,2.95,3386
광주,서구,치과보존과,105,5,100,5,274234,3.83,2612
광주,서구,치과보철과,107,9,98,9,274234,3.9,2563
광주,서구,치주과,104,3,101,4,274234,3.79,2637
광주,서구,침구과,112,3,109,6,274234,4.08,2449
광주,서구,통합치의학과,70,21,49,25,274234,2.55,3918
광주,서구,피부과,137,18,119,25,274234,5.0,2002
광주,서구,한방내과,111,11,100,12,274234,4.05,2471
광주,서구,한방부인과,106,1,105,1,274234,3.87,2587
광주,서구,한방소아과,106,0,106,0,274234,3.87,2587
광주,서구,한방신경정신과,102,2,100,2,274234,3.72,2689
광주,서구,한방안·이비인후·피부과,107,4,103,4,274234,3.9,2563
광주,서구,한방응급,5,0,5,0,274234,0.18,54847
광주,서구,한방재활의학과,104,8,96,9,274234,3.79,2637
대구,군위군,가정의학과,4,0,4,0,22493,1.78,5623
대구,군위군,구강내과,3,0,3,0,22493,1.33,7498
대구,군위군,내과,15,1,14,1,22493,6.67,1500
대구,군위군,마취통증의학과,2,1,1,1,22493,0.89,11246
대구,군위군,비뇨의학과,2,0,2,0,22493,0.89,11246
대구,군위군,사상체질과,3,0,3,0,22493,1.33,7498
대구,군위군,소아청소년과,7,0,7,0,22493,3.11,3213
대구,군위군,소아치과,2,0,2,0,22493,0.89,11246
대구,군위군,신경외과,1,0,1,0,22493,0.44,22493
대구,군위군,안과,1,0,1,0,22493,0.44,22493
대구,군위군,외과,12,2,10,2,22493,5.33,1874
대구,군위군,이비인후과,6,0,6,0,22493,2.67,3749
대구,군위군,재활의학과,1,0,1,0,22493,0.44,22493
대구,군위군,정형외과,2,0,2,0,22493,0.89,11246
대구,군위군,치과보존과,2,0,2,0,22493,0.89,11246
대구,군위군,치과보철과,3,0,3,0,22493,1.33,7498
대구,군위군,치주과,7,0,7,0,22493,3.11,3213
대구,군위군,침구과,5,0,5,0,22493,2.22,4499
대구,군위군,피부과,2,0,2,0,22493,0.89,11246
대구,군위군,한방내과,9,0,9,0,22493,4.0,2499
대구,군위군,한방부인과,5,0,5,0,22493,2.22,4499
대구,군위군,한방소아과,5,0,5,0,22493,2.22,4499
대구,군위군,한방신경정신과,4,0,4,0,22493,1.78,5623
대구,군위군,한방안·이비인후·피부과,4,0,4,0,22493,1.78,5623
대구,군위군,한방재활의학과,3,0,3,0,22493,1.33,7498
대구,남구,가정의학과,38,14,24,22,141722,2.68,3730
대구,남구,결핵과,2,0,2,0,141722,0.14,70861
대구,남구,구강내과,36,1,35,1,141722,2.54,3937
대구,남구,구강병리과,11,0,11,0,141722,0.78,12884
대구,남구,구강악안면외과,44,6,38,8,141722,3.1,3221
대구,남구,내과,90,41,49,162,141722,6.35,1575
대구,남구,마취통증의학과,39,14,25,32,141722,2.75,3634
대구,남구,방사선종양학과,3,2,1,6,141722,0.21,47241
대구,남구,병리과,10,2,8,11,141722,0.71,14172
대구,남구,비뇨의학과,24,8,16,13,141722,1.69,5905
대구,남구,사상체질과,47,0,47,0,141722,3.32,3015
대구,남구,산부인과,9,7,2,17,141722,0.64,15747
대구,남구,성형외과,9,3,6,10,141722,0.64,15747
대구,남구,소아청소년과,39,9,30,42,141722,2.75,3634
대구,남구,소아치과,38,0,38,0,141722,2.68,3730
대구,남구,신경과,35,9,26,22,141722,2.47,4049
대구,남구,신경외과,36,9,27,23,141722,2.54,3937
대구,남구,심장혈관흉부외과,4,2,2,9,141722,0.28,35430
대구,남구,안과,17,9,8,31,141722,1.2,8337
대구,남구,영상의학과,15,6,9,24,141722,1.06,9448
대구,남구,영상치의학과,36,0,36,0,141722,2.54,3937
대구,남구,예방의학과,1,0,1,0,141722,0.07,141722
대구,남구,예방치과,35,0,35,0,141722,2.47,4049
대구,남구,외과,29,15,14,54,141722,2.05,4887
대구,남구,응급의학과,5,4,1,18,141722,0.35,28344
대구,남구,이비인후과,34,9,25,16,141722,2.4,4168
대구,남구,재활의학과,36,11,25,17,141722,2.54,3937
대구,남구,정신건강의학과,10,7,3,18,141722,0.71,14172
대구,남구,정형외과,47,21,26,39,141722,3.32,3015
대구,남구,직업환경의학과,1,1,0,2,141722,0.07,141722
대구,남구,진단검사의학과,5,3,2,9,141722,0.35,28344
대구,남구,치과교정과,21,0,21,0,141722,1.48,6749
대구,남구,치과보존과,44,1,43,1,141722,3.1,3221
대구,남구,치과보철과,48,3,45,3,141722,3.39,2953
대구,남구,치주과,42,4,38,4,141722,2.96,3374
대구,남구,침구과,58,3,55,3,141722,4.09,2443
대구,남구,통합치의학과,39,7,32,7,141722,2.75,3634
대구,남구,피부과,41,6,35,10,141722,2.89,3457
대구,남구,한방내과,74,2,72,2,141722,5.22,1915
대구,남구,한방부인과,52,1,51,1,141722,3.67,2725
대구,남구,한방소아과,52,0,52,0,141722,3.67,2725
대구,남구,한방신경정신과,52,1,51,2,141722,3.67,2725
대구,남구,한방안·이비인후·피부과,52,0,52,0,141722,3.67,2725
대구,남구,한방응급,4,0,4,0,141722,0.28,35430
대구,남구,한방재활의학과,50,0,50,0,141722,3.53,2834
대구,남구,핵의학과,2,2,0,6,141722,0.14,70861
대구,달서구,가정의학과,95,44,51,55,512577,1.85,5396
대구,달서구,결핵과,6,1,5,1,512577,0.12,85430
대구,달서구,구강내과,159,3,156,3,512577,3.1,3224
대구,달서구,구강병리과,58,0,58,0,512577,1.13,8838
대구,달서구,구강악안면외과,172,8,164,9,512577,3.36,2980
대구,달서구,내과,250,119,131,246,512577,4.88,2050
대구,달서구,마취통증의학과,102,42,60,77,512577,1.99,5025
대구,달서구,방사선종양학과,3,1,2,5,512577,0.06,170859
대구,달서구,병리과,10,1,9,7,512577,0.2,51258
대구,달서구,비뇨의학과,61,22,39,31,512577,1.19,8403
대구,달서구,사상체질과,111,1,110,1,512577,2.17,4618
대구,달서구,산부인과,46,35,11,69,512577,0.9,11143
대구,달서구,성형외과,30,8,22,17,512577,0.59,17086
대구,달서구,소아청소년과,134,39,95,66,512577,2.61,3825
대구,달서구,소아치과,177,3,174,3,512577,3.45,2896
대구,달서구,신경과,64,18,46,33,512577,1.25,8009
대구,달서구,신경외과,94,22,72,44,512577,1.83,5453
대구,달서구,심장혈관흉부외과,13,3,10,10,512577,0.25,39429
대구,달서구,안과,53,26,27,37,512577,1.03,9671
대구,달서구,영상의학과,45,26,19,68,512577,0.88,11391
대구,달서구,영상치의학과,157,1,156,1,512577,3.06,3265
대구,달서구,예방의학과,7,1,6,3,512577,0.14,73225
대구,달서구,예방치과,167,0,167,0,512577,3.26,3069
대구,달서구,외과,67,31,36,91,512577,1.31,7650
대구,달서구,응급의학과,11,6,5,28,512577,0.21,46598
대구,달서구,이비인후과,131,44,87,51,512577,2.56,3913
대구,달서구,재활의학과,74,16,58,26,512577,1.44,6927
대구,달서구,정신건강의학과,35,26,9,47,512577,0.68,14645
대구,달서구,정형외과,122,57,65,109,512577,2.38,4201
대구,달서구,직업환경의학과,8,4,4,11,512577,0.16,64072
대구,달서구,진단검사의학과,20,6,14,10,512577,0.39,25629
대구,달서구,치과교정과,125,5,120,6,512577,2.44,4101
대구,달서구,치과보존과,199,9,190,9,512577,3.88,2576
대구,달서구,치과보철과,203,14,189,15,512577,3.96,2525
대구,달서구,치주과,196,11,185,12,512577,3.82,2615
대구,달서구,침구과,140,8,132,9,512577,2.73,3661
대구,달서구,통합치의학과,147,47,100,55,512577,2.87,3487
대구,달서구,피부과,133,19,114,25,512577,2.59,3854
대구,달서구,한방내과,196,12,184,13,512577,3.82,2615
대구,달서구,한방부인과,127,1,126,1,512577,2.48,4036
대구,달서구,한방소아과,126,0,126,0,512577,2.46,4068
대구,달서구,한방신경정신과,125,2,123,2,512577,2.44,4101
대구,달서구,한방안·이비인후·피부과,123,0,123,0,512577,2.4,4167
대구,달서구,한방응급,14,0,14,0,512577,0.27,36613
대구,달서구,한방재활의학과,117,6,111,6,512577,2.28,4381
대구,달서구,핵의학과,4,1,3,2,512577,0.08,128144
대구,달성군,가정의학과,35,11,24,13,251789,1.39,7194
대구,달성군,결핵과,5,0,5,0,251789,0.2,50358
대구,달성군,구강내과,44,0,44,0,251789,1.75,5722
대구,달성군,구강병리과,18,0,18,0,251789,0.71,13988
대구,달성군,구강악안면외과,47,4,43,4,251789,1.87,5357
대구,달성군,내과,113,33,80,46,251789,4.49,2228
대구,달성군,마취통증의학과,41,15,26,16,251789,1.63,6141
대구,달성군,방사선종양학과,4,0,4,0,251789,0.16,62947
대구,달성군,병리과,8,0,8,0,251789,0.32,31474
대구,달성군,비뇨의학과,35,7,28,9,251789,1.39,7194
대구,달성군,사상체질과,61,1,60,1,251789,2.42,4128
대구,달성군,산부인과,14,6,8,12,251789,0.56,17985
대구,달성군,성형외과,10,0,10,0,251789,0.4,25179
대구,달성군,소아청소년과,89,19,70,21,251789,3.53,2829
대구,달성군,소아치과,46,2,44,2,251789,1.83,5474
대구,달성군,신경과,30,1,29,1,251789,1.19,8393
대구,달성군,신경외과,41,6,35,6,251789,1.63,6141
대구,달성군,심장혈관흉부외과,6,1,5,1,251789,0.24,41965
대구,달성군,안과,31,7,24,8,251789,1.23,8122
대구,달성군,영상의학과,16,2,14,2,251789,0.64,15737
대구,달성군,영상치의학과,39,1,38,1,251789,1.55,6456
대구,달성군,예방의학과,5,0,5,0,251789,0.2,50358
대구,달성군,예방치과,43,0,43,0,251789,1.71,5856
대구,달성군,외과,40,14,26,16,251789,1.59,6295
대구,달성군,응급의학과,3,0,3,0,251789,0.12,83930
대구,달성군,이비인후과,73,15,58,17,251789,2.9,3449
대구,달성군,재활의학과,30,1,29,1,251789,1.19,8393
대구,달성군,정신건강의학과,13,5,8,12,251789,0.52,19368
대구,달성군,정형외과,58,16,42,20,251789,2.3,4341
대구,달성군,직업환경의학과,4,0,4,0,251789,0.16,62947
대구,달성군,진단검사의학과,6,0,6,0,251789,0.24,41965
대구,달성군,치과,12,0,12,0,251789,0.48,20982
대구,달성군,치과교정과,33,2,31,2,251789,1.31,7630
대구,달성군,치과보존과,45,2,43,2,251789,1.79,5595
대구,달성군,치과보철과,49,2,47,2,251789,1.95,5139
대구,달성군,치주과,46,1,45,1,251789,1.83,5474
대구,달성군,침구과,71,1,70,1,251789,2.82,3546
대구,달성군,통합치의학과,23,9,14,9,251789,0.91,10947
대구,달성군,피부과,72,3,69,3,251789,2.86,3497
대구,달성군,한방내과,74,4,70,4,251789,2.94,3403
대구,달성군,한방부인과,72,0,72,0,251789,2.86,3497
대구,달성군,한방소아과,69,0,69,0,251789,2.74,3649
대구,달성군,한방신경정신과,68,1,67,1,251789,2.7,3703
대구,달성군,한방안·이비인후·피부과,68,0,68,0,251789,2.7,3703
대구,달성군,한방응급,14,0,14,0,251789,0.56,17985
대구,달성군,한방재활의학과,66,1,65,1,251789,2.62,3815
대구,달성군,핵의학과,3,0,3,0,251789,0.12,83930
대구,동구,가정의학과,61,24,37,31,338699,1.8,5552
대구,동구,결핵과,3,0,3,0,338699,0.09,112900
대구,동구,구강내과,93,0,93,0,338699,2.75,3642
대구,동구,구강병리과,72,0,72,0,338699,2.13,4704
대구,동구,구강악안면외과,93,7,86,8,338699,2.75,3642
대구,동구,내과,178,67,111,125,338699,5.26,1903
대구,동구,마취통증의학과,66,19,47,27,338699,1.95,5132
대구,동구,방사선종양학과,3,1,2,1,338699,0.09,112900
대구,동구,병리과,21,3,18,7,338699,0.62,16129
대구,동구,비뇨의학과,67,17,50,20,338699,1.98,5055
대구,동구,사상체질과,110,0,110,0,338699,3.25,3079
대구,동구,산부인과,31,16,15,27,338699,0.92,10926
대구,동구,성형외과,18,4,14,6,338699,0.53,18817
대구,동구,소아청소년과,130,23,107,40,338699,3.84,2605
대구,동구,소아치과,94,1,93,1,338699,2.78,3603
대구,동구,신경과,57,10,47,18,338699,1.68,5942
대구,동구,신경외과,66,12,54,16,338699,1.95,5132
대구,동구,심장혈관흉부외과,10,2,8,5,338699,0.3,33870
대구,동구,안과,49,13,36,34,338699,1.45,6912
대구,동구,영상의학과,46,13,33,24,338699,1.36,7363
대구,동구,영상치의학과,94,0,94,0,338699,2.78,3603
대구,동구,예방의학과,6,0,6,0,338699,0.18,56450
대구,동구,예방치과,54,0,54,0,338699,1.59,6272
대구,동구,외과,69,22,47,33,338699,2.04,4909
대구,동구,응급의학과,8,2,6,18,338699,0.24,42337
대구,동구,이비인후과,103,22,81,25,338699,3.04,3288
대구,동구,재활의학과,56,7,49,10,338699,1.65,6048
대구,동구,정신건강의학과,30,15,15,26,338699,0.89,11290
대구,동구,정형외과,89,27,62,48,338699,2.63,3806
대구,동구,직업환경의학과,1,0,1,0,338699,0.03,338699
대구,동구,진단검사의학과,22,3,19,5,338699,0.65,15395
대구,동구,치과,9,0,9,0,338699,0.27,37633
대구,동구,치과교정과,82,0,82,0,338699,2.42,4130
대구,동구,치과보존과,96,2,94,2,338699,2.83,3528
대구,동구,치과보철과,96,3,93,3,338699,2.83,3528
대구,동구,치주과,96,2,94,2,338699,2.83,3528
대구,동구,침구과,126,2,124,5,338699,3.72,2688
대구,동구,통합치의학과,33,18,15,22,338699,0.97,10264
대구,동구,피부과,122,7,115,10,338699,3.6,2776
대구,동구,한방내과,129,9,120,17,338699,3.81,2626
대구,동구,한방부인과,121,1,120,1,338699,3.57,2799
대구,동구,한방소아과,120,1,119,2,338699,3.54,2822
대구,동구,한방신경정신과,119,0,119,0,338699,3.51,2846
대구,동구,한방안·이비인후·피부과,120,1,119,1,338699,3.54,2822
대구,동구,한방응급,6,0,6,0,338699,0.18,56450
대구,동구,한방재활의학과,115,3,112,3,338699,3.4,2945
대구,동구,핵의학과,2,1,1,1,338699,0.06,169350
대구,북구,가정의학과,91,40,51,51,406214,2.24,4464
대구,북구,결핵과,2,0,2,0,406214,0.05,203107
대구,북구,구강내과,76,0,76,0,406214,1.87,5345
대구,북구,구강병리과,28,0,28,0,406214,0.69,14508
대구,북구,구강악안면외과,83,8,75,9,406214,2.04,4894
대구,북구,내과,220,80,140,152,406214,5.42,1846
대구,북구,마취통증의학과,87,19,68,29,406214,2.14,4669
대구,북구,방사선종양학과,3,1,2,5,406214,0.07,135405
대구,북구,병리과,10,1,9,6,406214,0.25,40621
대구,북구,비뇨의학과,64,14,50,23,406214,1.58,6347
대구,북구,사상체질과,81,0,81,0,406214,1.99,5015
대구,북구,산부인과,39,21,18,50,406214,0.96,10416
대구,북구,성형외과,25,3,22,5,406214,0.62,16249
대구,북구,소아청소년과,157,28,129,71,406214,3.86,2587
대구,북구,소아치과,80,0,80,0,406214,1.97,5078
대구,북구,신경과,73,11,62,20,406214,1.8,5565
대구,북구,신경외과,83,14,69,19,406214,2.04,4894
대구,북구,심장혈관흉부외과,14,4,10,6,406214,0.34,29015
대구,북구,안과,55,15,40,21,406214,1.35,7386
대구,북구,영상의학과,40,11,29,22,406214,0.98,10155
대구,북구,영상치의학과,75,0,75,0,406214,1.85,5416
대구,북구,예방의학과,5,0,5,0,406214,0.12,81243
대구,북구,예방치과,78,0,78,0,406214,1.92,5208
대구,북구,외과,74,23,51,56,406214,1.82,5489
대구,북구,응급의학과,7,2,5,9,406214,0.17,58031
대구,북구,이비인후과,112,29,83,35,406214,2.76,3627
대구,북구,재활의학과,77,15,62,38,406214,1.9,5276
대구,북구,정신건강의학과,31,16,15,27,406214,0.76,13104
대구,북구,정형외과,105,37,68,45,406214,2.58,3869
대구,북구,직업환경의학과,4,1,3,3,406214,0.1,101554
대구,북구,진단검사의학과,31,2,29,4,406214,0.76,13104
대구,북구,치과,40,0,40,0,406214,0.98,10155
대구,북구,치과교정과,59,2,57,3,406214,1.45,6885
대구,북구,치과보존과,95,4,91,5,406214,2.34,4276
대구,북구,치과보철과,97,5,92,5,406214,2.39,4188
대구,북구,치주과,93,1,92,1,406214,2.29,4368
대구,북구,침구과,143,3,140,3,406214,3.52,2841
대구,북구,통합치의학과,77,29,48,30,406214,1.9,5276
대구,북구,피부과,128,10,118,15,406214,3.15,3174
대구,북구,한방내과,147,4,143,4,406214,3.62,2763
대구,북구,한방부인과,129,0,129,0,406214,3.18,3149
대구,북구,한방소아과,128,1,127,1,406214,3.15,3174
대구,북구,한방신경정신과,130,0,130,0,406214,3.2,3125
대구,북구,한방안·이비인후·피부과,133,0,133,0,406214,3.27,3054
대구,북구,한방응급,2,0,2,0,406214,0.05,203107
대구,북구,한방재활의학과,117,1,116,1,406214,2.88,3472
대구,북구,핵의학과,2,1,1,3,406214,0.05,203107
대구,서구,가정의학과,62,24,38,30,163319,3.8,2634
대구,서구,구강내과,32,0,32,0,163319,1.96,5104
대구,서구,구강병리과,9,0,9,0,163319,0.55,18147
대구,서구,구강악안면외과,29,3,26,3,163319,1.78,5632
대구,서구,내과,104,42,62,62,163319,6.37,1570
대구,서구,마취통증의학과,43,12,31,14,163319,2.63,3798
대구,서구,병리과,4,0,4,0,163319,0.24,40830
대구,서구,비뇨의학과,24,8,16,8,163319,1.47,6805
대구,서구,사상체질과,26,0,26,0,163319,1.59,6282
대구,서구,산부인과,11,9,2,11,163319,0.67,14847
대구,서구,성형외과,8,1,7,1,163319,0.49,20415
대구,서구,소아청소년과,62,11,51,12,163319,3.8,2634
대구,서구,소아치과,29,0,29,0,163319,1.78,5632
대구,서구,신경과,25,5,20,11,163319,1.53,6533
대구,서구,신경외과,39,11,28,26,163319,2.39,4188
대구,서구,심장혈관흉부외과,2,2,0,2,163319,0.12,81660
대구,서구,안과,16,7,9,8,163319,0.98,10207
대구,서구,영상의학과,21,11,10,13,163319,1.29,7777
대구,서구,영상치의학과,27,0,27,0,163319,1.65,6049
대구,서구,예방의학과,1,0,1,0,163319,0.06,163319
대구,서구,예방치과,27,0,27,0,163319,1.65,6049
대구,서구,외과,49,20,29,27,163319,3.0,3333
대구,서구,응급의학과,3,1,2,1,163319,0.18,54440
대구,서구,이비인후과,51,10,41,10,163319,3.12,3202
대구,서구,재활의학과,33,9,24,14,163319,2.02,4949
대구,서구,정신건강의학과,11,7,4,13,163319,0.67,14847
대구,서구,정형외과,52,23,29,28,163319,3.18,3141
대구,서구,직업환경의학과,1,1,0,1,163319,0.06,163319
대구,서구,진단검사의학과,9,2,7,2,163319,0.55,18147
대구,서구,치과,3,0,3,0,163319,0.18,54440
대구,서구,치과교정과,16,0,16,0,163319,0.98,10207
대구,서구,치과보존과,35,1,34,1,163319,2.14,4666
대구,서구,치과보철과,43,1,42,1,163319,2.63,3798
대구,서구,치주과,41,4,37,5,163319,2.51,3983
대구,서구,침구과,73,0,73,0,163319,4.47,2237
대구,서구,통합치의학과,32,7,25,8,163319,1.96,5104
대구,서구,피부과,57,5,52,6,163319,3.49,2865
대구,서구,한방내과,79,2,77,2,163319,4.84,2067
대구,서구,한방부인과,26,0,26,0,163319,1.59,6282
대구,서구,한방소아과,25,0,25,0,163319,1.53,6533
대구,서구,한방신경정신과,27,0,27,0,163319,1.65,6049
대구,서구,한방안·이비인후·피부과,59,0,59,0,163319,3.61,2768
대구,서구,한방응급,2,0,2,0,163319,0.12,81660
대구,서구,한방재활의학과,26,0,26,0,163319,1.59,6282
대구,수성구,가정의학과,90,28,62,32,407570,2.21,4529
대구,수성구,결핵과,4,0,4,0,407570,0.1,101892
대구,수성구,구강내과,108,3,105,3,407570,2.65,3774
대구,수성구,구강병리과,44,0,44,0,407570,1.08,9263
대구,수성구,구강악안면외과,114,4,110,4,407570,2.8,3575
대구,수성구,내과,229,107,122,152,407570,5.62,1780
대구,수성구,마취통증의학과,88,37,51,40,407570,2.16,4631
대구,수성구,방사선종양학과,1,0,1,0,407570,0.02,407570
대구,수성구,병리과,9,4,5,17,407570,0.22,45286
대구,수성구,비뇨의학과,52,20,32,22,407570,1.28,7838
대구,수성구,사상체질과,167,1,166,1,407570,4.1,2441
대구,수성구,산부인과,32,27,5,63,407570,0.79,12737
대구,수성구,성형외과,42,11,31,15,407570,1.03,9704
대구,수성구,소아청소년과,126,42,84,57,407570,3.09,3235
대구,수성구,소아치과,117,3,114,7,407570,2.87,3484
대구,수성구,신경과,83,21,62,26,407570,2.04,4910
대구,수성구,신경외과,81,17,64,20,407570,1.99,5032
대구,수성구,심장혈관흉부외과,9,2,7,2,407570,0.22,45286
대구,수성구,안과,45,25,20,51,407570,1.1,9057
대구,수성구,영상의학과,33,10,23,20,407570,0.81,12351
대구,수성구,영상치의학과,98,2,96,2,407570,2.4,4159
대구,수성구,예방의학과,8,2,6,2,407570,0.2,50946
대구,수성구,예방치과,143,0,143,0,407570,3.51,2850
대구,수성구,외과,70,28,42,41,407570,1.72,5822
대구,수성구,응급의학과,5,1,4,1,407570,0.12,81514
대구,수성구,이비인후과,110,35,75,43,407570,2.7,3705
대구,수성구,재활의학과,74,18,56,22,407570,1.82,5508
대구,수성구,정신건강의학과,43,32,11,44,407570,1.06,9478
대구,수성구,정형외과,96,41,55,52,407570,2.36,4246
대구,수성구,직업환경의학과,4,2,2,2,407570,0.1,101892
대구,수성구,진단검사의학과,18,2,16,8,407570,0.44,22643
대구,수성구,치과,21,0,21,0,407570,0.52,19408
대구,수성구,치과교정과,97,9,88,9,407570,2.38,4202
대구,수성구,치과보존과,121,9,112,9,407570,2.97,3368
대구,수성구,치과보철과,126,11,115,11,407570,3.09,3235
대구,수성구,치주과,120,10,110,11,407570,2.94,3396
대구,수성구,침구과,184,4,180,5,407570,4.51,2215
대구,수성구,통합치의학과,76,35,41,37,407570,1.86,5363
대구,수성구,피부과,139,29,110,48,407570,3.41,2932
대구,수성구,한방내과,234,14,220,14,407570,5.74,1742
대구,수성구,한방부인과,212,5,207,5,407570,5.2,1922
대구,수성구,한방소아과,211,1,210,1,407570,5.18,1932
대구,수성구,한방신경정신과,179,4,175,4,407570,4.39,2277
대구,수성구,한방안·이비인후·피부과,214,0,214,0,407570,5.25,1905
대구,수성구,한방응급,42,0,42,0,407570,1.03,9704
대구,수성구,한방재활의학과,178,6,172,7,407570,4.37,2290
대구,수성구,핵의학과,1,0,1,0,407570,0.02,407570
대구,중구,가정의학과,51,23,28,35,101894,5.01,1998
대구,중구,결핵과,1,0,1,0,101894,0.1,101894
대구,중구,구강내과,58,4,54,7,101894,5.69,1757
대구,중구,구강병리과,34,0,34,0,101894,3.34,2997
대구,중구,구강악안면외과,72,9,63,14,101894,7.07,1415
대구,중구,내과,106,40,66,147,101894,10.4,961
대구,중구,마취통증의학과,51,25,26,47,101894,5.01,1998
대구,중구,방사선종양학과,2,1,1,3,101894,0.2,50947
대구,중구,병리과,12,5,7,13,101894,1.18,8491
대구,중구,비뇨의학과,42,18,24,28,101894,4.12,2426
대구,중구,사상체질과,44,0,44,0,101894,4.32,2316
대구,중구,산부인과,30,19,11,45,101894,2.94,3396
대구,중구,성형외과,117,52,65,83,101894,11.48,871
대구,중구,소아청소년과,50,11,39,27,101894,4.91,2038
대구,중구,소아치과,56,2,54,4,101894,5.5,1820
대구,중구,신경과,37,11,26,19,101894,3.63,2754
대구,중구,신경외과,37,10,27,33,101894,3.63,2754
대구,중구,심장혈관흉부외과,8,2,6,10,101894,0.79,12737
대구,중구,안과,30,20,10,57,101894,2.94,3396
대구,중구,영상의학과,28,13,15,39,101894,2.75,3639
대구,중구,영상치의학과,51,1,50,3,101894,5.01,1998
대구,중구,예방의학과,2,0,2,0,101894,0.2,50947
대구,중구,예방치과,71,0,71,0,101894,6.97,1435
대구,중구,외과,59,30,29,60,101894,5.79,1727
대구,중구,응급의학과,7,4,3,18,101894,0.69,14556
대구,중구,이비인후과,51,18,33,30,101894,5.01,1998
대구,중구,재활의학과,34,8,26,12,101894,3.34,2997
대구,중구,정신건강의학과,21,14,7,20,101894,2.06,4852
대구,중구,정형외과,48,16,32,39,101894,4.71,2123
대구,중구,직업환경의학과,3,2,1,4,101894,0.29,33965
대구,중구,진단검사의학과,12,2,10,6,101894,1.18,8491
대구,중구,치과,8,0,8,0,101894,0.79,12737
대구,중구,치과교정과,63,26,37,36,101894,6.18,1617
대구,중구,치과보존과,66,5,61,8,101894,6.48,1544
대구,중구,치과보철과,68,6,62,8,101894,6.67,1498
대구,중구,치주과,63,11,52,16,101894,6.18,1617
대구,중구,침구과,70,1,69,3,101894,6.87,1456
대구,중구,통합치의학과,32,12,20,12,101894,3.14,3184
대구,중구,피부과,118,12,106,24,101894,11.58,864
대구,중구,한방내과,71,3,68,3,101894,6.97,1435
대구,중구,한방부인과,51,2,49,2,101894,5.01,1998
대구,중구,한방소아과,50,0,50,0,101894,4.91,2038
대구,중구,한방신경정신과,49,2,47,2,101894,4.81,2079
대구,중구,한방안·이비인후·피부과,52,1,51,1,101894,5.1,1960
대구,중구,한방응급,4,0,4,0,101894,0.39,25474
대구,중구,한방재활의학과,47,1,46,4,101894,4.61,2168
대구,중구,핵의학과,5,3,2,5,101894,0.49,20379
대전,대덕구,가정의학과,23,13,10,17,163594,1.41,7113
대전,대덕구,구강내과,39,0,39,0,163594,2.38,4195
대전,대덕구,구강병리과,19,0,19,0,163594,1.16,8610
대전,대덕구,구강악안면외과,46,2,44,2,163594,2.81,3556
대전,대덕구,내과,77,26,51,46,163594,4.71,2125
대전,대덕구,마취통증의학과,18,5,13,7,163594,1.1,9089
대전,대덕구,병리과,1,0,1,0,163594,0.06,163594
대전,대덕구,비뇨의학과,36,7,29,8,163594,2.2,4544
대전,대덕구,사상체질과,46,0,46,0,163594,2.81,3556
대전,대덕구,산부인과,13,9,4,11,163594,0.79,12584
대전,대덕구,성형외과,3,0,3,0,163594,0.18,54531
대전,대덕구,소아청소년과,63,9,54,11,163594,3.85,2597
대전,대덕구,소아치과,45,1,44,2,163594,2.75,3635
대전,대덕구,신경과,20,3,17,4,163594,1.22,8180
대전,대덕구,신경외과,22,6,16,7,163594,1.34,7436
대전,대덕구,심장혈관흉부외과,1,0,1,0,163594,0.06,163594
대전,대덕구,안과,12,5,7,6,163594,0.73,13633
대전,대덕구,영상의학과,11,5,6,8,163594,0.67,14872
대전,대덕구,영상치의학과,35,0,35,0,163594,2.14,4674
대전,대덕구,예방의학과,2,0,2,0,163594,0.12,81797
대전,대덕구,예방치과,44,0,44,0,163594,2.69,3718
대전,대덕구,외과,32,6,26,8,163594,1.96,5112
대전,대덕구,응급의학과,3,0,3,0,163594,0.18,54531
대전,대덕구,이비인후과,52,12,40,12,163594,3.18,3146
대전,대덕구,재활의학과,26,6,20,12,163594,1.59,6292
대전,대덕구,정신건강의학과,12,8,4,13,163594,0.73,13633
대전,대덕구,정형외과,38,13,25,19,163594,2.32,4305
대전,대덕구,직업환경의학과,2,2,0,12,163594,0.12,81797
대전,대덕구,진단검사의학과,4,1,3,1,163594,0.24,40898
대전,대덕구,치과교정과,27,1,26,1,163594,1.65,6059
대전,대덕구,치과보존과,47,2,45,2,163594,2.87,3481
대전,대덕구,치과보철과,50,3,47,3,163594,3.06,3272
대전,대덕구,치주과,47,2,45,2,163594,2.87,3481
대전,대덕구,침구과,48,1,47,1,163594,2.93,3408
대전,대덕구,통합치의학과,36,7,29,10,163594,2.2,4544
대전,대덕구,피부과,55,4,51,5,163594,3.36,2974
대전,대덕구,한방내과,51,1,50,1,163594,3.12,3208
대전,대덕구,한방부인과,47,0,47,0,163594,2.87,3481
대전,대덕구,한방소아과,47,0,47,0,163594,2.87,3481
대전,대덕구,한방신경정신과,47,0,47,0,163594,2.87,3481
대전,대덕구,한방안·이비인후·피부과,48,0,48,0,163594,2.93,3408
대전,대덕구,한방응급,4,0,4,0,163594,0.24,40898
대전,대덕구,한방재활의학과,46,1,45,1,163594,2.81,3556
대전,동구,가정의학과,58,25,33,27,217981,2.66,3758
대전,동구,결핵과,1,0,1,0,217981,0.05,217981
대전,동구,구강내과,56,0,56,0,217981,2.57,3893
대전,동구,구강병리과,24,0,24,0,217981,1.1,9083
대전,동구,구강악안면외과,55,3,52,3,217981,2.52,3963
대전,동구,내과,136,40,96,54,217981,6.24,1603
대전,동구,마취통증의학과,47,20,27,26,217981,2.16,4638
대전,동구,병리과,2,1,1,1,217981,0.09,108990
대전,동구,비뇨의학과,40,10,30,10,217981,1.84,5450
대전,동구,사상체질과,34,0,34,0,217981,1.56,6411
대전,동구,산부인과,11,9,2,17,217981,0.5,19816
대전,동구,성형외과,13,2,11,2,217981,0.6,16768
대전,동구,소아청소년과,85,8,77,19,217981,3.9,2564
대전,동구,소아치과,58,1,57,2,217981,2.66,3758
대전,동구,신경과,39,5,34,6,217981,1.79,5589
대전,동구,신경외과,34,10,24,12,217981,1.56,6411
대전,동구,심장혈관흉부외과,7,4,3,5,217981,0.32,31140
대전,동구,안과,15,9,6,13,217981,0.69,14532
대전,동구,영상의학과,12,5,7,8,217981,0.55,18165
대전,동구,영상치의학과,51,0,51,0,217981,2.34,4274
대전,동구,예방의학과,1,0,1,0,217981,0.05,217981
대전,동구,예방치과,56,0,56,0,217981,2.57,3893
대전,동구,외과,43,11,32,16,217981,1.97,5069
대전,동구,응급의학과,3,0,3,0,217981,0.14,72660
대전,동구,이비인후과,53,13,40,13,217981,2.43,4113
대전,동구,재활의학과,47,5,42,6,217981,2.16,4638
대전,동구,정신건강의학과,17,11,6,12,217981,0.78,12822
대전,동구,정형외과,65,17,48,24,217981,2.98,3354
대전,동구,직업환경의학과,1,1,0,2,217981,0.05,217981
대전,동구,진단검사의학과,5,4,1,7,217981,0.23,43596
대전,동구,치과교정과,38,1,37,1,217981,1.74,5736
대전,동구,치과보존과,61,1,60,1,217981,2.8,3573
대전,동구,치과보철과,64,5,59,5,217981,2.94,3406
대전,동구,치주과,61,0,61,0,217981,2.8,3573
대전,동구,침구과,87,0,87,0,217981,3.99,2506
대전,동구,통합치의학과,52,10,42,16,217981,2.39,4192
대전,동구,피부과,71,1,70,1,217981,3.26,3070
대전,동구,한방내과,99,4,95,7,217981,4.54,2202
대전,동구,한방부인과,86,1,85,2,217981,3.95,2535
대전,동구,한방소아과,83,0,83,0,217981,3.81,2626
대전,동구,한방신경정신과,78,0,78,0,217981,3.58,2795
대전,동구,한방안·이비인후·피부과,81,0,81,0,217981,3.72,2691
대전,동구,한방응급,1,0,1,0,217981,0.05,217981
대전,동구,한방재활의학과,84,2,82,2,217981,3.85,2595
대전,서구,가정의학과,120,47,73,67,464238,2.58,3869
대전,서구,구강내과,209,1,208,1,464238,4.5,2221
대전,서구,구강병리과,183,0,183,0,464238,3.94,2537
대전,서구,구강악안면외과,126,18,108,20,464238,2.71,3684
대전,서구,내과,242,92,150,221,464238,5.21,1918
대전,서구,마취통증의학과,82,32,50,54,464238,1.77,5661
대전,서구,방사선종양학과,2,2,0,4,464238,0.04,232119
대전,서구,병리과,12,4,8,16,464238,0.26,38686
대전,서구,비뇨의학과,77,22,55,34,464238,1.66,6029
대전,서구,사상체질과,175,1,174,1,464238,3.77,2653
대전,서구,산부인과,53,40,13,93,464238,1.14,8759
대전,서구,성형외과,85,30,55,40,464238,1.83,5462
대전,서구,소아청소년과,161,32,129,76,464238,3.47,2883
대전,서구,소아치과,213,5,208,5,464238,4.59,2180
대전,서구,신경과,76,14,62,26,464238,1.64,6108
대전,서구,신경외과,71,15,56,40,464238,1.53,6539
대전,서구,심장혈관흉부외과,8,5,3,16,464238,0.17,58030
대전,서구,안과,35,20,15,58,464238,0.75,13264
대전,서구,영상의학과,52,33,19,72,464238,1.12,8928
대전,서구,영상치의학과,205,2,203,2,464238,4.42,2265
대전,서구,예방의학과,3,0,3,0,464238,0.06,154746
대전,서구,예방치과,207,0,207,0,464238,4.46,2243
대전,서구,외과,83,29,54,68,464238,1.79,5593
대전,서구,응급의학과,4,2,2,15,464238,0.09,116060
대전,서구,이비인후과,117,29,88,40,464238,2.52,3968
대전,서구,재활의학과,79,23,56,33,464238,1.7,5876
대전,서구,정신건강의학과,56,37,19,52,464238,1.21,8290
대전,서구,정형외과,113,43,70,103,464238,2.43,4108
대전,서구,직업환경의학과,2,2,0,4,464238,0.04,232119
대전,서구,진단검사의학과,9,5,4,11,464238,0.19,51582
대전,서구,치과교정과,210,19,191,23,464238,4.52,2211
대전,서구,치과보존과,220,4,216,5,464238,4.74,2110
대전,서구,치과보철과,220,13,207,15,464238,4.74,2110
대전,서구,치주과,220,5,215,6,464238,4.74,2110
대전,서구,침구과,188,10,178,17,464238,4.05,2469
대전,서구,통합치의학과,57,27,30,32,464238,1.23,8145
대전,서구,피부과,197,25,172,34,464238,4.24,2357
대전,서구,한방내과,193,12,181,21,464238,4.16,2405
대전,서구,한방부인과,188,3,185,3,464238,4.05,2469
대전,서구,한방소아과,183,3,180,3,464238,3.94,2537
대전,서구,한방신경정신과,178,4,174,4,464238,3.83,2608
대전,서구,한방안·이비인후·피부과,187,3,184,3,464238,4.03,2483
대전,서구,한방응급,13,0,13,0,464238,0.28,35711
대전,서구,한방재활의학과,182,11,171,16,464238,3.92,2551
대전,서구,핵의학과,2,2,0,2,464238,0.04,232119
대전,유성구,가정의학과,66,25,41,37,373361,1.77,5657
대전,유성구,결핵과,3,0,3,0,373361,0.08,124454
대전,유성구,구강내과,91,3,88,3,373361,2.44,4103
대전,유성구,구강병리과,52,1,51,1,373361,1.39,7180
대전,유성구,구강악안면외과,94,10,84,13,373361,2.52,3972
대전,유성구,내과,144,50,94,86,373361,3.86,2593
대전,유성구,마취통증의학과,44,16,28,23,373361,1.18,8485
대전,유성구,방사선종양학과,3,1,2,1,373361,0.08,124454
대전,유성구,병리과,5,2,3,5,373361,0.13,74672
대전,유성구,비뇨의학과,40,10,30,13,373361,1.07,9334
대전,유성구,사상체질과,94,2,92,2,373361,2.52,3972
대전,유성구,산부인과,25,18,7,28,373361,0.67,14934
대전,유성구,성형외과,21,5,16,5,373361,0.56,17779
대전,유성구,소아청소년과,117,26,91,63,373361,3.13,3191
대전,유성구,소아치과,94,5,89,6,373361,2.52,3972
대전,유성구,신경과,47,13,34,19,373361,1.26,7944
대전,유성구,신경외과,36,6,30,13,373361,0.96,10371
대전,유성구,심장혈관흉부외과,6,3,3,3,373361,0.16,62227
대전,유성구,안과,24,11,13,17,373361,0.64,15557
대전,유성구,영상의학과,15,9,6,18,373361,0.4,24891
대전,유성구,영상치의학과,82,0,82,0,373361,2.2,4553
대전,유성구,예방의학과,5,1,4,1,373361,0.13,74672
대전,유성구,예방치과,89,0,89,0,373361,2.38,4195
대전,유성구,외과,48,16,32,26,373361,1.29,7778
대전,유성구,응급의학과,7,3,4,16,373361,0.19,53337
대전,유성구,이비인후과,96,24,72,29,373361,2.57,3889
대전,유성구,재활의학과,44,15,29,32,373361,1.18,8485
대전,유성구,정신건강의학과,25,15,10,22,373361,0.67,14934
대전,유성구,정형외과,57,24,33,42,373361,1.53,6550
대전,유성구,직업환경의학과,5,2,3,2,373361,0.13,74672
대전,유성구,진단검사의학과,5,3,2,8,373361,0.13,74672
대전,유성구,치과,13,0,13,0,373361,0.35,28720
대전,유성구,치과교정과,75,4,71,4,373361,2.01,4978
대전,유성구,치과보존과,100,6,94,8,373361,2.68,3734
대전,유성구,치과보철과,100,8,92,12,373361,2.68,3734
대전,유성구,치주과,99,4,95,5,373361,2.65,3771
대전,유성구,침구과,110,6,104,6,373361,2.95,3394
대전,유성구,통합치의학과,64,20,44,22,373361,1.71,5834
대전,유성구,피부과,111,15,96,22,373361,2.97,3364
대전,유성구,한방내과,136,5,131,5,373361,3.64,2745
대전,유성구,한방부인과,109,1,108,1,373361,2.92,3425
대전,유성구,한방소아과,106,1,105,1,373361,2.84,3522
대전,유성구,한방신경정신과,106,1,105,1,373361,2.84,3522
대전,유성구,한방안·이비인후·피부과,106,2,104,2,373361,2.84,3522
대전,유성구,한방응급,8,0,8,0,373361,0.21,46670
대전,유성구,한방재활의학과,103,4,99,4,373361,2.76,3625
대전,유성구,핵의학과,1,0,1,0,373361,0.03,373361
대전,중구,가정의학과,47,23,24,34,223664,2.1,4759
대전,중구,결핵과,1,0,1,0,223664,0.04,223664
대전,중구,구강내과,64,1,63,1,223664,2.86,3495
대전,중구,구강병리과,48,0,48,0,223664,2.15,4660
대전,중구,구강악안면외과,71,5,66,9,223664,3.17,3150
대전,중구,내과,114,46,68,181,223664,5.1,1962
대전,중구,마취통증의학과,28,13,15,33,223664,1.25,7988
대전,중구,방사선종양학과,3,2,1,5,223664,0.13,74555
대전,중구,병리과,4,3,1,9,223664,0.18,55916
대전,중구,비뇨의학과,29,10,19,18,223664,1.3,7713
대전,중구,사상체질과,75,0,75,0,223664,3.35,2982
대전,중구,산부인과,11,6,5,20,223664,0.49,20333
대전,중구,성형외과,12,4,8,11,223664,0.54,18639
대전,중구,소아청소년과,61,9,52,33,223664,2.73,3667
대전,중구,소아치과,70,2,68,3,223664,3.13,3195
대전,중구,신경과,34,9,25,28,223664,1.52,6578
대전,중구,신경외과,32,9,23,23,223664,1.43,6990
대전,중구,심장혈관흉부외과,8,6,2,18,223664,0.36,27958
대전,중구,안과,16,9,7,24,223664,0.72,13979
대전,중구,영상의학과,16,8,8,34,223664,0.72,13979
대전,중구,영상치의학과,63,0,63,0,223664,2.82,3550
대전,중구,예방치과,66,0,66,0,223664,2.95,3389
대전,중구,외과,34,12,22,43,223664,1.52,6578
대전,중구,응급의학과,5,3,2,28,223664,0.22,44733
대전,중구,이비인후과,49,15,34,29,223664,2.19,4565
대전,중구,재활의학과,38,14,24,28,223664,1.7,5886
대전,중구,정신건강의학과,25,21,4,35,223664,1.12,8947
대전,중구,정형외과,57,25,32,50,223664,2.55,3924
대전,중구,진단검사의학과,9,3,6,8,223664,0.4,24852
대전,중구,치과,6,0,6,0,223664,0.27,37277
대전,중구,치과교정과,64,1,63,2,223664,2.86,3495
대전,중구,치과보존과,74,2,72,4,223664,3.31,3022
대전,중구,치과보철과,75,4,71,5,223664,3.35,2982
대전,중구,치주과,72,3,69,4,223664,3.22,3106
대전,중구,침구과,80,3,77,3,223664,3.58,2796
대전,중구,통합치의학과,25,14,11,21,223664,1.12,8947
대전,중구,피부과,58,8,50,11,223664,2.59,3856
대전,중구,한방내과,94,3,91,3,223664,4.2,2379
대전,중구,한방부인과,79,0,79,0,223664,3.53,2831
대전,중구,한방소아과,79,0,79,0,223664,3.53,2831
대전,중구,한방신경정신과,78,0,78,0,223664,3.49,2867
대전,중구,한방안·이비인후·피부과,79,2,77,2,223664,3.53,2831
대전,중구,한방응급,16,0,16,0,223664,0.72,13979
대전,중구,한방재활의학과,77,0,77,0,223664,3.44,2905
대전,중구,핵의학과,3,2,1,3,223664,0.13,74555
부산,강서구,가정의학과,22,6,16,6,154782,1.42,7036
부산,강서구,결핵과,1,0,1,0,154782,0.06,154782
부산,강서구,구강내과,28,0,28,0,154782,1.81,5528
부산,강서구,구강병리과,14,0,14,0,154782,0.9,11056
부산,강서구,구강악안면외과,31,1,30,1,154782,2.0,4993
부산,강서구,내과,48,15,33,18,154782,3.1,3225
부산,강서구,마취통증의학과,12,2,10,2,154782,0.78,12898
부산,강서구,비뇨의학과,10,1,9,1,154782,0.65,15478
부산,강서구,사상체질과,22,0,22,0,154782,1.42,7036
부산,강서구,산부인과,6,3,3,5,154782,0.39,25797
부산,강서구,성형외과,3,1,2,1,154782,0.19,51594
부산,강서구,소아청소년과,29,11,18,20,154782,1.87,5337
부산,강서구,소아치과,30,3,27,3,154782,1.94,5159
부산,강서구,신경과,4,0,4,0,154782,0.26,38696
부산,강서구,신경외과,11,2,9,2,154782,0.71,14071
부산,강서구,심장혈관흉부외과,2,0,2,0,154782,0.13,77391
부산,강서구,안과,10,3,7,4,154782,0.65,15478
부산,강서구,영상의학과,5,1,4,1,154782,0.32,30956
부산,강서구,영상치의학과,25,0,25,0,154782,1.62,6191
부산,강서구,예방의학과,2,0,2,0,154782,0.13,77391
부산,강서구,예방치과,30,0,30,0,154782,1.94,5159
부산,강서구,외과,15,2,13,2,154782,0.97,10319
부산,강서구,응급의학과,2,0,2,0,154782,0.13,77391
부산,강서구,이비인후과,24,6,18,7,154782,1.55,6449
부산,강서구,재활의학과,10,1,9,2,154782,0.65,15478
부산,강서구,정신건강의학과,4,1,3,2,154782,0.26,38696
부산,강서구,정형외과,18,5,13,5,154782,1.16,8599
부산,강서구,직업환경의학과,1,1,0,4,154782,0.06,154782
부산,강서구,진단검사의학과,2,0,2,0,154782,0.13,77391
부산,강서구,치과교정과,25,1,24,1,154782,1.62,6191
부산,강서구,치과보존과,31,1,30,1,154782,2.0,4993
부산,강서구,치과보철과,31,1,30,1,154782,2.0,4993
부산,강서구,치주과,31,0,31,0,154782,2.0,4993
부산,강서구,침구과,25,0,25,0,154782,1.62,6191
부산,강서구,통합치의학과,22,15,7,19,154782,1.42,7036
부산,강서구,피부과,33,3,30,3,154782,2.13,4690
부산,강서구,한방내과,25,2,23,2,154782,1.62,6191
부산,강서구,한방부인과,24,0,24,0,154782,1.55,6449
부산,강서구,한방소아과,24,0,24,0,154782,1.55,6449
부산,강서구,한방신경정신과,22,0,22,0,154782,1.42,7036
부산,강서구,한방안·이비인후·피부과,23,0,23,0,154782,1.49,6730
부산,강서구,한방재활의학과,24,0,24,0,154782,1.55,6449
부산,금정구,가정의학과,51,22,29,25,205341,2.48,4026
부산,금정구,결핵과,2,0,2,0,205341,0.1,102670
부산,금정구,구강내과,46,0,46,0,205341,2.24,4464
부산,금정구,구강병리과,24,0,24,0,205341,1.17,8556
부산,금정구,구강악안면외과,45,5,40,5,205341,2.19,4563
부산,금정구,내과,135,50,85,73,205341,6.57,1521
부산,금정구,마취통증의학과,41,15,26,16,205341,2.0,5008
부산,금정구,병리과,2,0,2,0,205341,0.1,102670
부산,금정구,비뇨의학과,53,9,44,9,205341,2.58,3874
부산,금정구,사상체질과,82,0,82,0,205341,3.99,2504
부산,금정구,산부인과,22,9,13,16,205341,1.07,9334
부산,금정구,성형외과,12,0,12,0,205341,0.58,17112
부산,금정구,소아청소년과,86,12,74,14,205341,4.19,2388
부산,금정구,소아치과,45,1,44,1,205341,2.19,4563
부산,금정구,신경과,30,6,24,6,205341,1.46,6845
부산,금정구,신경외과,40,4,36,5,205341,1.95,5134
부산,금정구,안과,15,7,8,7,205341,0.73,13689
부산,금정구,영상의학과,22,6,16,7,205341,1.07,9334
부산,금정구,영상치의학과,41,0,41,0,205341,2.0,5008
부산,금정구,예방치과,46,0,46,0,205341,2.24,4464
부산,금정구,외과,50,13,37,17,205341,2.43,4107
부산,금정구,응급의학과,1,0,1,0,205341,0.05,205341
부산,금정구,이비인후과,68,17,51,17,205341,3.31,3020
부산,금정구,재활의학과,33,7,26,10,205341,1.61,6222
부산,금정구,정신건강의학과,16,11,5,22,205341,0.78,12834
부산,금정구,정형외과,69,27,42,35,205341,3.36,2976
부산,금정구,직업환경의학과,1,1,0,3,205341,0.05,205341
부산,금정구,진단검사의학과,16,1,15,2,205341,0.78,12834
부산,금정구,치과,41,0,41,0,205341,2.0,5008
부산,금정구,치과교정과,25,3,22,3,205341,1.22,8214
부산,금정구,치과보존과,48,1,47,1,205341,2.34,4278
부산,금정구,치과보철과,49,1,48,1,205341,2.39,4191
부산,금정구,치주과,47,4,43,4,205341,2.29,4369
부산,금정구,침구과,94,2,92,2,205341,4.58,2184
부산,금정구,통합치의학과,27,6,21,6,205341,1.31,7605
부산,금정구,피부과,92,8,84,10,205341,4.48,2232
부산,금정구,한방내과,97,8,89,8,205341,4.72,2117
부산,금정구,한방부인과,88,0,88,0,205341,4.29,2333
부산,금정구,한방소아과,85,0,85,0,205341,4.14,2416
부산,금정구,한방신경정신과,85,1,84,1,205341,4.14,2416
부산,금정구,한방안·이비인후·피부과,88,1,87,1,205341,4.29,2333
부산,금정구,한방응급,5,0,5,0,205341,0.24,41068
부산,금정구,한방재활의학과,87,2,85,2,205341,4.24,2360
부산,기장군,가정의학과,31,12,19,14,175482,1.77,5661
부산,기장군,결핵과,1,0,1,0,175482,0.06,175482
부산,기장군,구강내과,26,0,26,0,175482,1.48,6749
부산,기장군,구강병리과,19,0,19,0,175482,1.08,9236
부산,기장군,구강악안면외과,33,0,33,0,175482,1.88,5318
부산,기장군,내과,79,25,54,48,175482,4.5,2221
부산,기장군,마취통증의학과,28,12,16,16,175482,1.6,6267
부산,기장군,방사선종양학과,1,1,0,3,175482,0.06,175482
부산,기장군,병리과,3,2,1,13,175482,0.17,58494
부산,기장군,비뇨의학과,25,6,19,7,175482,1.42,7019
부산,기장군,사상체질과,37,1,36,1,175482,2.11,4743
부산,기장군,산부인과,11,7,4,12,175482,0.63,15953
부산,기장군,성형외과,5,0,5,0,175482,0.28,35096
부산,기장군,소아청소년과,55,13,42,20,175482,3.13,3191
부산,기장군,소아치과,33,1,32,1,175482,1.88,5318
부산,기장군,신경과,14,0,14,0,175482,0.8,12534
부산,기장군,신경외과,23,3,20,7,175482,1.31,7630
부산,기장군,심장혈관흉부외과,2,2,0,2,175482,0.11,87741
부산,기장군,안과,12,6,6,7,175482,0.68,14624
부산,기장군,영상의학과,12,4,8,8,175482,0.68,14624
부산,기장군,영상치의학과,29,0,29,0,175482,1.65,6051
부산,기장군,예방의학과,2,0,2,0,175482,0.11,87741
부산,기장군,예방치과,32,0,32,0,175482,1.82,5484
부산,기장군,외과,21,8,13,16,175482,1.2,8356
부산,기장군,응급의학과,4,1,3,2,175482,0.23,43870
부산,기장군,이비인후과,41,9,32,10,175482,2.34,4280
부산,기장군,재활의학과,21,1,20,1,175482,1.2,8356
부산,기장군,정신건강의학과,7,5,2,6,175482,0.4,25069
부산,기장군,정형외과,36,11,25,17,175482,2.05,4874
부산,기장군,직업환경의학과,1,1,0,2,175482,0.06,175482
부산,기장군,진단검사의학과,5,2,3,3,175482,0.28,35096
부산,기장군,치과,15,0,15,0,175482,0.85,11699
부산,기장군,치과교정과,19,1,18,1,175482,1.08,9236
부산,기장군,치과보존과,33,2,31,2,175482,1.88,5318
부산,기장군,치과보철과,32,1,31,1,175482,1.82,5484
부산,기장군,치주과,33,2,31,2,175482,1.88,5318
부산,기장군,침구과,45,1,44,1,175482,2.56,3900
부산,기장군,통합치의학과,25,12,13,14,175482,1.42,7019
부산,기장군,피부과,53,5,48,5,175482,3.02,3311
부산,기장군,한방내과,47,2,45,2,175482,2.68,3734
부산,기장군,한방부인과,43,0,43,0,175482,2.45,4081
부산,기장군,한방소아과,41,1,40,1,175482,2.34,4280
부산,기장군,한방신경정신과,41,0,41,0,175482,2.34,4280
부산,기장군,한방안·이비인후·피부과,41,0,41,0,175482,2.34,4280
부산,기장군,한방응급,6,0,6,0,175482,0.34,29247
부산,기장군,한방재활의학과,40,4,36,4,175482,2.28,4387
부산,기장군,핵의학과,1,1,0,1,175482,0.06,175482
부산,남구,가정의학과,45,16,29,24,254960,1.76,5666
부산,남구,결핵과,2,0,2,0,254960,0.08,127480
부산,남구,구강내과,65,0,65,0,254960,2.55,3922
부산,남구,구강병리과,32,0,32,0,254960,1.26,7968
부산,남구,구강악안면외과,95,4,91,4,254960,3.73,2684
부산,남구,내과,127,51,76,78,254960,4.98,2008
부산,남구,마취통증의학과,47,13,34,19,254960,1.84,5425
부산,남구,방사선종양학과,1,0,1,0,254960,0.04,254960
부산,남구,병리과,4,1,3,1,254960,0.16,63740
부산,남구,비뇨의학과,38,8,30,8,254960,1.49,6709
부산,남구,사상체질과,59,1,58,1,254960,2.31,4321
부산,남구,산부인과,18,11,7,12,254960,0.71,14164
부산,남구,성형외과,18,2,16,2,254960,0.71,14164
부산,남구,소아청소년과,66,15,51,25,254960,2.59,3863
부산,남구,소아치과,93,4,89,5,254960,3.65,2742
부산,남구,신경과,35,8,27,9,254960,1.37,7285
부산,남구,신경외과,38,6,32,8,254960,1.49,6709
부산,남구,심장혈관흉부외과,5,2,3,2,254960,0.2,50992
부산,남구,안과,17,9,8,13,254960,0.67,14998
부산,남구,영상의학과,18,4,14,8,254960,0.71,14164
부산,남구,영상치의학과,60,0,60,0,254960,2.35,4249
부산,남구,예방의학과,1,0,1,0,254960,0.04,254960
부산,남구,예방치과,69,0,69,0,254960,2.71,3695
부산,남구,외과,36,9,27,13,254960,1.41,7082
부산,남구,응급의학과,4,2,2,7,254960,0.16,63740
부산,남구,이비인후과,60,21,39,27,254960,2.35,4249
부산,남구,재활의학과,37,8,29,15,254960,1.45,6891
부산,남구,정신건강의학과,22,17,5,26,254960,0.86,11589
부산,남구,정형외과,61,20,41,30,254960,2.39,4180
부산,남구,직업환경의학과,2,1,1,1,254960,0.08,127480
부산,남구,진단검사의학과,7,1,6,2,254960,0.27,36423
부산,남구,치과,1,0,1,0,254960,0.04,254960
부산,남구,치과교정과,72,4,68,5,254960,2.82,3541
부산,남구,치과보존과,78,4,74,4,254960,3.06,3269
부산,남구,치과보철과,102,4,98,4,254960,4.0,2500
부산,남구,치주과,98,3,95,3,254960,3.84,2602
부산,남구,침구과,86,3,83,3,254960,3.37,2965
부산,남구,통합치의학과,49,18,31,21,254960,1.92,5203
부산,남구,피부과,77,9,68,11,254960,3.02,3311
부산,남구,한방내과,98,7,91,7,254960,3.84,2602
부산,남구,한방부인과,93,0,93,0,254960,3.65,2742
부산,남구,한방소아과,91,1,90,1,254960,3.57,2802
부산,남구,한방신경정신과,83,2,81,2,254960,3.26,3072
부산,남구,한방안·이비인후·피부과,92,2,90,2,254960,3.61,2771
부산,남구,한방응급,5,0,5,0,254960,0.2,50992
부산,남구,한방재활의학과,67,0,67,0,254960,2.63,3805
부산,남구,핵의학과,3,0,3,0,254960,0.12,84987
부산,동구,가정의학과,24,11,13,21,83115,2.89,3463
부산,동구,구강내과,25,0,25,0,83115,3.01,3325
부산,동구,구강병리과,11,0,11,0,83115,1.32,7556
부산,동구,구강악안면외과,28,5,23,5,83115,3.37,2968
부산,동구,내과,58,22,36,63,83115,6.98,1433
부산,동구,마취통증의학과,26,13,13,27,83115,3.13,3197
부산,동구,병리과,9,4,5,10,83115,1.08,9235
부산,동구,비뇨의학과,29,10,19,10,83115,3.49,2866
부산,동구,사상체질과,32,1,31,1,83115,3.85,2597
부산,동구,산부인과,10,7,3,32,83115,1.2,8312
부산,동구,성형외과,6,1,5,2,83115,0.72,13852
부산,동구,소아청소년과,33,5,28,23,83115,3.97,2519
부산,동구,소아치과,25,0,25,0,83115,3.01,3325
부산,동구,신경과,20,5,15,10,83115,2.41,4156
부산,동구,신경외과,28,6,22,15,83115,3.37,2968
부산,동구,심장혈관흉부외과,1,0,1,0,83115,0.12,83115
부산,동구,안과,6,4,2,4,83115,0.72,13852
부산,동구,영상의학과,16,9,7,20,83115,1.93,5195
부산,동구,영상치의학과,23,0,23,0,83115,2.77,3614
부산,동구,예방의학과,2,0,2,0,83115,0.24,41558
부산,동구,예방치과,28,0,28,0,83115,3.37,2968
부산,동구,외과,22,5,17,17,83115,2.65,3778
부산,동구,응급의학과,4,1,3,6,83115,0.48,20779
부산,동구,이비인후과,24,8,16,8,83115,2.89,3463
부산,동구,재활의학과,21,5,16,6,83115,2.53,3958
부산,동구,정신건강의학과,10,6,4,11,83115,1.2,8312
부산,동구,정형외과,37,13,24,24,83115,4.45,2246
부산,동구,직업환경의학과,3,1,2,4,83115,0.36,27705
부산,동구,진단검사의학과,6,3,3,9,83115,0.72,13852
부산,동구,치과교정과,10,0,10,0,83115,1.2,8312
부산,동구,치과보존과,33,0,33,0,83115,3.97,2519
부산,동구,치과보철과,33,2,31,2,83115,3.97,2519
부산,동구,치주과,33,0,33,0,83115,3.97,2519
부산,동구,침구과,40,1,39,1,83115,4.81,2078
부산,동구,통합치의학과,23,4,19,4,83115,2.77,3614
부산,동구,피부과,32,1,31,1,83115,3.85,2597
부산,동구,한방내과,42,1,41,2,83115,5.05,1979
부산,동구,한방부인과,39,2,37,2,83115,4.69,2131
부산,동구,한방소아과,39,0,39,0,83115,4.69,2131
부산,동구,한방신경정신과,36,1,35,1,83115,4.33,2309
부산,동구,한방안·이비인후·피부과,38,0,38,0,83115,4.57,2187
부산,동구,한방응급,5,0,5,0,83115,0.6,16623
부산,동구,한방재활의학과,34,1,33,1,83115,4.09,2445
부산,동구,핵의학과,2,1,1,1,83115,0.24,41558
부산,동래구,가정의학과,77,29,48,36,270512,2.85,3513
부산,동래구,결핵과,4,0,4,0,270512,0.15,67628
부산,동래구,구강내과,93,2,91,2,270512,3.44,2909
부산,동래구,구강병리과,52,0,52,0,270512,1.92,5202
부산,동래구,구강악안면외과,112,8,104,8,270512,4.14,2415
부산,동래구,내과,157,66,91,131,270512,5.8,1723
부산,동래구,마취통증의학과,71,25,46,33,270512,2.62,3810
부산,동래구,방사선종양학과,9,0,9,0,270512,0.33,30057
부산,동래구,병리과,10,3,7,5,270512,0.37,27051
부산,동래구,비뇨의학과,61,13,48,14,270512,2.25,4435
부산,동래구,사상체질과,83,1,82,1,270512,3.07,3259
부산,동래구,산부인과,35,23,12,37,270512,1.29,7729
부산,동래구,성형외과,25,3,22,3,270512,0.92,10820
부산,동래구,소아청소년과,106,27,79,35,270512,3.92,2552
부산,동래구,소아치과,104,3,101,3,270512,3.84,2601
부산,동래구,신경과,60,9,51,13,270512,2.22,4509
부산,동래구,신경외과,64,20,44,37,270512,2.37,4227
부산,동래구,심장혈관흉부외과,10,6,4,6,270512,0.37,27051
부산,동래구,안과,33,19,14,22,270512,1.22,8197
부산,동래구,영상의학과,32,15,17,27,270512,1.18,8454
부산,동래구,영상치의학과,93,1,92,1,270512,3.44,2909
부산,동래구,예방의학과,7,0,7,0,270512,0.26,38645
부산,동래구,예방치과,108,0,108,0,270512,3.99,2505
부산,동래구,외과,63,21,42,41,270512,2.33,4294
부산,동래구,응급의학과,13,3,10,14,270512,0.48,20809
부산,동래구,이비인후과,82,22,60,28,270512,3.03,3299
부산,동래구,재활의학과,60,13,47,20,270512,2.22,4509
부산,동래구,정신건강의학과,30,17,13,24,270512,1.11,9017
부산,동래구,정형외과,88,32,56,57,270512,3.25,3074
부산,동래구,진단검사의학과,12,4,8,4,270512,0.44,22543
부산,동래구,치과교정과,64,6,58,7,270512,2.37,4227
부산,동래구,치과보존과,121,0,121,0,270512,4.47,2236
부산,동래구,치과보철과,125,8,117,8,270512,4.62,2164
부산,동래구,치주과,124,3,121,3,270512,4.58,2182
부산,동래구,침구과,131,0,131,0,270512,4.84,2065
부산,동래구,통합치의학과,95,29,66,35,270512,3.51,2847
부산,동래구,피부과,111,12,99,13,270512,4.1,2437
부산,동래구,한방내과,137,7,130,8,270512,5.06,1975
부산,동래구,한방부인과,100,1,99,1,270512,3.7,2705
부산,동래구,한방소아과,100,1,99,1,270512,3.7,2705
부산,동래구,한방신경정신과,97,0,97,0,270512,3.59,2789
부산,동래구,한방안·이비인후·피부과,99,1,98,1,270512,3.66,2732
부산,동래구,한방응급,4,0,4,0,270512,0.15,67628
부산,동래구,한방재활의학과,95,2,93,2,270512,3.51,2847
부산,부산진구,가정의학과,108,39,69,66,364184,2.97,3372
부산,부산진구,결핵과,4,1,3,1,364184,0.11,91046
부산,부산진구,구강내과,114,5,109,5,364184,3.13,3195
부산,부산진구,구강병리과,61,0,61,0,364184,1.67,5970
부산,부산진구,구강악안면외과,122,16,106,20,364184,3.35,2985
부산,부산진구,내과,220,94,126,217,364184,6.04,1655
부산,부산진구,마취통증의학과,85,35,50,61,364184,2.33,4285
부산,부산진구,방사선종양학과,3,2,1,4,364184,0.08,121395
부산,부산진구,병리과,10,4,6,7,364184,0.27,36418
부산,부산진구,비뇨의학과,78,29,49,37,364184,2.14,4669
부산,부산진구,사상체질과,149,3,146,3,364184,4.09,2444
부산,부산진구,산부인과,42,26,16,64,364184,1.15,8671
부산,부산진구,성형외과,150,80,70,117,364184,4.12,2428
부산,부산진구,소아청소년과,119,24,95,43,364184,3.27,3060
부산,부산진구,소아치과,109,3,106,5,364184,2.99,3341
부산,부산진구,신경과,62,15,47,25,364184,1.7,5874
부산,부산진구,신경외과,62,18,44,37,364184,1.7,5874
부산,부산진구,심장혈관흉부외과,12,7,5,11,364184,0.33,30349
부산,부산진구,안과,51,37,14,83,364184,1.4,7141
부산,부산진구,영상의학과,43,20,23,44,364184,1.18,8469
부산,부산진구,영상치의학과,109,0,109,0,364184,2.99,3341
부산,부산진구,예방의학과,8,1,7,1,364184,0.22,45523
부산,부산진구,예방치과,116,0,116,0,364184,3.19,3140
부산,부산진구,외과,81,31,50,71,364184,2.22,4496
부산,부산진구,응급의학과,7,3,4,18,364184,0.19,52026
부산,부산진구,이비인후과,96,31,65,42,364184,2.64,3794
부산,부산진구,재활의학과,62,13,49,19,364184,1.7,5874
부산,부산진구,정신건강의학과,37,29,8,44,364184,1.02,9843
부산,부산진구,정형외과,102,31,71,63,364184,2.8,3570
부산,부산진구,직업환경의학과,4,4,0,10,364184,0.11,91046
부산,부산진구,진단검사의학과,22,7,15,15,364184,0.6,16554
부산,부산진구,치과,21,0,21,0,364184,0.58,17342
부산,부산진구,치과교정과,88,15,73,21,364184,2.42,4138
부산,부산진구,치과보존과,127,6,121,6,364184,3.49,2868
부산,부산진구,치과보철과,133,7,126,8,364184,3.65,2738
부산,부산진구,치주과,125,5,120,5,364184,3.43,2913
부산,부산진구,침구과,164,5,159,8,364184,4.5,2221
부산,부산진구,통합치의학과,112,49,63,71,364184,3.08,3252
부산,부산진구,피부과,224,22,202,30,364184,6.15,1626
부산,부산진구,한방내과,174,10,164,16,364184,4.78,2093
부산,부산진구,한방부인과,160,2,158,2,364184,4.39,2276
부산,부산진구,한방소아과,160,1,159,2,364184,4.39,2276
부산,부산진구,한방신경정신과,154,4,150,4,364184,4.23,2365
부산,부산진구,한방안·이비인후·피부과,159,4,155,6,364184,4.37,2290
부산,부산진구,한방응급,4,0,4,0,364184,0.11,91046
부산,부산진구,한방재활의학과,157,4,153,6,364184,4.31,2320
부산,부산진구,핵의학과,1,1,0,3,364184,0.03,364184
부산,북구,가정의학과,58,25,33,25,260069,2.23,4484
부산,북구,구강내과,46,2,44,2,260069,1.77,5654
부산,북구,구강병리과,22,0,22,0,260069,0.85,11821
부산,북구,구강악안면외과,54,7,47,8,260069,2.08,4816
부산,북구,내과,134,50,84,89,260069,5.15,1941
부산,북구,마취통증의학과,46,19,27,29,260069,1.77,5654
부산,북구,방사선종양학과,1,1,0,1,260069,0.04,260069
부산,북구,병리과,2,1,1,1,260069,0.08,130034
부산,북구,비뇨의학과,40,10,30,10,260069,1.54,6502
부산,북구,사상체질과,59,0,59,0,260069,2.27,4408
부산,북구,산부인과,21,14,7,32,260069,0.81,12384
부산,북구,성형외과,14,1,13,1,260069,0.54,18576
부산,북구,소아청소년과,74,20,54,28,260069,2.85,3514
부산,북구,소아치과,50,2,48,2,260069,1.92,5201
부산,북구,신경과,36,7,29,8,260069,1.38,7224
부산,북구,신경외과,44,7,37,11,260069,1.69,5911
부산,북구,심장혈관흉부외과,3,1,2,1,260069,0.12,86690
부산,북구,안과,14,8,6,22,260069,0.54,18576
부산,북구,영상의학과,21,8,13,17,260069,0.81,12384
부산,북구,영상치의학과,43,0,43,0,260069,1.65,6048
부산,북구,예방치과,52,0,52,0,260069,2.0,5001
부산,북구,외과,38,14,24,22,260069,1.46,6844
부산,북구,응급의학과,3,2,1,7,260069,0.12,86690
부산,북구,이비인후과,65,16,49,18,260069,2.5,4001
부산,북구,재활의학과,38,7,31,12,260069,1.46,6844
부산,북구,정신건강의학과,15,11,4,15,260069,0.58,17338
부산,북구,정형외과,63,22,41,51,260069,2.42,4128
부산,북구,진단검사의학과,8,3,5,3,260069,0.31,32509
부산,북구,치과교정과,38,6,32,7,260069,1.46,6844
부산,북구,치과보존과,58,2,56,3,260069,2.23,4484
부산,북구,치과보철과,63,6,57,7,260069,2.42,4128
부산,북구,치주과,61,4,57,4,260069,2.35,4263
부산,북구,침구과,91,2,89,2,260069,3.5,2858
부산,북구,통합치의학과,66,17,49,19,260069,2.54,3940
부산,북구,피부과,84,9,75,12,260069,3.23,3096
부산,북구,한방내과,95,5,90,5,260069,3.65,2738
부산,북구,한방부인과,72,1,71,1,260069,2.77,3612
부산,북구,한방소아과,68,0,68,0,260069,2.61,3825
부산,북구,한방신경정신과,63,1,62,1,260069,2.42,4128
부산,북구,한방안·이비인후·피부과,69,1,68,1,260069,2.65,3769
부산,북구,한방응급,8,0,8,0,260069,0.31,32509
부산,북구,한방재활의학과,68,1,67,1,260069,2.61,3825
부산,사상구,가정의학과,41,21,20,28,191912,2.14,4681
부산,사상구,결핵과,1,0,1,0,191912,0.05,191912
부산,사상구,구강내과,47,1,46,1,191912,2.45,4083
부산,사상구,구강병리과,22,0,22,0,191912,1.15,8723
부산,사상구,구강악안면외과,48,1,47,1,191912,2.5,3998
부산,사상구,내과,84,39,45,79,191912,4.38,2285
부산,사상구,마취통증의학과,29,8,21,14,191912,1.51,6618
부산,사상구,방사선종양학과,1,0,1,0,191912,0.05,191912
부산,사상구,병리과,5,2,3,2,191912,0.26,38382
부산,사상구,비뇨의학과,35,8,27,13,191912,1.82,5483
부산,사상구,사상체질과,43,0,43,0,191912,2.24,4463
부산,사상구,산부인과,13,10,3,14,191912,0.68,14762
부산,사상구,성형외과,7,0,7,0,191912,0.36,27416
부산,사상구,소아청소년과,44,10,34,12,191912,2.29,4362
부산,사상구,소아치과,46,0,46,0,191912,2.4,4172
부산,사상구,신경과,22,4,18,7,191912,1.15,8723
부산,사상구,신경외과,32,6,26,11,191912,1.67,5997
부산,사상구,심장혈관흉부외과,4,2,2,4,191912,0.21,47978
부산,사상구,안과,10,7,3,8,191912,0.52,19191
부산,사상구,영상의학과,18,4,14,13,191912,0.94,10662
부산,사상구,영상치의학과,35,0,35,0,191912,1.82,5483
부산,사상구,예방치과,43,0,43,0,191912,2.24,4463
부산,사상구,외과,34,12,22,16,191912,1.77,5644
부산,사상구,응급의학과,1,1,0,5,191912,0.05,191912
부산,사상구,이비인후과,35,13,22,17,191912,1.82,5483
부산,사상구,재활의학과,33,10,23,22,191912,1.72,5816
부산,사상구,정신건강의학과,18,12,6,32,191912,0.94,10662
부산,사상구,정형외과,43,16,27,32,191912,2.24,4463
부산,사상구,직업환경의학과,3,1,2,3,191912,0.16,63971
부산,사상구,진단검사의학과,7,2,5,2,191912,0.36,27416
부산,사상구,치과교정과,22,0,22,0,191912,1.15,8723
부산,사상구,치과보존과,57,2,55,2,191912,2.97,3367
부산,사상구,치과보철과,60,2,58,2,191912,3.13,3199
부산,사상구,치주과,57,2,55,2,191912,2.97,3367
부산,사상구,침구과,52,2,50,2,191912,2.71,3691
부산,사상구,통합치의학과,26,17,9,19,191912,1.35,7381
부산,사상구,피부과,48,4,44,5,191912,2.5,3998
부산,사상구,한방내과,60,6,54,7,191912,3.13,3199
부산,사상구,한방부인과,47,1,46,1,191912,2.45,4083
부산,사상구,한방소아과,45,0,45,0,191912,2.34,4265
부산,사상구,한방신경정신과,45,0,45,0,191912,2.34,4265
부산,사상구,한방안·이비인후·피부과,46,0,46,0,191912,2.4,4172
부산,사상구,한방응급,25,0,25,0,191912,1.3,7676
부산,사상구,한방재활의학과,48,0,48,0,191912,2.5,3998
부산,사하구,가정의학과,58,16,42,20,281184,2.06,4848
부산,사하구,구강내과,71,2,69,2,281184,2.53,3960
부산,사하구,구강병리과,35,0,35,0,281184,1.24,8034
부산,사하구,구강악안면외과,78,4,74,6,281184,2.77,3605
부산,사하구,내과,159,64,95,98,281184,5.65,1768
부산,사하구,마취통증의학과,56,20,36,21,281184,1.99,5021
부산,사하구,방사선종양학과,3,0,3,0,281184,0.11,93728
부산,사하구,병리과,10,0,10,0,281184,0.36,28118
부산,사하구,비뇨의학과,47,10,37,10,281184,1.67,5983
부산,사하구,사상체질과,47,1,46,1,281184,1.67,5983
부산,사하구,산부인과,21,16,5,27,281184,0.75,13390
부산,사하구,성형외과,18,5,13,5,281184,0.64,15621
부산,사하구,소아청소년과,108,20,88,28,281184,3.84,2604
부산,사하구,소아치과,73,1,72,1,281184,2.6,3852
부산,사하구,신경과,41,7,34,7,281184,1.46,6858
부산,사하구,신경외과,55,8,47,9,281184,1.96,5112
부산,사하구,심장혈관흉부외과,3,1,2,1,281184,0.11,93728
부산,사하구,안과,18,12,6,18,281184,0.64,15621
부산,사하구,영상의학과,35,13,22,14,281184,1.24,8034
부산,사하구,영상치의학과,66,0,66,0,281184,2.35,4260
부산,사하구,예방치과,75,0,75,0,281184,2.67,3749
부산,사하구,외과,62,24,38,31,281184,2.2,4535
부산,사하구,응급의학과,2,0,2,0,281184,0.07,140592
부산,사하구,이비인후과,76,18,58,29,281184,2.7,3700
부산,사하구,재활의학과,49,6,43,6,281184,1.74,5738
부산,사하구,정신건강의학과,18,13,5,18,281184,0.64,15621
부산,사하구,정형외과,80,30,50,47,281184,2.85,3515
부산,사하구,진단검사의학과,3,0,3,0,281184,0.11,93728
부산,사하구,치과교정과,47,2,45,2,281184,1.67,5983
부산,사하구,치과보존과,83,2,81,2,281184,2.95,3388
부산,사하구,치과보철과,83,1,82,1,281184,2.95,3388
부산,사하구,치주과,81,4,77,4,281184,2.88,3471
부산,사하구,침구과,92,3,89,4,281184,3.27,3056
부산,사하구,통합치의학과,75,24,51,29,281184,2.67,3749
부산,사하구,피부과,106,10,96,10,281184,3.77,2653
부산,사하구,한방내과,103,5,98,5,281184,3.66,2730
부산,사하구,한방부인과,87,0,87,0,281184,3.09,3232
부산,사하구,한방소아과,85,0,85,0,281184,3.02,3308
부산,사하구,한방신경정신과,76,0,76,0,281184,2.7,3700
부산,사하구,한방안·이비인후·피부과,77,0,77,0,281184,2.74,3652
부산,사하구,한방응급,2,0,2,0,281184,0.07,140592
부산,사하구,한방재활의학과,64,1,63,5,281184,2.28,4394
부산,서구,가정의학과,17,12,5,29,100964,1.68,5939
부산,서구,구강내과,28,1,27,1,100964,2.77,3606
부산,서구,구강병리과,12,0,12,0,100964,1.19,8414
부산,서구,구강악안면외과,28,2,26,5,100964,2.77,3606
부산,서구,내과,49,24,25,223,100964,4.85,2060
부산,서구,마취통증의학과,14,7,7,30,100964,1.39,7212
부산,서구,방사선종양학과,4,3,1,10,100964,0.4,25241
부산,서구,병리과,4,4,0,15,100964,0.4,25241
부산,서구,비뇨의학과,17,6,11,20,100964,1.68,5939
부산,서구,사상체질과,18,0,18,0,100964,1.78,5609
부산,서구,산부인과,13,8,5,31,100964,1.29,7766
부산,서구,성형외과,6,4,2,11,100964,0.59,16827
부산,서구,소아청소년과,26,9,17,30,100964,2.58,3883
부산,서구,소아치과,26,0,26,0,100964,2.58,3883
부산,서구,신경과,12,6,6,36,100964,1.19,8414
부산,서구,신경외과,15,7,8,29,100964,1.49,6731
부산,서구,심장혈관흉부외과,6,4,2,25,100964,0.59,16827
부산,서구,안과,11,9,2,31,100964,1.09,9179
부산,서구,영상의학과,10,7,3,49,100964,0.99,10096
부산,서구,영상치의학과,24,0,24,0,100964,2.38,4207
부산,서구,예방치과,29,0,29,0,100964,2.87,3482
부산,서구,외과,16,5,11,64,100964,1.58,6310
부산,서구,응급의학과,4,4,0,30,100964,0.4,25241
부산,서구,이비인후과,21,10,11,30,100964,2.08,4808
부산,서구,재활의학과,12,7,5,20,100964,1.19,8414
부산,서구,정신건강의학과,9,8,1,16,100964,0.89,11218
부산,서구,정형외과,22,10,12,34,100964,2.18,4589
부산,서구,직업환경의학과,3,3,0,9,100964,0.3,33655
부산,서구,진단검사의학과,6,4,2,14,100964,0.59,16827
부산,서구,치과교정과,15,0,15,0,100964,1.49,6731
부산,서구,치과보존과,31,1,30,1,100964,3.07,3257
부산,서구,치과보철과,34,2,32,2,100964,3.37,2970
부산,서구,치주과,31,2,29,2,100964,3.07,3257
부산,서구,침구과,24,1,23,1,100964,2.38,4207
부산,서구,통합치의학과,22,6,16,6,100964,2.18,4589
부산,서구,피부과,25,5,20,11,100964,2.48,4039
부산,서구,한방내과,34,1,33,1,100964,3.37,2970
부산,서구,한방부인과,20,0,20,0,100964,1.98,5048
부산,서구,한방소아과,20,0,20,0,100964,1.98,5048
부산,서구,한방신경정신과,19,0,19,0,100964,1.88,5314
부산,서구,한방안·이비인후·피부과,22,1,21,1,100964,2.18,4589
부산,서구,한방응급,6,0,6,0,100964,0.59,16827
부산,서구,한방재활의학과,19,0,19,0,100964,1.88,5314
부산,서구,핵의학과,3,3,0,8,100964,0.3,33655
부산,수영구,가정의학과,45,18,27,24,169336,2.66,3763
부산,수영구,결핵과,3,0,3,0,169336,0.18,56445
부산,수영구,구강내과,59,0,59,0,169336,3.48,2870
부산,수영구,구강병리과,27,0,27,0,169336,1.59,6272
부산,수영구,구강악안면외과,67,6,61,7,169336,3.96,2527
부산,수영구,내과,110,39,71,93,169336,6.5,1539
부산,수영구,마취통증의학과,43,14,29,24,169336,2.54,3938
부산,수영구,방사선종양학과,1,1,0,2,169336,0.06,169336
부산,수영구,병리과,10,4,6,6,169336,0.59,16934
부산,수영구,비뇨의학과,38,8,30,10,169336,2.24,4456
부산,수영구,사상체질과,77,0,77,0,169336,4.55,2199
부산,수영구,산부인과,17,12,5,24,169336,1.0,9961
부산,수영구,성형외과,13,3,10,3,169336,0.77,13026
부산,수영구,소아청소년과,57,13,44,18,169336,3.37,2971
부산,수영구,소아치과,65,1,64,1,169336,3.84,2605
부산,수영구,신경과,33,9,24,11,169336,1.95,5131
부산,수영구,신경외과,44,10,34,16,169336,2.6,3849
부산,수영구,심장혈관흉부외과,9,4,5,5,169336,0.53,18815
부산,수영구,안과,15,10,5,18,169336,0.89,11289
부산,수영구,영상의학과,24,6,18,25,169336,1.42,7056
부산,수영구,영상치의학과,60,0,60,0,169336,3.54,2822
부산,수영구,예방의학과,4,0,4,0,169336,0.24,42334
부산,수영구,예방치과,68,0,68,0,169336,4.02,2490
부산,수영구,외과,44,19,25,37,169336,2.6,3849
부산,수영구,응급의학과,7,4,3,17,169336,0.41,24191
부산,수영구,이비인후과,56,15,41,19,169336,3.31,3024
부산,수영구,재활의학과,40,9,31,9,169336,2.36,4233
부산,수영구,정신건강의학과,22,18,4,23,169336,1.3,7697
부산,수영구,정형외과,56,22,34,42,169336,3.31,3024
부산,수영구,직업환경의학과,3,2,1,2,169336,0.18,56445
부산,수영구,진단검사의학과,9,3,6,4,169336,0.53,18815
부산,수영구,치과,5,0,5,0,169336,0.3,33867
부산,수영구,치과교정과,45,7,38,7,169336,2.66,3763
부산,수영구,치과보존과,78,2,76,3,169336,4.61,2171
부산,수영구,치과보철과,78,5,73,5,169336,4.61,2171
부산,수영구,치주과,79,5,74,5,169336,4.67,2143
부산,수영구,침구과,83,0,83,0,169336,4.9,2040
부산,수영구,통합치의학과,53,19,34,22,169336,3.13,3195
부산,수영구,피부과,65,5,60,7,169336,3.84,2605
부산,수영구,한방내과,90,8,82,8,169336,5.31,1882
부산,수영구,한방부인과,84,2,82,2,169336,4.96,2016
부산,수영구,한방소아과,81,0,81,0,169336,4.78,2091
부산,수영구,한방신경정신과,79,0,79,0,169336,4.67,2143
부산,수영구,한방안·이비인후·피부과,81,1,80,1,169336,4.78,2091
부산,수영구,한방응급,1,0,1,0,169336,0.06,169336
부산,수영구,한방재활의학과,83,2,81,2,169336,4.9,2040
부산,수영구,핵의학과,2,2,0,2,169336,0.12,84668
부산,연제구,가정의학과,58,25,33,32,211603,2.74,3648
부산,연제구,결핵과,3,0,3,0,211603,0.14,70534
부산,연제구,구강내과,61,0,61,0,211603,2.88,3469
부산,연제구,구강병리과,29,0,29,0,211603,1.37,7297
부산,연제구,구강악안면외과,66,5,61,5,211603,3.12,3206
부산,연제구,내과,127,46,81,82,211603,6.0,1666
부산,연제구,마취통증의학과,37,14,23,15,211603,1.75,5719
부산,연제구,방사선종양학과,1,0,1,0,211603,0.05,211603
부산,연제구,병리과,6,1,5,1,211603,0.28,35267
부산,연제구,비뇨의학과,31,8,23,9,211603,1.47,6826
부산,연제구,사상체질과,67,1,66,1,211603,3.17,3158
부산,연제구,산부인과,22,11,11,26,211603,1.04,9618
부산,연제구,성형외과,17,2,15,2,211603,0.8,12447
부산,연제구,소아청소년과,83,20,63,23,211603,3.92,2549
부산,연제구,소아치과,60,0,60,0,211603,2.84,3527
부산,연제구,신경과,39,5,34,6,211603,1.84,5426
부산,연제구,신경외과,39,6,33,6,211603,1.84,5426
부산,연제구,심장혈관흉부외과,7,4,3,4,211603,0.33,30229
부산,연제구,안과,19,10,9,17,211603,0.9,11137
부산,연제구,영상의학과,22,6,16,9,211603,1.04,9618
부산,연제구,영상치의학과,57,0,57,0,211603,2.69,3712
부산,연제구,예방의학과,1,0,1,0,211603,0.05,211603
부산,연제구,예방치과,63,0,63,0,211603,2.98,3359
부산,연제구,외과,46,19,27,35,211603,2.17,4600
부산,연제구,응급의학과,4,3,1,5,211603,0.19,52901
부산,연제구,이비인후과,54,15,39,19,211603,2.55,3919
부산,연제구,재활의학과,36,8,28,12,211603,1.7,5878
부산,연제구,정신건강의학과,27,21,6,34,211603,1.28,7837
부산,연제구,정형외과,67,24,43,31,211603,3.17,3158
부산,연제구,직업환경의학과,1,0,1,0,211603,0.05,211603
부산,연제구,진단검사의학과,6,1,5,1,211603,0.28,35267
부산,연제구,치과,1,0,1,0,211603,0.05,211603
부산,연제구,치과교정과,35,3,32,3,211603,1.65,6046
부산,연제구,치과보존과,78,1,77,1,211603,3.69,2713
부산,연제구,치과보철과,83,1,82,1,211603,3.92,2549
부산,연제구,치주과,80,3,77,3,211603,3.78,2645
부산,연제구,침구과,84,4,80,4,211603,3.97,2519
부산,연제구,통합치의학과,62,16,46,19,211603,2.93,3413
부산,연제구,피부과,94,10,84,10,211603,4.44,2251
부산,연제구,한방내과,96,6,90,6,211603,4.54,2204
부산,연제구,한방부인과,86,1,85,1,211603,4.06,2460
부산,연제구,한방소아과,84,0,84,0,211603,3.97,2519
부산,연제구,한방신경정신과,82,0,82,0,211603,3.88,2581
부산,연제구,한방안·이비인후·피부과,85,1,84,1,211603,4.02,2489
부산,연제구,한방응급,6,0,6,0,211603,0.28,35267
부산,연제구,한방재활의학과,71,2,69,2,211603,3.36,2980
부산,영도구,가정의학과,22,12,10,22,100170,2.2,4553
부산,영도구,결핵과,1,0,1,0,100170,0.1,100170
부산,영도구,구강내과,18,0,18,0,100170,1.8,5565
부산,영도구,구강병리과,8,0,8,0,100170,0.8,12521
부산,영도구,구강악안면외과,18,0,18,0,100170,1.8,5565
부산,영도구,내과,47,16,31,29,100170,4.69,2131
부산,영도구,마취통증의학과,18,6,12,7,100170,1.8,5565
부산,영도구,방사선종양학과,1,0,1,0,100170,0.1,100170
부산,영도구,병리과,5,1,4,1,100170,0.5,20034
부산,영도구,비뇨의학과,20,3,17,3,100170,2.0,5008
부산,영도구,사상체질과,17,0,17,0,100170,1.7,5892
부산,영도구,산부인과,13,9,4,9,100170,1.3,7705
부산,영도구,성형외과,3,0,3,0,100170,0.3,33390
부산,영도구,소아청소년과,27,6,21,9,100170,2.7,3710
부산,영도구,소아치과,18,0,18,0,100170,1.8,5565
부산,영도구,신경과,16,4,12,5,100170,1.6,6261
부산,영도구,신경외과,16,2,14,2,100170,1.6,6261
부산,영도구,심장혈관흉부외과,2,1,1,1,100170,0.2,50085
부산,영도구,안과,7,4,3,4,100170,0.7,14310
부산,영도구,영상의학과,8,2,6,4,100170,0.8,12521
부산,영도구,영상치의학과,14,0,14,0,100170,1.4,7155
부산,영도구,예방의학과,1,0,1,0,100170,0.1,100170
부산,영도구,예방치과,16,0,16,0,100170,1.6,6261
부산,영도구,외과,14,7,7,15,100170,1.4,7155
부산,영도구,응급의학과,2,0,2,0,100170,0.2,50085
부산,영도구,이비인후과,27,6,21,7,100170,2.7,3710
부산,영도구,재활의학과,17,6,11,8,100170,1.7,5892
부산,영도구,정신건강의학과,7,4,3,4,100170,0.7,14310
부산,영도구,정형외과,27,8,19,12,100170,2.7,3710
부산,영도구,직업환경의학과,2,1,1,2,100170,0.2,50085
부산,영도구,진단검사의학과,2,1,1,1,100170,0.2,50085
부산,영도구,치과교정과,10,1,9,1,100170,1.0,10017
부산,영도구,치과보존과,21,0,21,0,100170,2.1,4770
부산,영도구,치과보철과,23,0,23,0,100170,2.3,4355
부산,영도구,치주과,22,1,21,1,100170,2.2,4553
부산,영도구,침구과,26,1,25,1,100170,2.6,3853
부산,영도구,통합치의학과,17,5,12,5,100170,1.7,5892
부산,영도구,피부과,28,2,26,2,100170,2.8,3578
부산,영도구,한방내과,33,2,31,3,100170,3.29,3035
부산,영도구,한방부인과,27,0,27,0,100170,2.7,3710
부산,영도구,한방소아과,27,0,27,0,100170,2.7,3710
부산,영도구,한방신경정신과,23,0,23,0,100170,2.3,4355
부산,영도구,한방안·이비인후·피부과,27,0,27,0,100170,2.7,3710
부산,영도구,한방재활의학과,23,0,23,0,100170,2.3,4355
부산,영도구,핵의학과,1,0,1,0,100170,0.1,100170
부산,중구,가정의학과,26,12,14,16,36126,7.2,1389
부산,중구,결핵과,1,0,1,0,36126,0.28,36126
부산,중구,구강내과,14,0,14,0,36126,3.88,2580
부산,중구,구강병리과,6,0,6,0,36126,1.66,6021
부산,중구,구강악안면외과,18,2,16,2,36126,4.98,2007
부산,중구,내과,37,15,22,32,36126,10.24,976
부산,중구,마취통증의학과,24,8,16,12,36126,6.64,1505
부산,중구,방사선종양학과,1,0,1,0,36126,0.28,36126
부산,중구,병리과,3,1,2,1,36126,0.83,12042
부산,중구,비뇨의학과,18,6,12,8,36126,4.98,2007
부산,중구,사상체질과,14,0,14,0,36126,3.88,2580
부산,중구,산부인과,6,3,3,4,36126,1.66,6021
부산,중구,성형외과,12,2,10,2,36126,3.32,3010
부산,중구,소아청소년과,17,2,15,4,36126,4.71,2125
부산,중구,소아치과,16,0,16,0,36126,4.43,2258
부산,중구,신경과,11,3,8,5,36126,3.04,3284
부산,중구,신경외과,17,2,15,4,36126,4.71,2125
부산,중구,심장혈관흉부외과,4,1,3,2,36126,1.11,9032
부산,중구,안과,8,4,4,9,36126,2.21,4516
부산,중구,영상의학과,6,3,3,7,36126,1.66,6021
부산,중구,영상치의학과,13,0,13,0,36126,3.6,2779
부산,중구,예방의학과,2,0,2,0,36126,0.55,18063
부산,중구,예방치과,15,0,15,0,36126,4.15,2408
부산,중구,외과,14,7,7,11,36126,3.88,2580
부산,중구,응급의학과,1,0,1,0,36126,0.28,36126
부산,중구,이비인후과,17,8,9,12,36126,4.71,2125
부산,중구,재활의학과,19,3,16,3,36126,5.26,1901
부산,중구,정신건강의학과,8,4,4,5,36126,2.21,4516
부산,중구,정형외과,21,8,13,13,36126,5.81,1720
부산,중구,진단검사의학과,3,1,2,2,36126,0.83,12042
부산,중구,치과,10,0,10,0,36126,2.77,3613
부산,중구,치과교정과,13,1,12,1,36126,3.6,2779
부산,중구,치과보존과,20,0,20,0,36126,5.54,1806
부산,중구,치과보철과,20,2,18,3,36126,5.54,1806
부산,중구,치주과,21,2,19,2,36126,5.81,1720
부산,중구,침구과,17,2,15,2,36126,4.71,2125
부산,중구,통합치의학과,19,8,11,8,36126,5.26,1901
부산,중구,피부과,27,3,24,4,36126,7.47,1338
부산,중구,한방내과,29,0,29,0,36126,8.03,1246
부산,중구,한방부인과,19,0,19,0,36126,5.26,1901
부산,중구,한방소아과,17,0,17,0,36126,4.71,2125
부산,중구,한방신경정신과,16,0,16,0,36126,4.43,2258
부산,중구,한방안·이비인후·피부과,17,1,16,1,36126,4.71,2125
부산,중구,한방재활의학과,13,0,13,0,36126,3.6,2779
부산,해운대구,가정의학과,102,46,56,60,369727,2.76,3625
부산,해운대구,결핵과,3,0,3,0,369727,0.08,123242
부산,해운대구,구강내과,102,2,100,2,369727,2.76,3625
부산,해운대구,구강병리과,54,0,54,0,369727,1.46,6847
부산,해운대구,구강악안면외과,114,9,105,11,369727,3.08,3243
부산,해운대구,내과,198,77,121,184,369727,5.36,1867
부산,해운대구,마취통증의학과,71,19,52,39,369727,1.92,5207
부산,해운대구,방사선종양학과,5,1,4,2,369727,0.14,73945
부산,해운대구,병리과,5,1,4,4,369727,0.14,73945
부산,해운대구,비뇨의학과,73,14,59,17,369727,1.97,5065
부산,해운대구,사상체질과,98,0,98,0,369727,2.65,3773
부산,해운대구,산부인과,37,25,12,53,369727,1.0,9993
부산,해운대구,성형외과,69,15,54,19,369727,1.87,5358
부산,해운대구,소아청소년과,121,30,91,70,369727,3.27,3056
부산,해운대구,소아치과,113,4,109,4,369727,3.06,3272
부산,해운대구,신경과,56,9,47,17,369727,1.51,6602
부산,해운대구,신경외과,69,9,60,18,369727,1.87,5358
부산,해운대구,심장혈관흉부외과,6,2,4,6,369727,0.16,61621
부산,해운대구,안과,41,22,19,46,369727,1.11,9018
부산,해운대구,영상의학과,31,9,22,33,369727,0.84,11927
부산,해운대구,영상치의학과,99,0,99,0,369727,2.68,3735
부산,해운대구,예방의학과,3,0,3,0,369727,0.08,123242
부산,해운대구,예방치과,110,0,110,0,369727,2.98,3361
부산,해운대구,외과,78,29,49,59,369727,2.11,4740
부산,해운대구,응급의학과,5,3,2,14,369727,0.14,73945
부산,해운대구,이비인후과,111,28,83,43,369727,3.0,3331
부산,해운대구,재활의학과,57,11,46,19,369727,1.54,6486
부산,해운대구,정신건강의학과,40,26,14,38,369727,1.08,9243
부산,해운대구,정형외과,106,36,70,57,369727,2.87,3488
부산,해운대구,직업환경의학과,4,1,3,2,369727,0.11,92432
부산,해운대구,진단검사의학과,13,2,11,4,369727,0.35,28441
부산,해운대구,치과,1,0,1,0,369727,0.03,369727
부산,해운대구,치과교정과,84,7,77,7,369727,2.27,4402
부산,해운대구,치과보존과,134,4,130,4,369727,3.62,2759
부산,해운대구,치과보철과,135,5,130,6,369727,3.65,2739
부산,해운대구,치주과,138,8,130,8,369727,3.73,2679
부산,해운대구,침구과,132,3,129,4,369727,3.57,2801
부산,해운대구,통합치의학과,115,32,83,35,369727,3.11,3215
부산,해운대구,피부과,205,24,181,34,369727,5.54,1804
부산,해운대구,한방내과,151,8,143,10,369727,4.08,2449
부산,해운대구,한방부인과,142,1,141,1,369727,3.84,2604
부산,해운대구,한방소아과,139,1,138,1,369727,3.76,2660
부산,해운대구,한방신경정신과,131,4,127,4,369727,3.54,2822
부산,해운대구,한방안·이비인후·피부과,134,3,131,3,369727,3.62,2759
부산,해운대구,한방응급,15,0,15,0,369727,0.41,24648
부산,해운대구,한방재활의학과,108,4,104,9,369727,2.92,3423
부산,해운대구,핵의학과,2,1,1,3,369727,0.05,184864
서울,강남구,가정의학과,486,219,267,328,552357,8.8,1137
서울,강남구,결핵과,3,0,3,0,552357,0.05,184119
서울,강남구,구강내과,451,5,446,7,552357,8.17,1225
서울,강남구,구강병리과,368,0,368,0,552357,6.66,1501
서울,강남구,구강악안면외과,482,40,442,57,552357,8.73,1146
서울,강남구,내과,519,162,357,601,552357,9.4,1064
서울,강남구,마취통증의학과,235,71,164,196,552357,4.25,2350
서울,강남구,방사선종양학과,4,3,1,18,552357,0.07,138089
서울,강남구,병리과,13,7,6,49,552357,0.24,42489
서울,강남구,비뇨의학과,145,58,87,106,552357,2.63,3809
서울,강남구,사상체질과,373,1,372,1,552357,6.75,1481
서울,강남구,산부인과,191,117,74,257,552357,3.46,2892
서울,강남구,성형외과,918,502,416,828,552357,16.62,602
서울,강남구,소아청소년과,245,67,178,178,552357,4.44,2255
서울,강남구,소아치과,444,8,436,9,552357,8.04,1244
서울,강남구,신경과,133,33,100,84,552357,2.41,4153
서울,강남구,신경외과,140,29,111,102,552357,2.53,3945
서울,강남구,심장혈관흉부외과,31,15,16,46,552357,0.56,17818
서울,강남구,안과,132,80,52,208,552357,2.39,4185
서울,강남구,영상의학과,90,50,40,252,552357,1.63,6137
서울,강남구,영상치의학과,433,0,433,0,552357,7.84,1276
서울,강남구,예방의학과,16,1,15,1,552357,0.29,34522
서울,강남구,예방치과,454,2,452,2,552357,8.22,1217
서울,강남구,외과,242,113,129,257,552357,4.38,2282
서울,강남구,응급의학과,21,11,10,42,552357,0.38,26303
서울,강남구,이비인후과,252,103,149,176,552357,4.56,2192
서울,강남구,재활의학과,159,46,113,67,552357,2.88,3474
서울,강남구,정신건강의학과,198,150,48,207,552357,3.58,2790
서울,강남구,정형외과,236,79,157,167,552357,4.27,2340
서울,강남구,직업환경의학과,5,1,4,2,552357,0.09,110471
서울,강남구,진단검사의학과,25,7,18,36,552357,0.45,22094
서울,강남구,치과,14,0,14,0,552357,0.25,39454
서울,강남구,치과교정과,452,54,398,62,552357,8.18,1222
서울,강남구,치과보존과,482,18,464,26,552357,8.73,1146
서울,강남구,치과보철과,490,42,448,50,552357,8.87,1127
서울,강남구,치주과,487,29,458,32,552357,8.82,1134
서울,강남구,침구과,399,13,386,18,552357,7.22,1384
서울,강남구,통합치의학과,157,63,94,82,552357,2.84,3518
서울,강남구,피부과,1195,204,991,305,552357,21.63,462
서울,강남구,한방내과,410,34,376,40,552357,7.42,1347
서울,강남구,한방부인과,397,13,384,13,552357,7.19,1391
서울,강남구,한방소아과,391,3,388,3,552357,7.08,1413
서울,강남구,한방신경정신과,387,7,380,10,552357,7.01,1427
서울,강남구,한방안·이비인후·피부과,394,3,391,4,552357,7.13,1402
서울,강남구,한방응급,39,0,39,0,552357,0.71,14163
서울,강남구,한방재활의학과,391,14,377,26,552357,7.08,1413
서울,강남구,핵의학과,3,2,1,11,552357,0.05,184119
서울,강동구,가정의학과,121,43,78,59,498222,2.43,4118
서울,강동구,구강내과,195,5,190,5,498222,3.91,2555
서울,강동구,구강병리과,131,0,131,0,498222,2.63,3803
서울,강동구,구강악안면외과,205,17,188,21,498222,4.11,2430
서울,강동구,내과,243,112,131,301,498222,4.88,2050
서울,강동구,마취통증의학과,111,42,69,68,498222,2.23,4488
서울,강동구,방사선종양학과,4,3,1,5,498222,0.08,124556
서울,강동구,병리과,8,4,4,16,498222,0.16,62278
서울,강동구,비뇨의학과,67,20,47,36,498222,1.34,7436
서울,강동구,사상체질과,196,1,195,2,498222,3.93,2542
서울,강동구,산부인과,50,36,14,79,498222,1.0,9964
서울,강동구,성형외과,46,8,38,15,498222,0.92,10831
서울,강동구,소아청소년과,135,40,95,65,498222,2.71,3691
서울,강동구,소아치과,198,10,188,11,498222,3.97,2516
서울,강동구,신경과,72,18,54,37,498222,1.45,6920
서울,강동구,신경외과,98,20,78,39,498222,1.97,5084
서울,강동구,심장혈관흉부외과,11,5,6,11,498222,0.22,45293
서울,강동구,안과,44,26,18,54,498222,0.88,11323
서울,강동구,영상의학과,42,21,21,53,498222,0.84,11862
서울,강동구,영상치의학과,181,1,180,1,498222,3.63,2753
서울,강동구,예방의학과,3,0,3,0,498222,0.06,166074
서울,강동구,예방치과,200,0,200,0,498222,4.01,2491
서울,강동구,외과,73,29,44,70,498222,1.47,6825
서울,강동구,응급의학과,12,6,6,34,498222,0.24,41518
서울,강동구,이비인후과,138,49,89,67,498222,2.77,3610
서울,강동구,재활의학과,102,35,67,52,498222,2.05,4885
서울,강동구,정신건강의학과,54,36,18,48,498222,1.08,9226
서울,강동구,정형외과,135,58,77,103,498222,2.71,3691
서울,강동구,진단검사의학과,14,5,9,23,498222,0.28,35587
서울,강동구,치과,9,0,9,0,498222,0.18,55358
서울,강동구,치과교정과,179,17,162,19,498222,3.59,2783
서울,강동구,치과보존과,219,11,208,16,498222,4.4,2275
서울,강동구,치과보철과,221,14,207,23,498222,4.44,2254
서울,강동구,치주과,217,11,206,15,498222,4.36,2296
서울,강동구,침구과,206,16,190,22,498222,4.13,2419
서울,강동구,통합치의학과,179,72,107,80,498222,3.59,2783
서울,강동구,피부과,178,31,147,42,498222,3.57,2799
서울,강동구,한방내과,211,13,198,21,498222,4.24,2361
서울,강동구,한방부인과,206,6,200,8,498222,4.13,2419
서울,강동구,한방소아과,203,2,201,3,498222,4.07,2454
서울,강동구,한방신경정신과,200,4,196,5,498222,4.01,2491
서울,강동구,한방안·이비인후·피부과,205,3,202,3,498222,4.11,2430
서울,강동구,한방응급,90,0,90,0,498222,1.81,5536
서울,강동구,한방재활의학과,206,9,197,10,498222,4.13,2419
서울,강동구,핵의학과,2,2,0,2,498222,0.04,249111
서울,강북구,가정의학과,67,20,47,28,277509,2.41,4142
서울,강북구,결핵과,6,1,5,1,277509,0.22,46252
서울,강북구,구강내과,95,0,95,0,277509,3.42,2921
서울,강북구,구강병리과,63,0,63,0,277509,2.27,4405
서울,강북구,구강악안면외과,107,7,100,7,277509,3.86,2594
서울,강북구,내과,170,56,114,89,277509,6.13,1632
서울,강북구,마취통증의학과,66,26,40,31,277509,2.38,4205
서울,강북구,병리과,6,1,5,1,277509,0.22,46252
서울,강북구,비뇨의학과,70,13,57,18,277509,2.52,3964
서울,강북구,사상체질과,81,2,79,2,277509,2.92,3426
서울,강북구,산부인과,27,14,13,24,277509,0.97,10278
서울,강북구,성형외과,35,6,29,6,277509,1.26,7929
서울,강북구,소아청소년과,116,13,103,18,277509,4.18,2392
서울,강북구,소아치과,103,1,102,1,277509,3.71,2694
서울,강북구,신경과,40,8,32,8,277509,1.44,6938
서울,강북구,신경외과,63,11,52,14,277509,2.27,4405
서울,강북구,심장혈관흉부외과,5,1,4,1,277509,0.18,55502
서울,강북구,안과,24,12,12,29,277509,0.86,11563
서울,강북구,영상의학과,36,10,26,11,277509,1.3,7709
서울,강북구,영상치의학과,90,0,90,0,277509,3.24,3083
서울,강북구,예방의학과,4,1,3,1,277509,0.14,69377
서울,강북구,예방치과,97,0,97,0,277509,3.5,2861
서울,강북구,외과,69,22,47,32,277509,2.49,4022
서울,강북구,응급의학과,8,1,7,1,277509,0.29,34689
서울,강북구,이비인후과,84,22,62,27,277509,3.03,3304
서울,강북구,재활의학과,62,10,52,22,277509,2.23,4476
서울,강북구,정신건강의학과,21,11,10,14,277509,0.76,13215
서울,강북구,정형외과,102,26,76,40,277509,3.68,2721
서울,강북구,직업환경의학과,2,0,2,0,277509,0.07,138754
서울,강북구,진단검사의학과,9,3,6,3,277509,0.32,30834
서울,강북구,치과교정과,76,6,70,6,277509,2.74,3651
서울,강북구,치과보존과,115,6,109,6,277509,4.14,2413
서울,강북구,치과보철과,116,9,107,10,277509,4.18,2392
서울,강북구,치주과,112,2,110,2,277509,4.04,2478
서울,강북구,침구과,100,3,97,3,277509,3.6,2775
서울,강북구,통합치의학과,74,22,52,32,277509,2.67,3750
서울,강북구,피부과,120,8,112,10,277509,4.32,2313
서울,강북구,한방내과,101,6,95,6,277509,3.64,2748
서울,강북구,한방부인과,96,2,94,2,277509,3.46,2891
서울,강북구,한방소아과,95,0,95,0,277509,3.42,2921
서울,강북구,한방신경정신과,90,0,90,0,277509,3.24,3083
서울,강북구,한방안·이비인후·피부과,91,1,90,1,277509,3.28,3050
서울,강북구,한방응급,5,0,5,0,277509,0.18,55502
서울,강북구,한방재활의학과,88,2,86,5,277509,3.17,3154
서울,강북구,핵의학과,1,0,1,0,277509,0.04,277509
서울,강서구,가정의학과,154,51,103,70,547821,2.81,3557
서울,강서구,결핵과,4,0,4,0,547821,0.07,136955
서울,강서구,구강내과,185,0,185,0,547821,3.38,2961
서울,강서구,구강병리과,115,0,115,0,547821,2.1,4764
서울,강서구,구강악안면외과,193,18,175,21,547821,3.52,2838
서울,강서구,내과,296,102,194,232,547821,5.4,1851
서울,강서구,마취통증의학과,117,39,78,74,547821,2.14,4682
서울,강서구,방사선종양학과,1,1,0,2,547821,0.02,547821
서울,강서구,병리과,11,2,9,15,547821,0.2,49802
서울,강서구,비뇨의학과,120,25,95,30,547821,2.19,4565
서울,강서구,사상체질과,188,4,184,4,547821,3.43,2914
서울,강서구,산부인과,58,32,26,97,547821,1.06,9445
서울,강서구,성형외과,42,5,37,8,547821,0.77,13043
서울,강서구,소아청소년과,211,39,172,74,547821,3.85,2596
서울,강서구,소아치과,188,10,178,10,547821,3.43,2914
서울,강서구,신경과,66,12,54,25,547821,1.2,8300
서울,강서구,신경외과,103,20,83,44,547821,1.88,5319
서울,강서구,심장혈관흉부외과,10,2,8,12,547821,0.18,54782
서울,강서구,안과,52,26,26,50,547821,0.95,10535
서울,강서구,영상의학과,66,23,43,58,547821,1.2,8300
서울,강서구,영상치의학과,178,0,178,0,547821,3.25,3078
서울,강서구,예방의학과,2,0,2,0,547821,0.04,273910
서울,강서구,예방치과,180,0,180,0,547821,3.29,3043
서울,강서구,외과,111,29,82,62,547821,2.03,4935
서울,강서구,응급의학과,9,3,6,21,547821,0.16,60869
서울,강서구,이비인후과,178,48,130,63,547821,3.25,3078
서울,강서구,재활의학과,98,23,75,37,547821,1.79,5590
서울,강서구,정신건강의학과,53,32,21,45,547821,0.97,10336
서울,강서구,정형외과,159,59,100,130,547821,2.9,3445
서울,강서구,직업환경의학과,2,1,1,1,547821,0.04,273910
서울,강서구,진단검사의학과,13,5,8,9,547821,0.24,42140
서울,강서구,치과,5,0,5,0,547821,0.09,109564
서울,강서구,치과교정과,154,14,140,14,547821,2.81,3557
서울,강서구,치과보존과,205,7,198,7,547821,3.74,2672
서울,강서구,치과보철과,211,11,200,14,547821,3.85,2596
서울,강서구,치주과,206,8,198,9,547821,3.76,2659
서울,강서구,침구과,216,8,208,8,547821,3.94,2536
서울,강서구,통합치의학과,164,63,101,77,547821,2.99,3340
서울,강서구,피부과,229,24,205,36,547821,4.18,2392
서울,강서구,한방내과,217,13,204,14,547821,3.96,2525
서울,강서구,한방부인과,214,1,213,1,547821,3.91,2560
서울,강서구,한방소아과,212,0,212,0,547821,3.87,2584
서울,강서구,한방신경정신과,206,3,203,3,547821,3.76,2659
서울,강서구,한방안·이비인후·피부과,209,2,207,2,547821,3.82,2621
서울,강서구,한방응급,17,0,17,0,547821,0.31,32225
서울,강서구,한방재활의학과,199,7,192,8,547821,3.63,2753
서울,강서구,핵의학과,1,1,0,3,547821,0.02,547821
서울,관악구,가정의학과,116,47,69,53,477297,2.43,4115
서울,관악구,결핵과,6,0,6,0,477297,0.13,79550
서울,관악구,구강내과,143,2,141,2,477297,3.0,3338
서울,관악구,구강병리과,94,0,94,0,477297,1.97,5078
서울,관악구,구강악안면외과,156,16,140,16,477297,3.27,3060
서울,관악구,내과,214,72,142,122,477297,4.48,2230
서울,관악구,마취통증의학과,77,26,51,29,477297,1.61,6199
서울,관악구,방사선종양학과,4,0,4,0,477297,0.08,119324
서울,관악구,병리과,11,1,10,2,477297,0.23,43391
서울,관악구,비뇨의학과,76,14,62,16,477297,1.59,6280
서울,관악구,사상체질과,121,0,121,0,477297,2.54,3945
서울,관악구,산부인과,56,30,26,48,477297,1.17,8523
서울,관악구,성형외과,40,2,38,3,477297,0.84,11932
서울,관악구,소아청소년과,129,23,106,29,477297,2.7,3700
서울,관악구,소아치과,144,4,140,5,477297,3.02,3315
서울,관악구,신경과,57,7,50,12,477297,1.19,8374
서울,관악구,신경외과,74,10,64,14,477297,1.55,6450
서울,관악구,심장혈관흉부외과,16,1,15,1,477297,0.34,29831
서울,관악구,안과,45,15,30,25,477297,0.94,10607
서울,관악구,영상의학과,36,10,26,17,477297,0.75,13258
서울,관악구,영상치의학과,132,0,132,0,477297,2.77,3616
서울,관악구,예방의학과,3,0,3,0,477297,0.06,159099
서울,관악구,예방치과,140,0,140,0,477297,2.93,3409
서울,관악구,외과,73,15,58,29,477297,1.53,6538
서울,관악구,응급의학과,12,2,10,12,477297,0.25,39775
서울,관악구,이비인후과,111,28,83,32,477297,2.33,4300
서울,관악구,재활의학과,76,17,59,19,477297,1.59,6280
서울,관악구,정신건강의학과,57,29,28,34,477297,1.19,8374
서울,관악구,정형외과,125,44,81,60,477297,2.62,3818
서울,관악구,직업환경의학과,4,2,2,2,477297,0.08,119324
서울,관악구,진단검사의학과,15,1,14,1,477297,0.31,31820
서울,관악구,치과,23,0,23,0,477297,0.48,20752
서울,관악구,치과교정과,124,11,113,12,477297,2.6,3849
서울,관악구,치과보존과,161,10,151,11,477297,3.37,2965
서울,관악구,치과보철과,167,11,156,12,477297,3.5,2858
서울,관악구,치주과,166,11,155,12,477297,3.48,2875
서울,관악구,침구과,126,4,122,4,477297,2.64,3788
서울,관악구,통합치의학과,121,43,78,47,477297,2.54,3945
서울,관악구,피부과,154,12,142,13,477297,3.23,3099
서울,관악구,한방내과,144,5,139,5,477297,3.02,3315
서울,관악구,한방부인과,128,1,127,1,477297,2.68,3729
서울,관악구,한방소아과,126,1,125,1,477297,2.64,3788
서울,관악구,한방신경정신과,128,1,127,1,477297,2.68,3729
서울,관악구,한방안·이비인후·피부과,129,3,126,4,477297,2.7,3700
서울,관악구,한방응급,13,0,13,0,477297,0.27,36715
서울,관악구,한방재활의학과,124,2,122,2,477297,2.6,3849
서울,관악구,핵의학과,2,0,2,0,477297,0.04,238648
서울,광진구,가정의학과,82,26,56,35,330791,2.48,4034
서울,광진구,결핵과,4,0,4,0,330791,0.12,82698
서울,광진구,구강내과,121,2,119,2,330791,3.66,2734
서울,광진구,구강병리과,66,0,66,0,330791,2.0,5012
서울,광진구,구강악안면외과,137,10,127,10,330791,4.14,2415
서울,광진구,내과,185,58,127,156,330791,5.59,1788
서울,광진구,마취통증의학과,77,31,46,48,330791,2.33,4296
서울,광진구,방사선종양학과,2,1,1,3,330791,0.06,165396
서울,광진구,병리과,11,2,9,11,330791,0.33,30072
서울,광진구,비뇨의학과,56,9,47,16,330791,1.69,5907
서울,광진구,사상체질과,94,1,93,1,330791,2.84,3519
서울,광진구,산부인과,40,25,15,51,330791,1.21,8270
서울,광진구,성형외과,33,2,31,5,330791,1.0,10024
서울,광진구,소아청소년과,136,18,118,29,330791,4.11,2432
서울,광진구,소아치과,122,1,121,1,330791,3.69,2711
서울,광진구,신경과,47,5,42,16,330791,1.42,7038
서울,광진구,신경외과,64,11,53,19,330791,1.93,5169
서울,광진구,심장혈관흉부외과,8,3,5,6,330791,0.24,41349
서울,광진구,안과,38,18,20,28,330791,1.15,8705
서울,광진구,영상의학과,27,15,12,45,330791,0.82,12252
서울,광진구,영상치의학과,116,0,116,0,330791,3.51,2852
서울,광진구,예방의학과,1,0,1,0,330791,0.03,330791
서울,광진구,예방치과,131,0,131,0,330791,3.96,2525
서울,광진구,외과,55,18,37,41,330791,1.66,6014
서울,광진구,응급의학과,6,2,4,12,330791,0.18,55132
서울,광진구,이비인후과,102,29,73,39,330791,3.08,3243
서울,광진구,재활의학과,65,15,50,23,330791,1.96,5089
서울,광진구,정신건강의학과,32,27,5,57,330791,0.97,10337
서울,광진구,정형외과,105,33,72,62,330791,3.17,3150
서울,광진구,직업환경의학과,1,0,1,0,330791,0.03,330791
서울,광진구,진단검사의학과,16,3,13,8,330791,0.48,20674
서울,광진구,치과교정과,104,12,92,12,330791,3.14,3181
서울,광진구,치과보존과,139,6,133,6,330791,4.2,2380
서울,광진구,치과보철과,142,5,137,5,330791,4.29,2330
서울,광진구,치주과,140,5,135,5,330791,4.23,2363
서울,광진구,침구과,107,2,105,2,330791,3.23,3092
서울,광진구,통합치의학과,105,32,73,37,330791,3.17,3150
서울,광진구,피부과,129,17,112,21,330791,3.9,2564
서울,광진구,한방내과,125,9,116,9,330791,3.78,2646
서울,광진구,한방부인과,106,1,105,1,330791,3.2,3121
서울,광진구,한방소아과,103,0,103,0,330791,3.11,3212
서울,광진구,한방신경정신과,103,0,103,0,330791,3.11,3212
서울,광진구,한방안·이비인후·피부과,102,1,101,1,330791,3.08,3243
서울,광진구,한방응급,11,0,11,0,330791,0.33,30072
서울,광진구,한방재활의학과,102,2,100,2,330791,3.08,3243
서울,광진구,핵의학과,2,1,1,2,330791,0.06,165396
서울,구로구,가정의학과,94,31,63,42,382302,2.46,4067
서울,구로구,결핵과,1,1,0,1,382302,0.03,382302
서울,구로구,구강내과,122,0,122,0,382302,3.19,3134
서울,구로구,구강병리과,99,0,99,0,382302,2.59,3862
서울,구로구,구강악안면외과,126,7,119,9,382302,3.3,3034
서울,구로구,내과,201,65,136,185,382302,5.26,1902
서울,구로구,마취통증의학과,64,25,39,45,382302,1.67,5973
서울,구로구,방사선종양학과,1,1,0,3,382302,0.03,382302
서울,구로구,병리과,7,3,4,8,382302,0.18,54615
서울,구로구,비뇨의학과,91,15,76,21,382302,2.38,4201
서울,구로구,사상체질과,97,0,97,0,382302,2.54,3941
서울,구로구,산부인과,47,25,22,63,382302,1.23,8134
서울,구로구,성형외과,32,6,26,11,382302,0.84,11947
서울,구로구,소아청소년과,139,26,113,64,382302,3.64,2750
서울,구로구,소아치과,125,5,120,5,382302,3.27,3058
서울,구로구,신경과,44,6,38,18,382302,1.15,8689
서울,구로구,신경외과,71,12,59,26,382302,1.86,5385
서울,구로구,심장혈관흉부외과,12,5,7,11,382302,0.31,31858
서울,구로구,안과,42,20,22,41,382302,1.1,9102
서울,구로구,영상의학과,37,13,24,53,382302,0.97,10332
서울,구로구,영상치의학과,113,1,112,1,382302,2.96,3383
서울,구로구,예방의학과,1,0,1,0,382302,0.03,382302
서울,구로구,예방치과,160,0,160,0,382302,4.19,2389
서울,구로구,외과,72,23,49,58,382302,1.88,5310
서울,구로구,응급의학과,9,6,3,20,382302,0.24,42478
서울,구로구,이비인후과,123,27,96,37,382302,3.22,3108
서울,구로구,재활의학과,67,19,48,27,382302,1.75,5706
서울,구로구,정신건강의학과,22,15,7,30,382302,0.58,17377
서울,구로구,정형외과,121,37,84,61,382302,3.17,3160
서울,구로구,직업환경의학과,2,2,0,15,382302,0.05,191151
서울,구로구,진단검사의학과,9,1,8,6,382302,0.24,42478
서울,구로구,치과교정과,109,3,106,5,382302,2.85,3507
서울,구로구,치과보존과,129,4,125,4,382302,3.37,2964
서울,구로구,치과보철과,129,7,122,9,382302,3.37,2964
서울,구로구,치주과,127,7,120,7,382302,3.32,3010
서울,구로구,침구과,113,8,105,8,382302,2.96,3383
서울,구로구,통합치의학과,65,39,26,44,382302,1.7,5882
서울,구로구,피부과,155,10,145,15,382302,4.05,2466
서울,구로구,한방내과,129,9,120,9,382302,3.37,2964
서울,구로구,한방부인과,106,0,106,0,382302,2.77,3607
서울,구로구,한방소아과,105,1,104,1,382302,2.75,3641
서울,구로구,한방신경정신과,105,1,104,1,382302,2.75,3641
서울,구로구,한방안·이비인후·피부과,104,2,102,2,382302,2.72,3676
서울,구로구,한방응급,5,0,5,0,382302,0.13,76460
서울,구로구,한방재활의학과,105,3,102,3,382302,2.75,3641
서울,구로구,핵의학과,1,1,0,3,382302,0.03,382302
서울,금천구,가정의학과,43,19,24,27,222368,1.93,5171
서울,금천구,구강내과,68,0,68,0,222368,3.06,3270
서울,금천구,구강병리과,36,0,36,0,222368,1.62,6177
서울,금천구,구강악안면외과,82,4,78,4,222368,3.69,2712
서울,금천구,내과,113,42,71,65,222368,5.08,1968
서울,금천구,마취통증의학과,46,17,29,20,222368,2.07,4834
서울,금천구,방사선종양학과,2,1,1,1,222368,0.09,111184
서울,금천구,병리과,2,1,1,2,222368,0.09,111184
서울,금천구,비뇨의학과,35,10,25,10,222368,1.57,6353
서울,금천구,사상체질과,73,0,73,0,222368,3.28,3046
서울,금천구,산부인과,18,12,6,14,222368,0.81,12354
서울,금천구,성형외과,11,0,11,0,222368,0.49,20215
서울,금천구,소아청소년과,74,12,62,13,222368,3.33,3005
서울,금천구,소아치과,64,2,62,3,222368,2.88,3474
서울,금천구,신경과,16,4,12,4,222368,0.72,13898
서울,금천구,신경외과,42,6,36,9,222368,1.89,5294
서울,금천구,심장혈관흉부외과,2,0,2,0,222368,0.09,111184
서울,금천구,안과,15,8,7,10,222368,0.67,14825
서울,금천구,영상의학과,26,9,17,12,222368,1.17,8553
서울,금천구,영상치의학과,58,0,58,0,222368,2.61,3834
서울,금천구,예방의학과,2,0,2,0,222368,0.09,111184
서울,금천구,예방치과,71,0,71,0,222368,3.19,3132
서울,금천구,외과,27,6,21,8,222368,1.21,8236
서울,금천구,응급의학과,1,1,0,5,222368,0.04,222368
서울,금천구,이비인후과,60,17,43,19,222368,2.7,3706
서울,금천구,재활의학과,42,13,29,17,222368,1.89,5294
서울,금천구,정신건강의학과,17,14,3,25,222368,0.76,13080
서울,금천구,정형외과,65,24,41,35,222368,2.92,3421
서울,금천구,직업환경의학과,3,3,0,6,222368,0.13,74123
서울,금천구,진단검사의학과,11,2,9,2,222368,0.49,20215
서울,금천구,치과,8,0,8,0,222368,0.36,27796
서울,금천구,치과교정과,54,0,54,0,222368,2.43,4118
서울,금천구,치과보존과,84,4,80,4,222368,3.78,2647
서울,금천구,치과보철과,86,9,77,10,222368,3.87,2586
서울,금천구,치주과,83,4,79,4,222368,3.73,2679
서울,금천구,침구과,82,2,80,2,222368,3.69,2712
서울,금천구,통합치의학과,75,19,56,21,222368,3.37,2965
서울,금천구,피부과,65,3,62,4,222368,2.92,3421
서울,금천구,한방내과,79,3,76,3,222368,3.55,2815
서울,금천구,한방부인과,79,0,79,0,222368,3.55,2815
서울,금천구,한방소아과,79,2,77,2,222368,3.55,2815
서울,금천구,한방신경정신과,77,1,76,1,222368,3.46,2888
서울,금천구,한방안·이비인후·피부과,79,0,79,0,222368,3.55,2815
서울,금천구,한방응급,15,0,15,0,222368,0.67,14825
서울,금천구,한방재활의학과,79,1,78,1,222368,3.55,2815
서울,노원구,가정의학과,94,40,54,53,480045,1.96,5107
서울,노원구,결핵과,1,0,1,0,480045,0.02,480045
서울,노원구,구강내과,143,1,142,1,480045,2.98,3357
서울,노원구,구강병리과,89,0,89,0,480045,1.85,5394
서울,노원구,구강악안면외과,157,11,146,13,480045,3.27,3058
서울,노원구,내과,204,74,130,183,480045,4.25,2353
서울,노원구,마취통증의학과,84,31,53,54,480045,1.75,5715
서울,노원구,방사선종양학과,4,3,1,8,480045,0.08,120011
서울,노원구,병리과,5,3,2,10,480045,0.1,96009
서울,노원구,비뇨의학과,68,18,50,29,480045,1.42,7059
서울,노원구,사상체질과,119,0,119,0,480045,2.48,4034
서울,노원구,산부인과,43,29,14,55,480045,0.9,11164
서울,노원구,성형외과,37,10,27,15,480045,0.77,12974
서울,노원구,소아청소년과,126,31,95,51,480045,2.62,3810
서울,노원구,소아치과,163,4,159,5,480045,3.4,2945
서울,노원구,신경과,65,10,55,25,480045,1.35,7385
서울,노원구,신경외과,78,13,65,24,480045,1.62,6154
서울,노원구,심장혈관흉부외과,7,3,4,7,480045,0.15,68578
서울,노원구,안과,44,25,19,47,480045,0.92,10910
서울,노원구,영상의학과,32,12,20,38,480045,0.67,15001
서울,노원구,영상치의학과,141,2,139,3,480045,2.94,3405
서울,노원구,예방의학과,2,0,2,0,480045,0.04,240022
서울,노원구,예방치과,147,0,147,0,480045,3.06,3266
서울,노원구,외과,75,22,53,59,480045,1.56,6401
서울,노원구,응급의학과,9,6,3,23,480045,0.19,53338
서울,노원구,이비인후과,120,39,81,55,480045,2.5,4000
서울,노원구,재활의학과,83,13,70,22,480045,1.73,5784
서울,노원구,정신건강의학과,38,22,16,35,480045,0.79,12633
서울,노원구,정형외과,125,39,86,83,480045,2.6,3840
서울,노원구,직업환경의학과,2,0,2,0,480045,0.04,240022
서울,노원구,진단검사의학과,14,3,11,7,480045,0.29,34289
서울,노원구,치과,1,0,1,0,480045,0.02,480045
서울,노원구,치과교정과,131,17,114,18,480045,2.73,3664
서울,노원구,치과보존과,172,4,168,4,480045,3.58,2791
서울,노원구,치과보철과,177,12,165,12,480045,3.69,2712
서울,노원구,치주과,169,5,164,6,480045,3.52,2841
서울,노원구,침구과,151,9,142,10,480045,3.15,3179
서울,노원구,통합치의학과,132,42,90,48,480045,2.75,3637
서울,노원구,피부과,154,23,131,31,480045,3.21,3117
서울,노원구,한방내과,155,7,148,8,480045,3.23,3097
서울,노원구,한방부인과,150,2,148,2,480045,3.12,3200
서울,노원구,한방소아과,147,0,147,0,480045,3.06,3266
서울,노원구,한방신경정신과,140,1,139,1,480045,2.92,3429
서울,노원구,한방안·이비인후·피부과,147,1,146,1,480045,3.06,3266
서울,노원구,한방응급,28,0,28,0,480045,0.58,17144
서울,노원구,한방재활의학과,123,5,118,8,480045,2.56,3903
서울,노원구,핵의학과,4,3,1,6,480045,0.08,120011
서울,도봉구,가정의학과,40,16,24,20,297820,1.34,7446
서울,도봉구,결핵과,1,1,0,1,297820,0.03,297820
서울,도봉구,구강내과,68,0,68,0,297820,2.28,4380
서울,도봉구,구강병리과,44,0,44,0,297820,1.48,6769
서울,도봉구,구강악안면외과,72,5,67,5,297820,2.42,4136
서울,도봉구,내과,120,44,76,80,297820,4.03,2482
서울,도봉구,마취통증의학과,35,16,19,21,297820,1.18,8509
서울,도봉구,병리과,1,1,0,1,297820,0.03,297820
서울,도봉구,비뇨의학과,43,5,38,6,297820,1.44,6926
서울,도봉구,사상체질과,84,0,84,0,297820,2.82,3545
서울,도봉구,산부인과,18,11,7,19,297820,0.6,16546
서울,도봉구,성형외과,10,1,9,3,297820,0.34,29782
서울,도봉구,소아청소년과,83,17,66,21,297820,2.79,3588
서울,도봉구,소아치과,73,0,73,0,297820,2.45,4080
서울,도봉구,신경과,26,6,20,13,297820,0.87,11455
서울,도봉구,신경외과,41,5,36,8,297820,1.38,7264
서울,도봉구,심장혈관흉부외과,1,1,0,1,297820,0.03,297820
서울,도봉구,안과,20,10,10,10,297820,0.67,14891
서울,도봉구,영상의학과,24,8,16,14,297820,0.81,12409
서울,도봉구,영상치의학과,65,0,65,0,297820,2.18,4582
서울,도봉구,예방의학과,1,0,1,0,297820,0.03,297820
서울,도봉구,예방치과,72,0,72,0,297820,2.42,4136
서울,도봉구,외과,44,17,27,22,297820,1.48,6769
서울,도봉구,응급의학과,3,2,1,13,297820,0.1,99273
서울,도봉구,이비인후과,59,17,42,17,297820,1.98,5048
서울,도봉구,재활의학과,49,10,39,15,297820,1.65,6078
서울,도봉구,정신건강의학과,18,11,7,19,297820,0.6,16546
서울,도봉구,정형외과,65,18,47,36,297820,2.18,4582
서울,도봉구,직업환경의학과,1,1,0,8,297820,0.03,297820
서울,도봉구,진단검사의학과,8,1,7,1,297820,0.27,37228
서울,도봉구,치과,21,0,21,0,297820,0.71,14182
서울,도봉구,치과교정과,64,4,60,4,297820,2.15,4653
서울,도봉구,치과보존과,76,5,71,5,297820,2.55,3919
서울,도봉구,치과보철과,81,7,74,8,297820,2.72,3677
서울,도봉구,치주과,78,2,76,2,297820,2.62,3818
서울,도봉구,침구과,90,5,85,5,297820,3.02,3309
서울,도봉구,통합치의학과,49,21,28,23,297820,1.65,6078
서울,도봉구,피부과,73,8,65,10,297820,2.45,4080
서울,도봉구,한방내과,93,3,90,4,297820,3.12,3202
서울,도봉구,한방부인과,87,1,86,1,297820,2.92,3423
서울,도봉구,한방소아과,85,0,85,0,297820,2.85,3504
서울,도봉구,한방신경정신과,87,1,86,1,297820,2.92,3423
서울,도봉구,한방안·이비인후·피부과,87,1,86,1,297820,2.92,3423
서울,도봉구,한방응급,54,0,54,0,297820,1.81,5515
서울,도봉구,한방재활의학과,89,1,88,1,297820,2.99,3346
서울,도봉구,핵의학과,1,1,0,2,297820,0.03,297820
서울,동대문구,가정의학과,80,24,56,33,353448,2.26,4418
서울,동대문구,결핵과,6,1,5,1,353448,0.17,58908
서울,동대문구,구강내과,126,3,123,5,353448,3.56,2805
서울,동대문구,구강병리과,79,0,79,0,353448,2.24,4474
서울,동대문구,구강악안면외과,131,14,117,22,353448,3.71,2698
서울,동대문구,내과,195,73,122,208,353448,5.52,1813
서울,동대문구,마취통증의학과,67,24,43,53,353448,1.9,5275
서울,동대문구,방사선종양학과,3,1,2,3,353448,0.08,117816
서울,동대문구,병리과,16,4,12,26,353448,0.45,22090
서울,동대문구,비뇨의학과,70,15,55,21,353448,1.98,5049
서울,동대문구,사상체질과,133,2,131,4,353448,3.76,2658
서울,동대문구,산부인과,38,26,12,55,353448,1.08,9301
서울,동대문구,성형외과,33,6,27,8,353448,0.93,10711
서울,동대문구,소아청소년과,125,22,103,44,353448,3.54,2828
서울,동대문구,소아치과,136,4,132,10,353448,3.85,2599
서울,동대문구,신경과,50,13,37,27,353448,1.41,7069
서울,동대문구,신경외과,82,13,69,21,353448,2.32,4310
서울,동대문구,심장혈관흉부외과,9,3,6,7,353448,0.25,39272
서울,동대문구,안과,35,20,15,34,353448,0.99,10099
서울,동대문구,영상의학과,40,17,23,43,353448,1.13,8836
서울,동대문구,영상치의학과,118,3,115,4,353448,3.34,2995
서울,동대문구,예방의학과,1,0,1,0,353448,0.03,353448
서울,동대문구,예방치과,130,0,130,0,353448,3.68,2719
서울,동대문구,외과,67,15,52,36,353448,1.9,5275
서울,동대문구,응급의학과,8,4,4,19,353448,0.23,44181
서울,동대문구,이비인후과,99,29,70,38,353448,2.8,3570
서울,동대문구,재활의학과,88,18,70,31,353448,2.49,4016
서울,동대문구,정신건강의학과,36,24,12,46,353448,1.02,9818
서울,동대문구,정형외과,108,45,63,81,353448,3.06,3273
서울,동대문구,직업환경의학과,6,3,3,7,353448,0.17,58908
서울,동대문구,진단검사의학과,14,5,9,30,353448,0.4,25246
서울,동대문구,치과,16,0,16,0,353448,0.45,22090
서울,동대문구,치과교정과,110,8,102,14,353448,3.11,3213
서울,동대문구,치과보존과,148,8,140,14,353448,4.19,2388
서울,동대문구,치과보철과,147,13,134,20,353448,4.16,2404
서울,동대문구,치주과,148,6,142,12,353448,4.19,2388
서울,동대문구,침구과,142,5,137,13,353448,4.02,2489
서울,동대문구,통합치의학과,108,36,72,40,353448,3.06,3273
서울,동대문구,피부과,126,13,113,26,353448,3.56,2805
서울,동대문구,한방내과,154,7,147,22,353448,4.36,2295
서울,동대문구,한방부인과,141,4,137,5,353448,3.99,2507
서울,동대문구,한방소아과,141,2,139,4,353448,3.99,2507
서울,동대문구,한방신경정신과,140,4,136,5,353448,3.96,2525
서울,동대문구,한방안·이비인후·피부과,141,1,140,3,353448,3.99,2507
서울,동대문구,한방응급,5,0,5,0,353448,0.14,70690
서울,동대문구,한방재활의학과,136,9,127,15,353448,3.85,2599
서울,동대문구,핵의학과,2,1,1,3,353448,0.06,176724
서울,동작구,가정의학과,78,36,42,50,371324,2.1,4761
서울,동작구,결핵과,4,0,4,0,371324,0.11,92831
서울,동작구,구강내과,115,3,112,3,371324,3.1,3229
서울,동작구,구강병리과,66,0,66,0,371324,1.78,5626
서울,동작구,구강악안면외과,126,6,120,9,371324,3.39,2947
서울,동작구,내과,176,57,119,191,371324,4.74,2110
서울,동작구,마취통증의학과,65,21,44,50,371324,1.75,5713
서울,동작구,방사선종양학과,3,2,1,4,371324,0.08,123775
서울,동작구,병리과,7,2,5,12,371324,0.19,53046
서울,동작구,비뇨의학과,60,12,48,23,371324,1.62,6189
서울,동작구,사상체질과,100,1,99,1,371324,2.69,3713
서울,동작구,산부인과,37,21,16,45,371324,1.0,10036
서울,동작구,성형외과,28,5,23,9,371324,0.75,13262
서울,동작구,소아청소년과,124,19,105,50,371324,3.34,2995
서울,동작구,소아치과,118,2,116,3,371324,3.18,3147
서울,동작구,신경과,39,8,31,24,371324,1.05,9521
서울,동작구,신경외과,64,9,55,23,371324,1.72,5802
서울,동작구,심장혈관흉부외과,9,5,4,17,371324,0.24,41258
서울,동작구,안과,31,16,15,31,371324,0.83,11978
서울,동작구,영상의학과,27,13,14,55,371324,0.73,13753
서울,동작구,영상치의학과,109,1,108,1,371324,2.94,3407
서울,동작구,예방의학과,2,0,2,0,371324,0.05,185662
서울,동작구,예방치과,116,0,116,0,371324,3.12,3201
서울,동작구,외과,67,14,53,41,371324,1.8,5542
서울,동작구,응급의학과,8,3,5,28,371324,0.22,46416
서울,동작구,이비인후과,105,35,70,48,371324,2.83,3536
서울,동작구,재활의학과,55,12,43,18,371324,1.48,6751
서울,동작구,정신건강의학과,35,22,13,40,371324,0.94,10609
서울,동작구,정형외과,89,31,58,67,371324,2.4,4172
서울,동작구,직업환경의학과,2,1,1,1,371324,0.05,185662
서울,동작구,진단검사의학과,10,2,8,9,371324,0.27,37132
서울,동작구,치과,23,0,23,0,371324,0.62,16145
서울,동작구,치과교정과,93,6,87,7,371324,2.5,3993
서울,동작구,치과보존과,130,7,123,7,371324,3.5,2856
서울,동작구,치과보철과,128,9,119,9,371324,3.45,2901
서울,동작구,치주과,125,3,122,3,371324,3.37,2971
서울,동작구,침구과,114,4,110,4,371324,3.07,3257
서울,동작구,통합치의학과,97,31,66,36,371324,2.61,3828
서울,동작구,피부과,136,15,121,32,371324,3.66,2730
서울,동작구,한방내과,135,15,120,16,371324,3.64,2751
서울,동작구,한방부인과,131,2,129,2,371324,3.53,2835
서울,동작구,한방소아과,133,0,133,0,371324,3.58,2792
서울,동작구,한방신경정신과,129,1,128,1,371324,3.47,2878
서울,동작구,한방안·이비인후·피부과,135,3,132,3,371324,3.64,2751
서울,동작구,한방응급,2,0,2,0,371324,0.05,185662
서울,동작구,한방재활의학과,101,1,100,4,371324,2.72,3676
서울,동작구,핵의학과,4,3,1,4,371324,0.11,92831
서울,마포구,가정의학과,124,51,73,64,356008,3.48,2871
서울,마포구,결핵과,1,0,1,0,356008,0.03,356008
서울,마포구,구강내과,178,2,176,2,356008,5.0,2000
서울,마포구,구강병리과,156,0,156,0,356008,4.38,2282
서울,마포구,구강악안면외과,182,14,168,14,356008,5.11,1956
서울,마포구,내과,199,61,138,96,356008,5.59,1789
서울,마포구,마취통증의학과,58,20,38,22,356008,1.63,6138
서울,마포구,병리과,1,0,1,0,356008,0.03,356008
서울,마포구,비뇨의학과,60,18,42,19,356008,1.69,5933
서울,마포구,사상체질과,142,3,139,4,356008,3.99,2507
서울,마포구,산부인과,39,27,12,40,356008,1.1,9128
서울,마포구,성형외과,72,9,63,11,356008,2.02,4945
서울,마포구,소아청소년과,126,23,103,26,356008,3.54,2825
서울,마포구,소아치과,180,5,175,7,356008,5.06,1978
서울,마포구,신경과,39,5,34,6,356008,1.1,9128
서울,마포구,신경외과,56,8,48,9,356008,1.57,6357
서울,마포구,심장혈관흉부외과,5,2,3,2,356008,0.14,71202
서울,마포구,안과,31,16,15,21,356008,0.87,11484
서울,마포구,영상의학과,29,13,16,17,356008,0.81,12276
서울,마포구,영상치의학과,175,0,175,0,356008,4.92,2034
서울,마포구,예방의학과,5,0,5,0,356008,0.14,71202
서울,마포구,예방치과,180,0,180,0,356008,5.06,1978
서울,마포구,외과,75,19,56,19,356008,2.11,4747
서울,마포구,응급의학과,4,1,3,1,356008,0.11,89002
서울,마포구,이비인후과,113,35,78,40,356008,3.17,3151
서울,마포구,재활의학과,51,13,38,18,356008,1.43,6981
서울,마포구,정신건강의학과,53,46,7,70,356008,1.49,6717
서울,마포구,정형외과,88,38,50,52,356008,2.47,4046
서울,마포구,직업환경의학과,2,2,0,2,356008,0.06,178004
서울,마포구,진단검사의학과,15,0,15,0,356008,0.42,23734
서울,마포구,치과교정과,174,13,161,14,356008,4.89,2046
서울,마포구,치과보존과,186,11,175,12,356008,5.22,1914
서울,마포구,치과보철과,187,15,172,17,356008,5.25,1904
서울,마포구,치주과,183,5,178,5,356008,5.14,1945
서울,마포구,침구과,149,5,144,5,356008,4.19,2389
서울,마포구,통합치의학과,50,29,21,35,356008,1.4,7120
서울,마포구,피부과,207,23,184,35,356008,5.81,1720
서울,마포구,한방내과,148,15,133,16,356008,4.16,2405
서울,마포구,한방부인과,148,2,146,2,356008,4.16,2405
서울,마포구,한방소아과,147,2,145,2,356008,4.13,2422
서울,마포구,한방신경정신과,145,3,142,3,356008,4.07,2455
서울,마포구,한방안·이비인후·피부과,148,2,146,2,356008,4.16,2405
서울,마포구,한방응급,8,0,8,0,356008,0.22,44501
서울,마포구,한방재활의학과,144,3,141,3,356008,4.04,2472
서울,서대문구,가정의학과,61,25,36,36,299492,2.04,4910
서울,서대문구,결핵과,1,0,1,0,299492,0.03,299492
서울,서대문구,구강내과,89,1,88,6,299492,2.97,3365
서울,서대문구,구강병리과,59,1,58,1,299492,1.97,5076
서울,서대문구,구강악안면외과,98,5,93,15,299492,3.27,3056
서울,서대문구,내과,133,37,96,271,299492,4.44,2252
서울,서대문구,마취통증의학과,41,19,22,95,299492,1.37,7305
서울,서대문구,방사선종양학과,1,1,0,13,299492,0.03,299492
서울,서대문구,병리과,5,3,2,19,299492,0.17,59898
서울,서대문구,비뇨의학과,35,9,26,28,299492,1.17,8557
서울,서대문구,사상체질과,74,2,72,2,299492,2.47,4047
서울,서대문구,산부인과,22,15,7,41,299492,0.73,13613
서울,서대문구,성형외과,19,4,15,15,299492,0.63,15763
서울,서대문구,소아청소년과,80,13,67,87,299492,2.67,3744
서울,서대문구,소아치과,92,6,86,11,299492,3.07,3255
서울,서대문구,신경과,24,7,17,28,299492,0.8,12479
서울,서대문구,신경외과,42,3,39,40,299492,1.4,7131
서울,서대문구,심장혈관흉부외과,4,2,2,21,299492,0.13,74873
서울,서대문구,안과,25,15,10,43,299492,0.83,11980
서울,서대문구,영상의학과,18,8,10,86,299492,0.6,16638
서울,서대문구,영상치의학과,85,2,83,7,299492,2.84,3523
서울,서대문구,예방의학과,1,0,1,0,299492,0.03,299492
서울,서대문구,예방치과,91,0,91,0,299492,3.04,3291
서울,서대문구,외과,40,17,23,94,299492,1.34,7487
서울,서대문구,응급의학과,4,3,1,23,299492,0.13,74873
서울,서대문구,이비인후과,77,22,55,41,299492,2.57,3890
서울,서대문구,재활의학과,40,10,30,22,299492,1.34,7487
서울,서대문구,정신건강의학과,17,12,5,37,299492,0.57,17617
서울,서대문구,정형외과,61,20,41,56,299492,2.04,4910
서울,서대문구,직업환경의학과,1,1,0,3,299492,0.03,299492
서울,서대문구,진단검사의학과,7,2,5,20,299492,0.23,42785
서울,서대문구,치과교정과,81,9,72,18,299492,2.7,3697
서울,서대문구,치과보존과,105,5,100,14,299492,3.51,2852
서울,서대문구,치과보철과,110,10,100,21,299492,3.67,2723
서울,서대문구,치주과,107,7,100,16,299492,3.57,2799
서울,서대문구,침구과,84,2,82,2,299492,2.8,3565
서울,서대문구,통합치의학과,76,27,49,36,299492,2.54,3941
서울,서대문구,피부과,91,16,75,33,299492,3.04,3291
서울,서대문구,한방내과,99,6,93,8,299492,3.31,3025
서울,서대문구,한방부인과,85,1,84,1,299492,2.84,3523
서울,서대문구,한방소아과,83,1,82,1,299492,2.77,3608
서울,서대문구,한방신경정신과,83,4,79,4,299492,2.77,3608
서울,서대문구,한방안·이비인후·피부과,80,1,79,1,299492,2.67,3744
서울,서대문구,한방응급,11,0,11,0,299492,0.37,27227
서울,서대문구,한방재활의학과,79,4,75,4,299492,2.64,3791
서울,서대문구,핵의학과,1,1,0,6,299492,0.03,299492
서울,서초구,가정의학과,206,86,120,136,416928,4.94,2024
서울,서초구,결핵과,2,0,2,0,416928,0.05,208464
서울,서초구,구강내과,227,3,224,3,416928,5.44,1837
서울,서초구,구강병리과,124,0,124,0,416928,2.97,3362
서울,서초구,구강악안면외과,247,28,219,35,416928,5.92,1688
서울,서초구,내과,309,99,210,296,416928,7.41,1349
서울,서초구,마취통증의학과,142,38,104,92,416928,3.41,2936
서울,서초구,방사선종양학과,2,2,0,9,416928,0.05,208464
서울,서초구,병리과,9,4,5,44,416928,0.22,46325
서울,서초구,비뇨의학과,99,45,54,65,416928,2.37,4211
서울,서초구,사상체질과,254,2,252,2,416928,6.09,1641
서울,서초구,산부인과,96,58,38,102,416928,2.3,4343
서울,서초구,성형외과,325,172,153,320,416928,7.8,1283
서울,서초구,소아청소년과,150,38,112,116,416928,3.6,2780
서울,서초구,소아치과,221,8,213,10,416928,5.3,1887
서울,서초구,신경과,84,21,63,34,416928,2.01,4963
서울,서초구,신경외과,90,15,75,39,416928,2.16,4633
서울,서초구,심장혈관흉부외과,14,3,11,12,416928,0.34,29781
서울,서초구,안과,88,51,37,144,416928,2.11,4738
서울,서초구,영상의학과,49,27,22,121,416928,1.18,8509
서울,서초구,영상치의학과,204,1,203,1,416928,4.89,2044
서울,서초구,예방의학과,9,1,8,1,416928,0.22,46325
서울,서초구,예방치과,220,0,220,0,416928,5.28,1895
서울,서초구,외과,105,40,65,115,416928,2.52,3971
서울,서초구,응급의학과,12,2,10,13,416928,0.29,34744
서울,서초구,이비인후과,147,46,101,66,416928,3.53,2836
서울,서초구,재활의학과,113,32,81,46,416928,2.71,3690
서울,서초구,정신건강의학과,106,79,27,107,416928,2.54,3933
서울,서초구,정형외과,158,53,105,96,416928,3.79,2639
서울,서초구,직업환경의학과,5,4,1,12,416928,0.12,83386
서울,서초구,진단검사의학과,21,6,15,25,416928,0.5,19854
서울,서초구,치과,2,0,2,0,416928,0.05,208464
서울,서초구,치과교정과,216,32,184,42,416928,5.18,1930
서울,서초구,치과보존과,269,16,253,18,416928,6.45,1550
서울,서초구,치과보철과,274,29,245,40,416928,6.57,1522
서울,서초구,치주과,266,18,248,20,416928,6.38,1567
서울,서초구,침구과,269,14,255,20,416928,6.45,1550
서울,서초구,통합치의학과,178,49,129,66,416928,4.27,2342
서울,서초구,피부과,466,75,391,113,416928,11.18,895
서울,서초구,한방내과,278,20,258,25,416928,6.67,1500
서울,서초구,한방부인과,272,4,268,6,416928,6.52,1533
서울,서초구,한방소아과,273,2,271,2,416928,6.55,1527
서울,서초구,한방신경정신과,268,3,265,3,416928,6.43,1556
서울,서초구,한방안·이비인후·피부과,271,8,263,8,416928,6.5,1538
서울,서초구,한방응급,16,0,16,0,416928,0.38,26058
서울,서초구,한방재활의학과,269,8,261,9,416928,6.45,1550
서울,서초구,핵의학과,1,1,0,6,416928,0.02,416928
서울,성동구,가정의학과,76,30,46,37,274199,2.77,3608
서울,성동구,결핵과,4,0,4,0,274199,0.15,68550
서울,성동구,구강내과,84,1,83,1,274199,3.06,3264
서울,성동구,구강병리과,42,0,42,0,274199,1.53,6529
서울,성동구,구강악안면외과,90,5,85,6,274199,3.28,3047
서울,성동구,내과,153,44,109,114,274199,5.58,1792
서울,성동구,마취통증의학과,49,21,28,34,274199,1.79,5596
서울,성동구,방사선종양학과,1,1,0,2,274199,0.04,274199
서울,성동구,병리과,9,2,7,6,274199,0.33,30467
서울,성동구,비뇨의학과,52,8,44,12,274199,1.9,5273
서울,성동구,사상체질과,88,0,88,0,274199,3.21,3116
서울,성동구,산부인과,32,16,16,26,274199,1.17,8569
서울,성동구,성형외과,28,2,26,6,274199,1.02,9793
서울,성동구,소아청소년과,109,21,88,35,274199,3.98,2516
서울,성동구,소아치과,88,4,84,4,274199,3.21,3116
서울,성동구,신경과,38,3,35,20,274199,1.39,7216
서울,성동구,신경외과,50,7,43,13,274199,1.82,5484
서울,성동구,심장혈관흉부외과,4,2,2,6,274199,0.15,68550
서울,성동구,안과,32,12,20,24,274199,1.17,8569
서울,성동구,영상의학과,20,6,14,22,274199,0.73,13710
서울,성동구,영상치의학과,69,1,68,1,274199,2.52,3974
서울,성동구,예방의학과,3,1,2,1,274199,0.11,91400
서울,성동구,예방치과,81,0,81,0,274199,2.95,3385
서울,성동구,외과,60,13,47,28,274199,2.19,4570
서울,성동구,응급의학과,8,3,5,16,274199,0.29,34275
서울,성동구,이비인후과,89,21,68,28,274199,3.25,3081
서울,성동구,재활의학과,52,11,41,14,274199,1.9,5273
서울,성동구,정신건강의학과,32,19,13,26,274199,1.17,8569
서울,성동구,정형외과,73,25,48,40,274199,2.66,3756
서울,성동구,직업환경의학과,2,1,1,4,274199,0.07,137100
서울,성동구,진단검사의학과,14,4,10,10,274199,0.51,19586
서울,성동구,치과,14,0,14,0,274199,0.51,19586
서울,성동구,치과교정과,70,8,62,8,274199,2.55,3917
서울,성동구,치과보존과,99,5,94,5,274199,3.61,2770
서울,성동구,치과보철과,98,8,90,8,274199,3.57,2798
서울,성동구,치주과,97,6,91,6,274199,3.54,2827
서울,성동구,침구과,104,6,98,6,274199,3.79,2637
서울,성동구,통합치의학과,67,24,43,26,274199,2.44,4093
서울,성동구,피부과,134,16,118,19,274199,4.89,2046
서울,성동구,한방내과,102,9,93,11,274199,3.72,2688
서울,성동구,한방부인과,98,3,95,3,274199,3.57,2798
서울,성동구,한방소아과,98,0,98,0,274199,3.57,2798
서울,성동구,한방신경정신과,94,1,93,1,274199,3.43,2917
서울,성동구,한방안·이비인후·피부과,96,1,95,1,274199,3.5,2856
서울,성동구,한방응급,1,0,1,0,274199,0.04,274199
서울,성동구,한방재활의학과,92,6,86,8,274199,3.36,2980
서울,성동구,핵의학과,1,1,0,2,274199,0.04,274199
서울,성북구,가정의학과,81,35,46,47,421106,1.92,5199
서울,성북구,결핵과,2,0,2,0,421106,0.05,210553
서울,성북구,구강내과,140,0,140,0,421106,3.32,3008
서울,성북구,구강병리과,115,0,115,0,421106,2.73,3662
서울,성북구,구강악안면외과,144,6,138,8,421106,3.42,2924
서울,성북구,내과,174,62,112,173,421106,4.13,2420
서울,성북구,마취통증의학과,60,23,37,48,421106,1.42,7018
서울,성북구,방사선종양학과,2,1,1,3,421106,0.05,210553
서울,성북구,병리과,6,1,5,10,421106,0.14,70184
서울,성북구,비뇨의학과,60,8,52,14,421106,1.42,7018
서울,성북구,사상체질과,112,1,111,1,421106,2.66,3760
서울,성북구,산부인과,30,17,13,38,421106,0.71,14037
서울,성북구,성형외과,27,5,22,10,421106,0.64,15597
서울,성북구,소아청소년과,109,23,86,57,421106,2.59,3863
서울,성북구,소아치과,141,4,137,4,421106,3.35,2987
서울,성북구,신경과,54,10,44,24,421106,1.28,7798
서울,성북구,신경외과,63,10,53,28,421106,1.5,6684
서울,성북구,심장혈관흉부외과,6,3,3,11,421106,0.14,70184
서울,성북구,안과,34,15,19,24,421106,0.81,12385
서울,성북구,영상의학과,28,8,20,47,421106,0.66,15040
서울,성북구,영상치의학과,132,0,132,0,421106,3.13,3190
서울,성북구,예방의학과,1,0,1,0,421106,0.02,421106
서울,성북구,예방치과,140,0,140,0,421106,3.32,3008
서울,성북구,외과,61,16,45,46,421106,1.45,6903
서울,성북구,응급의학과,6,3,3,13,421106,0.14,70184
서울,성북구,이비인후과,89,23,66,32,421106,2.11,4732
서울,성북구,재활의학과,60,11,49,18,421106,1.42,7018
서울,성북구,정신건강의학과,30,19,11,29,421106,0.71,14037
서울,성북구,정형외과,91,33,58,56,421106,2.16,4628
서울,성북구,진단검사의학과,14,1,13,6,421106,0.33,30079
서울,성북구,치과교정과,137,4,133,5,421106,3.25,3074
서울,성북구,치과보존과,146,10,136,10,421106,3.47,2884
서울,성북구,치과보철과,149,6,143,7,421106,3.54,2826
서울,성북구,치주과,149,5,144,5,421106,3.54,2826
서울,성북구,침구과,126,4,122,4,421106,2.99,3342
서울,성북구,통합치의학과,52,28,24,33,421106,1.23,8098
서울,성북구,피부과,121,9,112,18,421106,2.87,3480
서울,성북구,한방내과,129,10,119,11,421106,3.06,3264
서울,성북구,한방부인과,123,2,121,2,421106,2.92,3424
서울,성북구,한방소아과,121,0,121,0,421106,2.87,3480
서울,성북구,한방신경정신과,121,1,120,1,421106,2.87,3480
서울,성북구,한방안·이비인후·피부과,123,3,120,3,421106,2.92,3424
서울,성북구,한방응급,30,0,30,0,421106,0.71,14037
서울,성북구,한방재활의학과,119,3,116,3,421106,2.83,3539
서울,성북구,핵의학과,1,1,0,3,421106,0.02,421106
서울,송파구,가정의학과,197,77,120,113,649212,3.03,3295
서울,송파구,결핵과,3,0,3,0,649212,0.05,216404
서울,송파구,구강내과,217,4,213,4,649212,3.34,2992
서울,송파구,구강병리과,159,0,159,0,649212,2.45,4083
서울,송파구,구강악안면외과,220,14,206,17,649212,3.39,2951
서울,송파구,내과,378,115,263,471,649212,5.82,1717
서울,송파구,마취통증의학과,145,45,100,128,649212,2.23,4477
서울,송파구,방사선종양학과,9,2,7,14,649212,0.14,72135
서울,송파구,병리과,18,4,14,43,649212,0.28,36067
서울,송파구,비뇨의학과,107,26,81,51,649212,1.65,6067
서울,송파구,사상체질과,262,2,260,2,649212,4.04,2478
서울,송파구,산부인과,77,45,32,110,649212,1.19,8431
서울,송파구,성형외과,87,10,77,27,649212,1.34,7462
서울,송파구,소아청소년과,256,54,202,134,649212,3.94,2536
서울,송파구,소아치과,219,10,209,14,649212,3.37,2964
서울,송파구,신경과,78,14,64,54,649212,1.2,8323
서울,송파구,신경외과,136,19,117,54,649212,2.09,4774
서울,송파구,심장혈관흉부외과,11,4,7,45,649212,0.17,59019
서울,송파구,안과,69,34,35,80,649212,1.06,9409
서울,송파구,영상의학과,69,30,39,171,649212,1.06,9409
서울,송파구,영상치의학과,203,0,203,0,649212,3.13,3198
서울,송파구,예방의학과,8,1,7,1,649212,0.12,81152
서울,송파구,예방치과,218,0,218,0,649212,3.36,2978
서울,송파구,외과,124,38,86,198,649212,1.91,5236
서울,송파구,응급의학과,16,5,11,23,649212,0.25,40576
서울,송파구,이비인후과,197,58,139,84,649212,3.03,3295
서울,송파구,재활의학과,134,27,107,48,649212,2.06,4845
서울,송파구,정신건강의학과,98,68,30,105,649212,1.51,6625
서울,송파구,정형외과,186,71,115,136,649212,2.87,3490
서울,송파구,직업환경의학과,5,2,3,2,649212,0.08,129842
서울,송파구,진단검사의학과,29,5,24,34,649212,0.45,22387
서울,송파구,치과,68,0,68,0,649212,1.05,9547
서울,송파구,치과교정과,204,24,180,26,649212,3.14,3182
서울,송파구,치과보존과,236,12,224,13,649212,3.64,2751
서울,송파구,치과보철과,242,22,220,30,649212,3.73,2683
서울,송파구,치주과,238,15,223,18,649212,3.67,2728
서울,송파구,침구과,280,15,265,15,649212,4.31,2319
서울,송파구,통합치의학과,178,77,101,88,649212,2.74,3647
서울,송파구,피부과,288,48,240,71,649212,4.44,2254
서울,송파구,한방내과,283,16,267,20,649212,4.36,2294
서울,송파구,한방부인과,278,7,271,8,649212,4.28,2335
서울,송파구,한방소아과,274,3,271,3,649212,4.22,2369
서울,송파구,한방신경정신과,267,5,262,5,649212,4.11,2432
서울,송파구,한방안·이비인후·피부과,273,4,269,4,649212,4.21,2378
서울,송파구,한방응급,3,0,3,0,649212,0.05,216404
서울,송파구,한방재활의학과,279,12,267,16,649212,4.3,2327
서울,송파구,핵의학과,3,1,2,9,649212,0.05,216404
서울,양천구,가정의학과,82,33,49,42,420127,1.95,5124
서울,양천구,결핵과,5,0,5,0,420127,0.12,84025
서울,양천구,구강내과,132,3,129,3,420127,3.14,3183
서울,양천구,구강병리과,78,0,78,0,420127,1.86,5386
서울,양천구,구강악안면외과,150,11,139,13,420127,3.57,2801
서울,양천구,내과,167,63,104,155,420127,3.97,2516
서울,양천구,마취통증의학과,73,27,46,44,420127,1.74,5755
서울,양천구,방사선종양학과,3,1,2,3,420127,0.07,140042
서울,양천구,병리과,6,3,3,8,420127,0.14,70021
서울,양천구,비뇨의학과,47,13,34,22,420127,1.12,8939
서울,양천구,사상체질과,124,2,122,2,420127,2.95,3388
서울,양천구,산부인과,31,24,7,45,420127,0.74,13552
서울,양천구,성형외과,33,6,27,8,420127,0.79,12731
서울,양천구,소아청소년과,107,29,78,46,420127,2.55,3926
서울,양천구,소아치과,144,3,141,3,420127,3.43,2918
서울,양천구,신경과,40,9,31,21,420127,0.95,10503
서울,양천구,신경외과,62,13,49,20,420127,1.48,6776
서울,양천구,심장혈관흉부외과,8,2,6,5,420127,0.19,52516
서울,양천구,안과,25,14,11,24,420127,0.6,16805
서울,양천구,영상의학과,19,11,8,39,420127,0.45,22112
서울,양천구,영상치의학과,128,1,127,1,420127,3.05,3282
서울,양천구,예방의학과,2,0,2,0,420127,0.05,210064
서울,양천구,예방치과,133,0,133,0,420127,3.17,3159
서울,양천구,외과,45,15,30,50,420127,1.07,9336
서울,양천구,응급의학과,10,6,4,37,420127,0.24,42013
서울,양천구,이비인후과,92,33,59,43,420127,2.19,4567
서울,양천구,재활의학과,65,15,50,24,420127,1.55,6463
서울,양천구,정신건강의학과,27,17,10,22,420127,0.64,15560
서울,양천구,정형외과,91,40,51,69,420127,2.17,4617
서울,양천구,직업환경의학과,3,1,2,1,420127,0.07,140042
서울,양천구,진단검사의학과,13,2,11,7,420127,0.31,32317
서울,양천구,치과교정과,111,15,96,17,420127,2.64,3785
서울,양천구,치과보존과,159,14,145,14,420127,3.78,2642
서울,양천구,치과보철과,166,10,156,12,420127,3.95,2531
서울,양천구,치주과,161,11,150,12,420127,3.83,2609
서울,양천구,침구과,142,7,135,8,420127,3.38,2959
서울,양천구,통합치의학과,125,40,85,47,420127,2.98,3361
서울,양천구,피부과,123,20,103,25,420127,2.93,3416
서울,양천구,한방내과,163,12,151,13,420127,3.88,2577
서울,양천구,한방부인과,141,6,135,7,420127,3.36,2980
서울,양천구,한방소아과,138,2,136,2,420127,3.28,3044
서울,양천구,한방신경정신과,133,1,132,1,420127,3.17,3159
서울,양천구,한방안·이비인후·피부과,140,1,139,1,420127,3.33,3001
서울,양천구,한방응급,5,0,5,0,420127,0.12,84025
서울,양천구,한방재활의학과,133,8,125,13,420127,3.17,3159
서울,양천구,핵의학과,2,1,1,3,420127,0.05,210064
서울,영등포구,가정의학과,125,55,70,88,371420,3.37,2971
서울,영등포구,결핵과,5,1,4,1,371420,0.13,74284
서울,영등포구,구강내과,182,1,181,3,371420,4.9,2041
서울,영등포구,구강병리과,123,0,123,0,371420,3.31,3020
서울,영등포구,구강악안면외과,205,14,191,16,371420,5.52,1812
서울,영등포구,내과,245,94,151,240,371420,6.6,1516
서울,영등포구,마취통증의학과,108,35,73,61,371420,2.91,3439
서울,영등포구,방사선종양학과,7,4,3,4,371420,0.19,53060
서울,영등포구,병리과,10,4,6,7,371420,0.27,37142
서울,영등포구,비뇨의학과,82,22,60,29,371420,2.21,4530
서울,영등포구,사상체질과,136,0,136,0,371420,3.66,2731
서울,영등포구,산부인과,53,32,21,51,371420,1.43,7008
서울,영등포구,성형외과,51,11,40,24,371420,1.37,7283
서울,영등포구,소아청소년과,146,28,118,42,371420,3.93,2544
서울,영등포구,소아치과,192,5,187,5,371420,5.17,1934
서울,영등포구,신경과,67,12,55,22,371420,1.8,5544
서울,영등포구,신경외과,94,20,74,35,371420,2.53,3951
서울,영등포구,심장혈관흉부외과,14,5,9,6,371420,0.38,26530
서울,영등포구,안과,51,21,30,87,371420,1.37,7283
서울,영등포구,영상의학과,42,22,20,63,371420,1.13,8843
서울,영등포구,영상치의학과,175,1,174,1,371420,4.71,2122
서울,영등포구,예방의학과,6,0,6,0,371420,0.16,61903
서울,영등포구,예방치과,184,0,184,0,371420,4.95,2019
서울,영등포구,외과,72,24,48,64,371420,1.94,5159
서울,영등포구,응급의학과,15,9,6,39,371420,0.4,24761
서울,영등포구,이비인후과,140,43,97,54,371420,3.77,2653
서울,영등포구,재활의학과,107,35,72,51,371420,2.88,3471
서울,영등포구,정신건강의학과,57,36,21,52,371420,1.53,6516
서울,영등포구,정형외과,135,47,88,87,371420,3.63,2751
서울,영등포구,직업환경의학과,10,4,6,12,371420,0.27,37142
서울,영등포구,진단검사의학과,21,8,13,12,371420,0.57,17687
서울,영등포구,치과교정과,167,9,158,9,371420,4.5,2224
서울,영등포구,치과보존과,213,10,203,10,371420,5.73,1744
서울,영등포구,치과보철과,212,16,196,16,371420,5.71,1752
서울,영등포구,치주과,212,9,203,9,371420,5.71,1752
서울,영등포구,침구과,155,8,147,8,371420,4.17,2396
서울,영등포구,통합치의학과,141,48,93,52,371420,3.8,2634
서울,영등포구,피부과,192,27,165,41,371420,5.17,1934
서울,영등포구,한방내과,167,10,157,11,371420,4.5,2224
서울,영등포구,한방부인과,152,2,150,2,371420,4.09,2444
서울,영등포구,한방소아과,149,1,148,1,371420,4.01,2493
서울,영등포구,한방신경정신과,146,2,144,2,371420,3.93,2544
서울,영등포구,한방안·이비인후·피부과,147,1,146,1,371420,3.96,2527
서울,영등포구,한방응급,17,0,17,0,371420,0.46,21848
서울,영등포구,한방재활의학과,145,9,136,11,371420,3.9,2562
서울,영등포구,핵의학과,5,3,2,4,371420,0.13,74284
서울,용산구,가정의학과,55,26,29,30,199459,2.76,3627
서울,용산구,구강내과,36,0,36,0,199459,1.8,5541
서울,용산구,구강병리과,24,0,24,0,199459,1.2,8311
서울,용산구,구강악안면외과,83,2,81,2,199459,4.16,2403
서울,용산구,내과,97,28,69,102,199459,4.86,2056
서울,용산구,마취통증의학과,26,8,18,20,199459,1.3,7672
서울,용산구,방사선종양학과,1,1,0,2,199459,0.05,199459
서울,용산구,병리과,6,1,5,7,199459,0.3,33243
서울,용산구,비뇨의학과,24,5,19,10,199459,1.2,8311
서울,용산구,사상체질과,58,2,56,2,199459,2.91,3439
서울,용산구,산부인과,30,15,15,22,199459,1.5,6649
서울,용산구,성형외과,22,6,16,9,199459,1.1,9066
서울,용산구,소아청소년과,64,14,50,30,199459,3.21,3117
서울,용산구,소아치과,80,0,80,0,199459,4.01,2493
서울,용산구,신경과,12,2,10,9,199459,0.6,16622
서울,용산구,신경외과,18,2,16,7,199459,0.9,11081
서울,용산구,심장혈관흉부외과,3,1,2,7,199459,0.15,66486
서울,용산구,안과,21,8,13,26,199459,1.05,9498
서울,용산구,영상의학과,16,6,10,19,199459,0.8,12466
서울,용산구,영상치의학과,33,1,32,1,199459,1.65,6044
서울,용산구,예방의학과,4,2,2,2,199459,0.2,49865
서울,용산구,예방치과,78,0,78,0,199459,3.91,2557
서울,용산구,외과,34,11,23,21,199459,1.7,5866
서울,용산구,응급의학과,2,1,1,13,199459,0.1,99730
서울,용산구,이비인후과,58,12,46,18,199459,2.91,3439
서울,용산구,재활의학과,27,8,19,10,199459,1.35,7387
서울,용산구,정신건강의학과,15,12,3,18,199459,0.75,13297
서울,용산구,정형외과,51,13,38,26,199459,2.56,3911
서울,용산구,직업환경의학과,1,1,0,2,199459,0.05,199459
서울,용산구,진단검사의학과,4,1,3,6,199459,0.2,49865
서울,용산구,치과,6,0,6,0,199459,0.3,33243
서울,용산구,치과교정과,77,3,74,3,199459,3.86,2590
서울,용산구,치과보존과,40,3,37,3,199459,2.01,4986
서울,용산구,치과보철과,86,3,83,3,199459,4.31,2319
서울,용산구,치주과,83,2,81,2,199459,4.16,2403
서울,용산구,침구과,61,0,61,0,199459,3.06,3270
서울,용산구,통합치의학과,23,11,12,13,199459,1.15,8672
서울,용산구,피부과,95,11,84,20,199459,4.76,2100
서울,용산구,한방내과,62,6,56,7,199459,3.11,3217
서울,용산구,한방부인과,61,0,61,0,199459,3.06,3270
서울,용산구,한방소아과,61,0,61,0,199459,3.06,3270
서울,용산구,한방신경정신과,60,0,60,0,199459,3.01,3324
서울,용산구,한방안·이비인후·피부과,62,4,58,4,199459,3.11,3217
서울,용산구,한방응급,7,0,7,0,199459,0.35,28494
서울,용산구,한방재활의학과,62,1,61,1,199459,3.11,3217
서울,용산구,핵의학과,1,1,0,2,199459,0.05,199459
서울,은평구,가정의학과,91,43,48,59,452626,2.01,4974
서울,은평구,결핵과,7,1,6,2,452626,0.15,64661
서울,은평구,구강내과,154,2,152,2,452626,3.4,2939
서울,은평구,구강병리과,94,0,94,0,452626,2.08,4815
서울,은평구,구강악안면외과,159,9,150,9,452626,3.51,2847
서울,은평구,내과,228,86,142,172,452626,5.04,1985
서울,은평구,마취통증의학과,83,34,49,62,452626,1.83,5453
서울,은평구,방사선종양학과,5,3,2,4,452626,0.11,90525
서울,은평구,병리과,4,1,3,6,452626,0.09,113156
서울,은평구,비뇨의학과,74,13,61,18,452626,1.63,6117
서울,은평구,사상체질과,150,1,149,1,452626,3.31,3018
서울,은평구,산부인과,38,18,20,37,452626,0.84,11911
서울,은평구,성형외과,30,5,25,7,452626,0.66,15088
서울,은평구,소아청소년과,154,24,130,42,452626,3.4,2939
서울,은평구,소아치과,153,4,149,5,452626,3.38,2958
서울,은평구,신경과,48,10,38,18,452626,1.06,9430
서울,은평구,신경외과,91,13,78,26,452626,2.01,4974
서울,은평구,심장혈관흉부외과,7,2,5,6,452626,0.15,64661
서울,은평구,안과,34,20,14,32,452626,0.75,13313
서울,은평구,영상의학과,36,11,25,26,452626,0.8,12573
서울,은평구,영상치의학과,136,1,135,1,452626,3.0,3328
서울,은평구,예방의학과,3,0,3,0,452626,0.07,150875
서울,은평구,예방치과,145,1,144,1,452626,3.2,3122
서울,은평구,외과,82,20,62,46,452626,1.81,5520
서울,은평구,응급의학과,7,3,4,20,452626,0.15,64661
서울,은평구,이비인후과,125,27,98,37,452626,2.76,3621
서울,은평구,재활의학과,84,19,65,26,452626,1.86,5388
서울,은평구,정신건강의학과,38,17,21,33,452626,0.84,11911
서울,은평구,정형외과,125,43,82,65,452626,2.76,3621
서울,은평구,직업환경의학과,1,0,1,0,452626,0.02,452626
서울,은평구,진단검사의학과,20,3,17,6,452626,0.44,22631
서울,은평구,치과,2,0,2,0,452626,0.04,226313
서울,은평구,치과교정과,122,6,116,7,452626,2.7,3710
서울,은평구,치과보존과,165,9,156,9,452626,3.65,2743
서울,은평구,치과보철과,172,9,163,9,452626,3.8,2632
서울,은평구,치주과,166,6,160,7,452626,3.67,2727
서울,은평구,침구과,165,4,161,4,452626,3.65,2743
서울,은평구,통합치의학과,142,43,99,55,452626,3.14,3188
서울,은평구,피부과,159,16,143,24,452626,3.51,2847
서울,은평구,한방내과,166,10,156,11,452626,3.67,2727
서울,은평구,한방부인과,162,2,160,2,452626,3.58,2794
서울,은평구,한방소아과,161,1,160,1,452626,3.56,2811
서울,은평구,한방신경정신과,160,1,159,1,452626,3.53,2829
서울,은평구,한방안·이비인후·피부과,159,1,158,1,452626,3.51,2847
서울,은평구,한방응급,39,0,39,0,452626,0.86,11606
서울,은평구,한방재활의학과,161,3,158,3,452626,3.56,2811
서울,은평구,핵의학과,3,1,2,2,452626,0.07,150875
서울,종로구,가정의학과,68,30,38,84,135935,5.0,1999
서울,종로구,구강내과,101,4,97,10,135935,7.43,1346
서울,종로구,구강병리과,53,1,52,3,135935,3.9,2565
서울,종로구,구강악안면외과,99,11,88,22,135935,7.28,1373
서울,종로구,내과,103,32,71,293,135935,7.58,1320
서울,종로구,마취통증의학과,48,23,25,106,135935,3.53,2832
서울,종로구,방사선종양학과,3,2,1,14,135935,0.22,45312
서울,종로구,병리과,8,5,3,46,135935,0.59,16992
서울,종로구,비뇨의학과,46,17,29,37,135935,3.38,2955
서울,종로구,사상체질과,107,2,105,3,135935,7.87,1270
서울,종로구,산부인과,28,17,11,53,135935,2.06,4855
서울,종로구,성형외과,26,7,19,19,135935,1.91,5228
서울,종로구,소아청소년과,53,10,43,101,135935,3.9,2565
서울,종로구,소아치과,88,1,87,7,135935,6.47,1545
서울,종로구,신경과,26,7,19,45,135935,1.91,5228
서울,종로구,신경외과,32,5,27,44,135935,2.35,4248
서울,종로구,심장혈관흉부외과,5,2,3,32,135935,0.37,27187
서울,종로구,안과,26,13,13,57,135935,1.91,5228
서울,종로구,영상의학과,18,8,10,127,135935,1.32,7552
서울,종로구,영상치의학과,88,1,87,4,135935,6.47,1545
서울,종로구,예방의학과,2,0,2,0,135935,0.15,67968
서울,종로구,예방치과,94,0,94,0,135935,6.92,1446
서울,종로구,외과,35,13,22,103,135935,2.57,3884
서울,종로구,응급의학과,7,4,3,35,135935,0.51,19419
서울,종로구,이비인후과,61,20,41,47,135935,4.49,2228
서울,종로구,재활의학과,39,10,29,32,135935,2.87,3486
서울,종로구,정신건강의학과,32,25,7,74,135935,2.35,4248
서울,종로구,정형외과,63,20,43,78,135935,4.63,2158
서울,종로구,직업환경의학과,3,2,1,14,135935,0.22,45312
서울,종로구,진단검사의학과,9,6,3,28,135935,0.66,15104
서울,종로구,치과,10,0,10,0,135935,0.74,13594
서울,종로구,치과교정과,71,8,63,14,135935,5.22,1915
서울,종로구,치과보존과,112,6,106,17,135935,8.24,1214
서울,종로구,치과보철과,117,7,110,21,135935,8.61,1162
서울,종로구,치주과,114,7,107,18,135935,8.39,1192
서울,종로구,침구과,115,2,113,3,135935,8.46,1182
서울,종로구,통합치의학과,72,20,52,22,135935,5.3,1888
서울,종로구,피부과,97,9,88,20,135935,7.14,1401
서울,종로구,한방내과,115,6,109,8,135935,8.46,1182
서울,종로구,한방부인과,114,1,113,2,135935,8.39,1192
서울,종로구,한방소아과,108,1,107,1,135935,7.94,1259
서울,종로구,한방신경정신과,107,0,107,0,135935,7.87,1270
서울,종로구,한방안·이비인후·피부과,109,1,108,1,135935,8.02,1247
서울,종로구,한방응급,10,0,10,0,135935,0.74,13594
서울,종로구,한방재활의학과,110,1,109,1,135935,8.09,1236
서울,종로구,핵의학과,3,2,1,10,135935,0.22,45312
서울,중구,가정의학과,100,45,55,76,117305,8.52,1173
서울,중구,결핵과,1,0,1,0,117305,0.09,117305
서울,중구,구강내과,142,3,139,3,117305,12.11,826
서울,중구,구강병리과,81,0,81,0,117305,6.91,1448
서울,중구,구강악안면외과,147,12,135,13,117305,12.53,798
서울,중구,내과,141,52,89,141,117305,12.02,832
서울,중구,마취통증의학과,60,17,43,33,117305,5.11,1955
서울,중구,방사선종양학과,3,2,1,2,117305,0.26,39102
서울,중구,병리과,4,2,2,3,117305,0.34,29326
서울,중구,비뇨의학과,43,16,27,22,117305,3.67,2728
서울,중구,사상체질과,76,0,76,0,117305,6.48,1543
서울,중구,산부인과,34,24,10,50,117305,2.9,3450
서울,중구,성형외과,67,5,62,6,117305,5.71,1751
서울,중구,소아청소년과,60,7,53,8,117305,5.11,1955
서울,중구,소아치과,137,0,137,0,117305,11.68,856
서울,중구,신경과,34,9,25,17,117305,2.9,3450
서울,중구,신경외과,43,7,36,10,117305,3.67,2728
서울,중구,심장혈관흉부외과,4,1,3,5,117305,0.34,29326
서울,중구,안과,23,11,12,20,117305,1.96,5100
서울,중구,영상의학과,20,11,9,42,117305,1.7,5865
서울,중구,영상치의학과,124,0,124,0,117305,10.57,946
서울,중구,예방의학과,3,1,2,1,117305,0.26,39102
서울,중구,예방치과,132,1,131,1,117305,11.25,889
서울,중구,외과,45,10,35,44,117305,3.84,2607
서울,중구,응급의학과,1,1,0,17,117305,0.09,117305
서울,중구,이비인후과,64,30,34,39,117305,5.46,1833
서울,중구,재활의학과,51,15,36,17,117305,4.35,2300
서울,중구,정신건강의학과,31,26,5,39,117305,2.64,3784
서울,중구,정형외과,76,22,54,34,117305,6.48,1543
서울,중구,직업환경의학과,6,3,3,4,117305,0.51,19551
서울,중구,진단검사의학과,11,1,10,2,117305,0.94,10664
서울,중구,치과,2,0,2,0,117305,0.17,58652
서울,중구,치과교정과,114,2,112,2,117305,9.72,1029
서울,중구,치과보존과,169,10,159,12,117305,14.41,694
서울,중구,치과보철과,175,12,163,12,117305,14.92,670
서울,중구,치주과,174,7,167,7,117305,14.83,674
서울,중구,침구과,100,8,92,9,117305,8.52,1173
서울,중구,통합치의학과,122,25,97,30,117305,10.4,962
서울,중구,피부과,158,18,140,24,117305,13.47,742
서울,중구,한방내과,101,8,93,8,117305,8.61,1161
서울,중구,한방부인과,98,0,98,0,117305,8.35,1197
서울,중구,한방소아과,96,1,95,1,117305,8.18,1222
서울,중구,한방신경정신과,79,1,78,1,117305,6.73,1485
서울,중구,한방안·이비인후·피부과,82,3,79,3,117305,6.99,1431
서울,중구,한방응급,9,0,9,0,117305,0.77,13034
서울,중구,한방재활의학과,81,1,80,1,117305,6.91,1448
서울,중구,핵의학과,2,2,0,3,117305,0.17,58652
서울,중랑구,가정의학과,66,21,45,30,376504,1.75,5705
서울,중랑구,결핵과,1,0,1,0,376504,0.03,376504
서울,중랑구,구강내과,122,0,122,0,376504,3.24,3086
서울,중랑구,구강병리과,72,0,72,0,376504,1.91,5229
서울,중랑구,구강악안면외과,137,11,126,11,376504,3.64,2748
서울,중랑구,내과,188,67,121,143,376504,4.99,2003
서울,중랑구,마취통증의학과,83,28,55,32,376504,2.2,4536
서울,중랑구,방사선종양학과,3,1,2,1,376504,0.08,125501
서울,중랑구,병리과,4,1,3,3,376504,0.11,94126
서울,중랑구,비뇨의학과,63,11,52,17,376504,1.67,5976
서울,중랑구,사상체질과,104,1,103,1,376504,2.76,3620
서울,중랑구,산부인과,32,18,14,33,376504,0.85,11766
서울,중랑구,성형외과,26,0,26,0,376504,0.69,14481
서울,중랑구,소아청소년과,131,24,107,39,376504,3.48,2874
서울,중랑구,소아치과,133,0,133,0,376504,3.53,2831
서울,중랑구,신경과,33,7,26,14,376504,0.88,11409
서울,중랑구,신경외과,81,14,67,21,376504,2.15,4648
서울,중랑구,심장혈관흉부외과,9,2,7,3,376504,0.24,41834
서울,중랑구,안과,27,16,11,23,376504,0.72,13945
서울,중랑구,영상의학과,34,15,19,25,376504,0.9,11074
서울,중랑구,영상치의학과,116,0,116,0,376504,3.08,3246
서울,중랑구,예방치과,131,0,131,0,376504,3.48,2874
서울,중랑구,외과,61,17,44,32,376504,1.62,6172
서울,중랑구,응급의학과,8,4,4,23,376504,0.21,47063
서울,중랑구,이비인후과,99,30,69,35,376504,2.63,3803
서울,중랑구,재활의학과,80,14,66,21,376504,2.12,4706
서울,중랑구,정신건강의학과,25,16,9,27,376504,0.66,15060
서울,중랑구,정형외과,112,45,67,77,376504,2.97,3362
서울,중랑구,직업환경의학과,3,2,1,7,376504,0.08,125501
서울,중랑구,진단검사의학과,20,3,17,5,376504,0.53,18825
서울,중랑구,치과교정과,85,7,78,7,376504,2.26,4429
서울,중랑구,치과보존과,146,6,140,6,376504,3.88,2579
서울,중랑구,치과보철과,150,12,138,12,376504,3.98,2510
서울,중랑구,치주과,148,5,143,5,376504,3.93,2544
서울,중랑구,침구과,115,2,113,2,376504,3.05,3274
서울,중랑구,통합치의학과,107,35,72,37,376504,2.84,3519
서울,중랑구,피부과,117,16,101,17,376504,3.11,3218
서울,중랑구,한방내과,122,4,118,4,376504,3.24,3086
서울,중랑구,한방부인과,109,1,108,1,376504,2.9,3454
서울,중랑구,한방소아과,110,0,110,0,376504,2.92,3423
서울,중랑구,한방신경정신과,109,0,109,0,376504,2.9,3454
서울,중랑구,한방안·이비인후·피부과,109,1,108,1,376504,2.9,3454
서울,중랑구,한방응급,12,0,12,0,376504,0.32,31375
서울,중랑구,한방재활의학과,104,0,104,0,376504,2.76,3620
서울,중랑구,핵의학과,1,1,0,1,376504,0.03,376504
세종,세종시,가정의학과,68,21,47,27,390738,1.74,5746
세종,세종시,결핵과,4,0,4,0,390738,0.1,97684
세종,세종시,구강내과,79,1,78,1,390738,2.02,4946
세종,세종시,구강병리과,51,0,51,0,390738,1.31,7662
세종,세종시,구강악안면외과,87,11,76,12,390738,2.23,4491
세종,세종시,내과,151,42,109,95,390738,3.86,2588
세종,세종시,마취통증의학과,53,11,42,19,390738,1.36,7372
세종,세종시,방사선종양학과,2,1,1,2,390738,0.05,195369
세종,세종시,병리과,3,2,1,3,390738,0.08,130246
세종,세종시,비뇨의학과,43,8,35,14,390738,1.1,9087
세종,세종시,사상체질과,83,1,82,1,390738,2.12,4708
세종,세종시,산부인과,29,13,16,24,390738,0.74,13474
세종,세종시,성형외과,28,5,23,7,390738,0.72,13955
세종,세종시,소아청소년과,118,30,88,64,390738,3.02,3311
세종,세종시,소아치과,84,6,78,7,390738,2.15,4652
세종,세종시,신경과,45,4,41,8,390738,1.15,8683
세종,세종시,신경외과,46,5,41,9,390738,1.18,8494
세종,세종시,심장혈관흉부외과,9,2,7,2,390738,0.23,43415
세종,세종시,안과,24,10,14,17,390738,0.61,16281
세종,세종시,영상의학과,23,6,17,9,390738,0.59,16989
세종,세종시,영상치의학과,75,0,75,0,390738,1.92,5210
세종,세종시,예방의학과,4,0,4,0,390738,0.1,97684
세종,세종시,예방치과,81,0,81,0,390738,2.07,4824
세종,세종시,외과,63,16,47,22,390738,1.61,6202
세종,세종시,응급의학과,9,4,5,15,390738,0.23,43415
세종,세종시,이비인후과,92,21,71,27,390738,2.35,4247
세종,세종시,재활의학과,42,4,38,5,390738,1.07,9303
세종,세종시,정신건강의학과,33,17,16,21,390738,0.84,11841
세종,세종시,정형외과,84,26,58,35,390738,2.15,4652
세종,세종시,직업환경의학과,2,1,1,1,390738,0.05,195369
세종,세종시,진단검사의학과,8,1,7,2,390738,0.2,48842
세종,세종시,치과,2,0,2,0,390738,0.05,195369
세종,세종시,치과교정과,73,9,64,9,390738,1.87,5353
세종,세종시,치과보존과,86,6,80,7,390738,2.2,4543
세종,세종시,치과보철과,86,9,77,11,390738,2.2,4543
세종,세종시,치주과,88,5,83,6,390738,2.25,4440
세종,세종시,침구과,105,5,100,6,390738,2.69,3721
세종,세종시,통합치의학과,64,38,26,43,390738,1.64,6105
세종,세종시,피부과,111,11,100,12,390738,2.84,3520
세종,세종시,한방내과,108,9,99,9,390738,2.76,3618
세종,세종시,한방부인과,101,1,100,2,390738,2.58,3869
세종,세종시,한방소아과,101,0,101,0,390738,2.58,3869
세종,세종시,한방신경정신과,96,0,96,0,390738,2.46,4070
세종,세종시,한방안·이비인후·피부과,96,1,95,1,390738,2.46,4070
세종,세종시,한방응급,10,0,10,0,390738,0.26,39074
세종,세종시,한방재활의학과,97,7,90,8,390738,2.48,4028
세종,세종시,핵의학과,2,1,1,1,390738,0.05,195369
울산,남구,가정의학과,66,20,46,24,304655,2.17,4616
울산,남구,결핵과,2,0,2,0,304655,0.07,152328
울산,남구,구강내과,105,2,103,2,304655,3.45,2901
울산,남구,구강병리과,60,0,60,0,304655,1.97,5078
울산,남구,구강악안면외과,114,10,104,12,304655,3.74,2672
울산,남구,내과,149,59,90,115,304655,4.89,2045
울산,남구,마취통증의학과,64,28,36,34,304655,2.1,4760
울산,남구,병리과,8,1,7,1,304655,0.26,38082
울산,남구,비뇨의학과,42,18,24,21,304655,1.38,7254
울산,남구,사상체질과,85,0,85,0,304655,2.79,3584
울산,남구,산부인과,33,27,6,49,304655,1.08,9232
울산,남구,성형외과,52,12,40,19,304655,1.71,5859
울산,남구,소아청소년과,71,19,52,33,304655,2.33,4291
울산,남구,소아치과,116,4,112,5,304655,3.81,2626
울산,남구,신경과,42,10,32,14,304655,1.38,7254
울산,남구,신경외과,52,14,38,21,304655,1.71,5859
울산,남구,심장혈관흉부외과,11,6,5,7,304655,0.36,27696
울산,남구,안과,22,17,5,36,304655,0.72,13848
울산,남구,영상의학과,37,17,20,28,304655,1.21,8234
울산,남구,영상치의학과,100,0,100,0,304655,3.28,3047
울산,남구,예방의학과,1,0,1,0,304655,0.03,304655
울산,남구,예방치과,113,0,113,0,304655,3.71,2696
울산,남구,외과,52,27,25,37,304655,1.71,5859
울산,남구,응급의학과,7,4,3,13,304655,0.23,43522
울산,남구,이비인후과,50,21,29,27,304655,1.64,6093
울산,남구,재활의학과,43,14,29,19,304655,1.41,7085
울산,남구,정신건강의학과,27,20,7,29,304655,0.89,11284
울산,남구,정형외과,61,27,34,52,304655,2.0,4994
울산,남구,직업환경의학과,4,4,0,14,304655,0.13,76164
울산,남구,진단검사의학과,5,2,3,2,304655,0.16,60931
울산,남구,치과교정과,78,10,68,12,304655,2.56,3906
울산,남구,치과보존과,133,1,132,1,304655,4.37,2291
울산,남구,치과보철과,135,4,131,4,304655,4.43,2257
울산,남구,치주과,134,9,125,9,304655,4.4,2274
울산,남구,침구과,106,7,99,10,304655,3.48,2874
울산,남구,통합치의학과,99,29,70,34,304655,3.25,3077
울산,남구,피부과,120,16,104,19,304655,3.94,2539
울산,남구,한방내과,128,9,119,9,304655,4.2,2380
울산,남구,한방부인과,101,1,100,1,304655,3.32,3016
울산,남구,한방소아과,96,0,96,0,304655,3.15,3173
울산,남구,한방신경정신과,93,3,90,3,304655,3.05,3276
울산,남구,한방안·이비인후·피부과,100,1,99,1,304655,3.28,3047
울산,남구,한방응급,7,0,7,0,304655,0.23,43522
울산,남구,한방재활의학과,88,2,86,4,304655,2.89,3462
울산,남구,핵의학과,2,2,0,2,304655,0.07,152328
울산,동구,가정의학과,16,5,11,12,147440,1.09,9215
울산,동구,구강내과,25,1,24,1,147440,1.7,5898
울산,동구,구강병리과,11,0,11,0,147440,0.75,13404
울산,동구,구강악안면외과,30,3,27,5,147440,2.03,4915
울산,동구,내과,55,17,38,77,147440,3.73,2681
울산,동구,마취통증의학과,17,5,12,21,147440,1.15,8673
울산,동구,방사선종양학과,1,1,0,2,147440,0.07,147440
울산,동구,병리과,4,1,3,7,147440,0.27,36860
울산,동구,비뇨의학과,28,4,24,9,147440,1.9,5266
울산,동구,사상체질과,26,0,26,0,147440,1.76,5671
울산,동구,산부인과,9,5,4,11,147440,0.61,16382
울산,동구,성형외과,4,1,3,3,147440,0.27,36860
울산,동구,소아청소년과,39,7,32,21,147440,2.65,3781
울산,동구,소아치과,32,1,31,1,147440,2.17,4608
울산,동구,신경과,14,2,12,9,147440,0.95,10531
울산,동구,신경외과,27,8,19,14,147440,1.83,5461
울산,동구,심장혈관흉부외과,4,1,3,6,147440,0.27,36860
울산,동구,안과,13,4,9,11,147440,0.88,11342
울산,동구,영상의학과,9,3,6,17,147440,0.61,16382
울산,동구,영상치의학과,27,0,27,0,147440,1.83,5461
울산,동구,예방의학과,2,1,1,3,147440,0.14,73720
울산,동구,예방치과,29,0,29,0,147440,1.97,5084
울산,동구,외과,23,8,15,30,147440,1.56,6410
울산,동구,응급의학과,1,1,0,10,147440,0.07,147440
울산,동구,이비인후과,33,7,26,13,147440,2.24,4468
울산,동구,재활의학과,23,2,21,4,147440,1.56,6410
울산,동구,정신건강의학과,4,2,2,9,147440,0.27,36860
울산,동구,정형외과,32,12,20,17,147440,2.17,4608
울산,동구,직업환경의학과,3,2,1,8,147440,0.2,49147
울산,동구,진단검사의학과,2,1,1,4,147440,0.14,73720
울산,동구,치과교정과,17,1,16,1,147440,1.15,8673
울산,동구,치과보존과,39,1,38,1,147440,2.65,3781
울산,동구,치과보철과,39,2,37,2,147440,2.65,3781
울산,동구,치주과,39,2,37,2,147440,2.65,3781
울산,동구,침구과,37,2,35,2,147440,2.51,3985
울산,동구,통합치의학과,29,5,24,5,147440,1.97,5084
울산,동구,피부과,44,4,40,6,147440,2.98,3351
울산,동구,한방내과,38,1,37,1,147440,2.58,3880
울산,동구,한방부인과,34,0,34,0,147440,2.31,4336
울산,동구,한방소아과,32,0,32,0,147440,2.17,4608
울산,동구,한방신경정신과,31,0,31,0,147440,2.1,4756
울산,동구,한방안·이비인후·피부과,34,1,33,1,147440,2.31,4336
울산,동구,한방응급,3,0,3,0,147440,0.2,49147
울산,동구,한방재활의학과,30,1,29,1,147440,2.03,4915
울산,동구,핵의학과,1,1,0,3,147440,0.07,147440
울산,북구,가정의학과,25,9,16,10,213391,1.17,8536
울산,북구,결핵과,1,0,1,0,213391,0.05,213391
울산,북구,구강내과,44,1,43,1,213391,2.06,4850
울산,북구,구강병리과,19,0,19,0,213391,0.89,11231
울산,북구,구강악안면외과,46,4,42,4,213391,2.16,4639
울산,북구,내과,62,18,44,33,213391,2.91,3442
울산,북구,마취통증의학과,15,4,11,6,213391,0.7,14226
울산,북구,방사선종양학과,2,0,2,0,213391,0.09,106696
울산,북구,병리과,2,0,2,0,213391,0.09,106696
울산,북구,비뇨의학과,20,8,12,8,213391,0.94,10670
울산,북구,사상체질과,33,1,32,1,213391,1.55,6466
울산,북구,산부인과,9,6,3,6,213391,0.42,23710
울산,북구,성형외과,5,2,3,2,213391,0.23,42678
울산,북구,소아청소년과,48,14,34,22,213391,2.25,4446
울산,북구,소아치과,47,2,45,3,213391,2.2,4540
울산,북구,신경과,10,0,10,0,213391,0.47,21339
울산,북구,신경외과,17,6,11,10,213391,0.8,12552
울산,북구,심장혈관흉부외과,2,0,2,0,213391,0.09,106696
울산,북구,안과,10,5,5,5,213391,0.47,21339
울산,북구,영상의학과,5,2,3,8,213391,0.23,42678
울산,북구,영상치의학과,41,0,41,0,213391,1.92,5205
울산,북구,예방의학과,1,0,1,0,213391,0.05,213391
울산,북구,예방치과,45,0,45,0,213391,2.11,4742
울산,북구,외과,20,5,15,8,213391,0.94,10670
울산,북구,응급의학과,1,1,0,6,213391,0.05,213391
울산,북구,이비인후과,48,13,35,13,213391,2.25,4446
울산,북구,재활의학과,18,4,14,8,213391,0.84,11855
울산,북구,정신건강의학과,3,3,0,3,213391,0.14,71130
울산,북구,정형외과,26,10,16,20,213391,1.22,8207
울산,북구,진단검사의학과,3,2,1,2,213391,0.14,71130
울산,북구,치과교정과,33,2,31,2,213391,1.55,6466
울산,북구,치과보존과,49,0,49,0,213391,2.3,4355
울산,북구,치과보철과,49,0,49,0,213391,2.3,4355
울산,북구,치주과,49,1,48,1,213391,2.3,4355
울산,북구,침구과,42,2,40,3,213391,1.97,5081
울산,북구,통합치의학과,43,14,29,14,213391,2.02,4963
울산,북구,피부과,48,1,47,1,213391,2.25,4446
울산,북구,한방내과,43,1,42,1,213391,2.02,4963
울산,북구,한방부인과,38,1,37,1,213391,1.78,5616
울산,북구,한방소아과,37,0,37,0,213391,1.73,5767
울산,북구,한방신경정신과,37,0,37,0,213391,1.73,5767
울산,북구,한방안·이비인후·피부과,38,0,38,0,213391,1.78,5616
울산,북구,한방응급,4,0,4,0,213391,0.19,53348
울산,북구,한방재활의학과,33,1,32,1,213391,1.55,6466
울산,울주군,가정의학과,35,15,20,17,218342,1.6,6238
울산,울주군,결핵과,2,0,2,0,218342,0.09,109171
울산,울주군,구강내과,29,0,29,0,218342,1.33,7529
울산,울주군,구강병리과,21,0,21,0,218342,0.96,10397
울산,울주군,구강악안면외과,33,1,32,1,218342,1.51,6616
울산,울주군,내과,83,18,65,26,218342,3.8,2631
울산,울주군,마취통증의학과,20,6,14,6,218342,0.92,10917
울산,울주군,방사선종양학과,1,0,1,0,218342,0.05,218342
울산,울주군,병리과,5,1,4,1,218342,0.23,43668
울산,울주군,비뇨의학과,27,2,25,2,218342,1.24,8087
울산,울주군,사상체질과,27,0,27,0,218342,1.24,8087
울산,울주군,산부인과,12,6,6,6,218342,0.55,18195
울산,울주군,성형외과,9,1,8,1,218342,0.41,24260
울산,울주군,소아청소년과,54,8,46,11,218342,2.47,4043
울산,울주군,소아치과,35,0,35,0,218342,1.6,6238
울산,울주군,신경과,12,1,11,1,218342,0.55,18195
울산,울주군,신경외과,15,1,14,3,218342,0.69,14556
울산,울주군,심장혈관흉부외과,3,0,3,0,218342,0.14,72781
울산,울주군,안과,17,5,12,5,218342,0.78,12844
울산,울주군,영상의학과,11,1,10,1,218342,0.5,19849
울산,울주군,영상치의학과,29,1,28,1,218342,1.33,7529
울산,울주군,예방의학과,2,0,2,0,218342,0.09,109171
울산,울주군,예방치과,30,0,30,0,218342,1.37,7278
울산,울주군,외과,35,11,24,13,218342,1.6,6238
울산,울주군,응급의학과,3,1,2,3,218342,0.14,72781
울산,울주군,이비인후과,45,8,37,8,218342,2.06,4852
울산,울주군,재활의학과,23,2,21,3,218342,1.05,9493
울산,울주군,정신건강의학과,14,6,8,16,218342,0.64,15596
울산,울주군,정형외과,35,11,24,12,218342,1.6,6238
울산,울주군,직업환경의학과,1,0,1,0,218342,0.05,218342
울산,울주군,진단검사의학과,6,0,6,0,218342,0.27,36390
울산,울주군,치과,1,0,1,0,218342,0.05,218342
울산,울주군,치과교정과,20,0,20,0,218342,0.92,10917
울산,울주군,치과보존과,37,1,36,1,218342,1.69,5901
울산,울주군,치과보철과,38,0,38,0,218342,1.74,5746
울산,울주군,치주과,37,1,36,1,218342,1.69,5901
울산,울주군,침구과,52,3,49,3,218342,2.38,4199
울산,울주군,통합치의학과,28,6,22,6,218342,1.28,7798
울산,울주군,피부과,57,0,57,0,218342,2.61,3831
울산,울주군,한방내과,59,5,54,5,218342,2.7,3701
울산,울주군,한방부인과,48,0,48,0,218342,2.2,4549
울산,울주군,한방소아과,45,0,45,0,218342,2.06,4852
울산,울주군,한방신경정신과,45,2,43,2,218342,2.06,4852
울산,울주군,한방안·이비인후·피부과,40,1,39,1,218342,1.83,5459
울산,울주군,한방응급,2,0,2,0,218342,0.09,109171
울산,울주군,한방재활의학과,33,2,31,2,218342,1.51,6616
울산,울주군,핵의학과,1,0,1,0,218342,0.05,218342
울산,중구,가정의학과,25,10,15,10,202545,1.23,8102
울산,중구,결핵과,1,0,1,0,202545,0.05,202545
울산,중구,구강내과,39,0,39,0,202545,1.93,5193
울산,중구,구강병리과,20,0,20,0,202545,0.99,10127
울산,중구,구강악안면외과,50,1,49,1,202545,2.47,4051
울산,중구,내과,79,26,53,54,202545,3.9,2564
울산,중구,마취통증의학과,28,9,19,14,202545,1.38,7234
울산,중구,병리과,2,1,1,1,202545,0.1,101272
울산,중구,비뇨의학과,23,6,17,6,202545,1.14,8806
울산,중구,사상체질과,37,1,36,1,202545,1.83,5474
울산,중구,산부인과,12,9,3,20,202545,0.59,16879
울산,중구,성형외과,8,3,5,4,202545,0.39,25318
울산,중구,소아청소년과,57,13,44,15,202545,2.81,3553
울산,중구,소아치과,47,2,45,2,202545,2.32,4309
울산,중구,신경과,22,6,16,8,202545,1.09,9207
울산,중구,신경외과,23,6,17,7,202545,1.14,8806
울산,중구,심장혈관흉부외과,3,2,1,2,202545,0.15,67515
울산,중구,안과,14,6,8,8,202545,0.69,14468
울산,중구,영상의학과,8,4,4,15,202545,0.39,25318
울산,중구,영상치의학과,36,0,36,0,202545,1.78,5626
울산,중구,예방치과,44,0,44,0,202545,2.17,4603
울산,중구,외과,23,8,15,14,202545,1.14,8806
울산,중구,응급의학과,2,1,1,9,202545,0.1,101272
울산,중구,이비인후과,32,8,24,8,202545,1.58,6330
울산,중구,재활의학과,21,4,17,7,202545,1.04,9645
울산,중구,정신건강의학과,12,4,8,4,202545,0.59,16879
울산,중구,정형외과,33,12,21,22,202545,1.63,6138
울산,중구,직업환경의학과,1,1,0,5,202545,0.05,202545
울산,중구,진단검사의학과,6,3,3,4,202545,0.3,33758
울산,중구,치과,4,0,4,0,202545,0.2,50636
울산,중구,치과교정과,32,2,30,2,202545,1.58,6330
울산,중구,치과보존과,52,1,51,1,202545,2.57,3895
울산,중구,치과보철과,55,2,53,2,202545,2.72,3683
울산,중구,치주과,53,1,52,1,202545,2.62,3822
울산,중구,침구과,50,3,47,3,202545,2.47,4051
울산,중구,통합치의학과,34,8,26,9,202545,1.68,5957
울산,중구,피부과,50,3,47,3,202545,2.47,4051
울산,중구,한방내과,52,1,51,1,202545,2.57,3895
울산,중구,한방부인과,46,0,46,0,202545,2.27,4403
울산,중구,한방소아과,43,0,43,0,202545,2.12,4710
울산,중구,한방신경정신과,42,1,41,1,202545,2.07,4822
울산,중구,한방안·이비인후·피부과,42,1,41,1,202545,2.07,4822
울산,중구,한방재활의학과,37,0,37,0,202545,1.83,5474
인천,강화군,가정의학과,10,5,5,6,69541,1.44,6954
인천,강화군,결핵과,2,0,2,0,69541,0.29,34770
인천,강화군,구강내과,8,0,8,0,69541,1.15,8693
인천,강화군,구강병리과,5,0,5,0,69541,0.72,13908
인천,강화군,구강악안면외과,7,0,7,0,69541,1.01,9934
인천,강화군,내과,19,5,14,8,69541,2.73,3660
인천,강화군,마취통증의학과,8,2,6,2,69541,1.15,8693
인천,강화군,방사선종양학과,2,0,2,0,69541,0.29,34770
인천,강화군,병리과,2,0,2,0,69541,0.29,34770
인천,강화군,비뇨의학과,9,1,8,1,69541,1.29,7727
인천,강화군,사상체질과,16,0,16,0,69541,2.3,4346
인천,강화군,산부인과,5,3,2,3,69541,0.72,13908
인천,강화군,성형외과,4,0,4,0,69541,0.58,17385
인천,강화군,소아청소년과,12,2,10,2,69541,1.73,5795
인천,강화군,소아치과,8,0,8,0,69541,1.15,8693
인천,강화군,신경과,8,1,7,1,69541,1.15,8693
인천,강화군,신경외과,9,3,6,4,69541,1.29,7727
인천,강화군,심장혈관흉부외과,5,0,5,0,69541,0.72,13908
인천,강화군,안과,6,3,3,3,69541,0.86,11590
인천,강화군,영상의학과,5,1,4,1,69541,0.72,13908
인천,강화군,영상치의학과,8,0,8,0,69541,1.15,8693
인천,강화군,예방의학과,2,0,2,0,69541,0.29,34770
인천,강화군,예방치과,7,0,7,0,69541,1.01,9934
인천,강화군,외과,8,4,4,5,69541,1.15,8693
인천,강화군,응급의학과,4,1,3,1,69541,0.58,17385
인천,강화군,이비인후과,10,1,9,1,69541,1.44,6954
인천,강화군,재활의학과,7,1,6,1,69541,1.01,9934
인천,강화군,정신건강의학과,5,2,3,3,69541,0.72,13908
인천,강화군,정형외과,13,1,12,2,69541,1.87,5349
인천,강화군,직업환경의학과,2,0,2,0,69541,0.29,34770
인천,강화군,진단검사의학과,4,1,3,1,69541,0.58,17385
인천,강화군,치과,8,0,8,0,69541,1.15,8693
인천,강화군,치과교정과,7,0,7,0,69541,1.01,9934
인천,강화군,치과보존과,8,0,8,0,69541,1.15,8693
인천,강화군,치과보철과,8,0,8,0,69541,1.15,8693
인천,강화군,치주과,8,1,7,1,69541,1.15,8693
인천,강화군,침구과,21,1,20,1,69541,3.02,3311
인천,강화군,통합치의학과,7,2,5,2,69541,1.01,9934
인천,강화군,피부과,8,0,8,0,69541,1.15,8693
인천,강화군,한방내과,22,1,21,1,69541,3.16,3161
인천,강화군,한방부인과,21,0,21,0,69541,3.02,3311
인천,강화군,한방소아과,21,0,21,0,69541,3.02,3311
인천,강화군,한방신경정신과,19,0,19,0,69541,2.73,3660
인천,강화군,한방안·이비인후·피부과,21,0,21,0,69541,3.02,3311
인천,강화군,한방재활의학과,19,0,19,0,69541,2.73,3660
인천,강화군,핵의학과,2,0,2,0,69541,0.29,34770
인천,계양구,가정의학과,47,22,25,31,275966,1.7,5872
인천,계양구,결핵과,2,0,2,0,275966,0.07,137983
인천,계양구,구강내과,99,0,99,0,275966,3.59,2788
인천,계양구,구강병리과,79,0,79,0,275966,2.86,3493
인천,계양구,구강악안면외과,107,6,101,6,275966,3.88,2579
인천,계양구,내과,130,41,89,104,275966,4.71,2123
인천,계양구,마취통증의학과,43,15,28,21,275966,1.56,6418
인천,계양구,방사선종양학과,5,1,4,1,275966,0.18,55193
인천,계양구,병리과,7,2,5,3,275966,0.25,39424
인천,계양구,비뇨의학과,57,10,47,12,275966,2.07,4842
인천,계양구,사상체질과,67,0,67,0,275966,2.43,4119
인천,계양구,산부인과,20,13,7,17,275966,0.72,13798
인천,계양구,성형외과,20,2,18,2,275966,0.72,13798
인천,계양구,소아청소년과,87,23,64,26,275966,3.15,3172
인천,계양구,소아치과,107,1,106,1,275966,3.88,2579
인천,계양구,신경과,28,4,24,8,275966,1.01,9856
인천,계양구,신경외과,47,14,33,23,275966,1.7,5872
인천,계양구,심장혈관흉부외과,9,3,6,9,275966,0.33,30663
인천,계양구,안과,21,10,11,12,275966,0.76,13141
인천,계양구,영상의학과,17,6,11,15,275966,0.62,16233
인천,계양구,영상치의학과,97,0,97,0,275966,3.51,2845
인천,계양구,예방치과,104,0,104,0,275966,3.77,2654
인천,계양구,외과,49,17,32,28,275966,1.78,5632
인천,계양구,응급의학과,3,3,0,29,275966,0.11,91989
인천,계양구,이비인후과,78,17,61,21,275966,2.83,3538
인천,계양구,재활의학과,43,12,31,26,275966,1.56,6418
인천,계양구,정신건강의학과,18,13,5,27,275966,0.65,15331
인천,계양구,정형외과,69,25,44,41,275966,2.5,4000
인천,계양구,직업환경의학과,1,1,0,2,275966,0.04,275966
인천,계양구,진단검사의학과,8,2,6,3,275966,0.29,34496
인천,계양구,치과,1,0,1,0,275966,0.04,275966
인천,계양구,치과교정과,98,2,96,2,275966,3.55,2816
인천,계양구,치과보존과,105,1,104,1,275966,3.8,2628
인천,계양구,치과보철과,106,6,100,6,275966,3.84,2603
인천,계양구,치주과,106,4,102,4,275966,3.84,2603
인천,계양구,침구과,84,3,81,3,275966,3.04,3285
인천,계양구,통합치의학과,28,16,12,20,275966,1.01,9856
인천,계양구,피부과,80,8,72,8,275966,2.9,3450
인천,계양구,한방내과,86,6,80,6,275966,3.12,3209
인천,계양구,한방부인과,84,1,83,1,275966,3.04,3285
인천,계양구,한방소아과,82,0,82,0,275966,2.97,3365
인천,계양구,한방신경정신과,83,2,81,2,275966,3.01,3325
인천,계양구,한방안·이비인후·피부과,80,0,80,0,275966,2.9,3450
인천,계양구,한방응급,27,0,27,0,275966,0.98,10221
인천,계양구,한방재활의학과,73,1,72,1,275966,2.65,3780
인천,계양구,핵의학과,1,1,0,1,275966,0.04,275966
인천,남동구,가정의학과,106,45,61,52,478603,2.21,4515
인천,남동구,결핵과,3,0,3,0,478603,0.06,159534
인천,남동구,구강내과,125,1,124,2,478603,2.61,3829
인천,남동구,구강병리과,87,0,87,0,478603,1.82,5501
인천,남동구,구강악안면외과,140,15,125,17,478603,2.93,3419
인천,남동구,내과,224,78,146,195,478603,4.68,2137
인천,남동구,마취통증의학과,79,28,51,46,478603,1.65,6058
인천,남동구,방사선종양학과,5,1,4,4,478603,0.1,95721
인천,남동구,병리과,10,1,9,5,478603,0.21,47860
인천,남동구,비뇨의학과,87,15,72,23,478603,1.82,5501
인천,남동구,사상체질과,131,3,128,3,478603,2.74,3653
인천,남동구,산부인과,42,21,21,42,478603,0.88,11395
인천,남동구,성형외과,54,15,39,25,478603,1.13,8863
인천,남동구,소아청소년과,154,33,121,50,478603,3.22,3108
인천,남동구,소아치과,157,6,151,7,478603,3.28,3048
인천,남동구,신경과,60,11,49,20,478603,1.25,7977
인천,남동구,신경외과,77,16,61,31,478603,1.61,6216
인천,남동구,심장혈관흉부외과,16,3,13,11,478603,0.33,29913
인천,남동구,안과,37,15,22,34,478603,0.77,12935
인천,남동구,영상의학과,32,14,18,32,478603,0.67,14956
인천,남동구,영상치의학과,120,0,120,0,478603,2.51,3988
인천,남동구,예방의학과,5,0,5,0,478603,0.1,95721
인천,남동구,예방치과,137,1,136,1,478603,2.86,3493
인천,남동구,외과,81,31,50,75,478603,1.69,5909
인천,남동구,응급의학과,8,4,4,32,478603,0.17,59825
인천,남동구,이비인후과,122,32,90,41,478603,2.55,3923
인천,남동구,재활의학과,79,19,60,33,478603,1.65,6058
인천,남동구,정신건강의학과,37,21,16,34,478603,0.77,12935
인천,남동구,정형외과,122,40,82,81,478603,2.55,3923
인천,남동구,직업환경의학과,6,2,4,4,478603,0.13,79767
인천,남동구,진단검사의학과,10,2,8,6,478603,0.21,47860
인천,남동구,치과,3,0,3,0,478603,0.06,159534
인천,남동구,치과교정과,117,15,102,18,478603,2.44,4091
인천,남동구,치과보존과,154,4,150,5,478603,3.22,3108
인천,남동구,치과보철과,152,11,141,11,478603,3.18,3149
인천,남동구,치주과,169,7,162,7,478603,3.53,2832
인천,남동구,침구과,156,5,151,5,478603,3.26,3068
인천,남동구,통합치의학과,108,45,63,50,478603,2.26,4432
인천,남동구,피부과,193,15,178,26,478603,4.03,2480
인천,남동구,한방내과,171,6,165,8,478603,3.57,2799
인천,남동구,한방부인과,150,2,148,2,478603,3.13,3191
인천,남동구,한방소아과,161,2,159,2,478603,3.36,2973
인천,남동구,한방신경정신과,147,3,144,3,478603,3.07,3256
인천,남동구,한방안·이비인후·피부과,149,1,148,1,478603,3.11,3212
인천,남동구,한방응급,5,0,5,0,478603,0.1,95721
인천,남동구,한방재활의학과,145,5,140,11,478603,3.03,3301
인천,남동구,핵의학과,2,1,1,5,478603,0.04,239302
인천,동구,가정의학과,5,1,4,2,57875,0.86,11575
인천,동구,구강내과,14,0,14,0,57875,2.42,4134
인천,동구,구강병리과,4,0,4,0,57875,0.69,14469
인천,동구,구강악안면외과,14,0,14,0,57875,2.42,4134
인천,동구,내과,34,10,24,25,57875,5.87,1702
인천,동구,마취통증의학과,10,5,5,7,57875,1.73,5788
인천,동구,비뇨의학과,14,3,11,3,57875,2.42,4134
인천,동구,사상체질과,6,0,6,0,57875,1.04,9646
인천,동구,산부인과,6,3,3,4,57875,1.04,9646
인천,동구,성형외과,2,0,2,0,57875,0.35,28938
인천,동구,소아청소년과,25,3,22,3,57875,4.32,2315
인천,동구,소아치과,12,0,12,0,57875,2.07,4823
인천,동구,신경과,4,3,1,3,57875,0.69,14469
인천,동구,신경외과,11,2,9,4,57875,1.9,5261
인천,동구,심장혈관흉부외과,3,3,0,3,57875,0.52,19292
인천,동구,안과,4,2,2,2,57875,0.69,14469
인천,동구,영상의학과,2,2,0,3,57875,0.35,28938
인천,동구,영상치의학과,9,0,9,0,57875,1.56,6431
인천,동구,예방의학과,1,0,1,0,57875,0.17,57875
인천,동구,예방치과,11,0,11,0,57875,1.9,5261
인천,동구,외과,18,6,12,11,57875,3.11,3215
인천,동구,응급의학과,2,2,0,4,57875,0.35,28938
인천,동구,이비인후과,21,5,16,5,57875,3.63,2756
인천,동구,재활의학과,9,2,7,3,57875,1.56,6431
인천,동구,정신건강의학과,1,1,0,4,57875,0.17,57875
인천,동구,정형외과,21,11,10,17,57875,3.63,2756
인천,동구,직업환경의학과,2,2,0,3,57875,0.35,28938
인천,동구,진단검사의학과,2,2,0,2,57875,0.35,28938
인천,동구,치과교정과,6,0,6,0,57875,1.04,9646
인천,동구,치과보존과,16,1,15,1,57875,2.76,3617
인천,동구,치과보철과,15,0,15,0,57875,2.59,3858
인천,동구,치주과,15,0,15,0,57875,2.59,3858
인천,동구,침구과,17,0,17,0,57875,2.94,3404
인천,동구,통합치의학과,9,5,4,5,57875,1.56,6431
인천,동구,피부과,18,0,18,0,57875,3.11,3215
인천,동구,한방내과,17,0,17,0,57875,2.94,3404
인천,동구,한방부인과,16,0,16,0,57875,2.76,3617
인천,동구,한방소아과,15,0,15,0,57875,2.59,3858
인천,동구,한방신경정신과,9,1,8,1,57875,1.56,6431
인천,동구,한방안·이비인후·피부과,11,0,11,0,57875,1.9,5261
인천,동구,한방재활의학과,8,0,8,0,57875,1.38,7234
인천,미추홀구,가정의학과,78,38,40,46,419123,1.86,5373
인천,미추홀구,결핵과,2,0,2,0,419123,0.05,209562
인천,미추홀구,구강내과,112,0,112,0,419123,2.67,3742
인천,미추홀구,구강병리과,98,0,98,0,419123,2.34,4277
인천,미추홀구,구강악안면외과,119,8,111,8,419123,2.84,3522
인천,미추홀구,내과,162,63,99,116,419123,3.87,2587
인천,미추홀구,마취통증의학과,56,26,30,41,419123,1.34,7484
인천,미추홀구,방사선종양학과,5,1,4,1,419123,0.12,83825
인천,미추홀구,병리과,5,1,4,1,419123,0.12,83825
인천,미추홀구,비뇨의학과,55,13,42,13,419123,1.31,7620
인천,미추홀구,사상체질과,93,1,92,2,419123,2.22,4507
인천,미추홀구,산부인과,22,15,7,66,419123,0.52,19051
인천,미추홀구,성형외과,12,3,9,3,419123,0.29,34927
인천,미추홀구,소아청소년과,106,20,86,39,419123,2.53,3954
인천,미추홀구,소아치과,122,3,119,3,419123,2.91,3435
인천,미추홀구,신경과,47,16,31,17,419123,1.12,8918
인천,미추홀구,신경외과,73,18,55,30,419123,1.74,5741
인천,미추홀구,심장혈관흉부외과,5,1,4,1,419123,0.12,83825
인천,미추홀구,안과,23,15,8,22,419123,0.55,18223
인천,미추홀구,영상의학과,26,12,14,22,419123,0.62,16120
인천,미추홀구,영상치의학과,112,1,111,1,419123,2.67,3742
인천,미추홀구,예방의학과,7,0,7,0,419123,0.17,59875
인천,미추홀구,예방치과,118,0,118,0,419123,2.82,3552
인천,미추홀구,외과,60,26,34,45,419123,1.43,6985
인천,미추홀구,응급의학과,5,3,2,15,419123,0.12,83825
인천,미추홀구,이비인후과,78,23,55,28,419123,1.86,5373
인천,미추홀구,재활의학과,68,17,51,19,419123,1.62,6164
인천,미추홀구,정신건강의학과,24,17,7,25,419123,0.57,17463
인천,미추홀구,정형외과,95,37,58,67,419123,2.27,4412
인천,미추홀구,직업환경의학과,4,3,1,4,419123,0.1,104781
인천,미추홀구,진단검사의학과,14,4,10,5,419123,0.33,29937
인천,미추홀구,치과,6,0,6,0,419123,0.14,69854
인천,미추홀구,치과교정과,113,5,108,5,419123,2.7,3709
인천,미추홀구,치과보존과,125,3,122,4,419123,2.98,3353
인천,미추홀구,치과보철과,127,7,120,7,419123,3.03,3300
인천,미추홀구,치주과,121,1,120,1,419123,2.89,3464
인천,미추홀구,침구과,114,3,111,3,419123,2.72,3677
인천,미추홀구,통합치의학과,63,33,30,37,419123,1.5,6653
인천,미추홀구,피부과,90,4,86,4,419123,2.15,4657
인천,미추홀구,한방내과,114,2,112,3,419123,2.72,3677
인천,미추홀구,한방부인과,107,1,106,1,419123,2.55,3917
인천,미추홀구,한방소아과,106,0,106,0,419123,2.53,3954
인천,미추홀구,한방신경정신과,104,2,102,2,419123,2.48,4030
인천,미추홀구,한방안·이비인후·피부과,107,1,106,1,419123,2.55,3917
인천,미추홀구,한방응급,42,0,42,0,419123,1.0,9979
인천,미추홀구,한방재활의학과,101,3,98,3,419123,2.41,4150
인천,미추홀구,핵의학과,1,0,1,0,419123,0.02,419123
인천,부평구,가정의학과,88,33,55,46,487282,1.81,5537
인천,부평구,결핵과,1,0,1,0,487282,0.02,487282
인천,부평구,구강내과,119,1,118,1,487282,2.44,4095
인천,부평구,구강병리과,67,0,67,0,487282,1.37,7273
인천,부평구,구강악안면외과,128,13,115,14,487282,2.63,3807
인천,부평구,내과,216,71,145,173,487282,4.43,2256
인천,부평구,마취통증의학과,79,26,53,45,487282,1.62,6168
인천,부평구,방사선종양학과,1,1,0,3,487282,0.02,487282
인천,부평구,병리과,7,1,6,7,487282,0.14,69612
인천,부평구,비뇨의학과,90,15,75,18,487282,1.85,5414
인천,부평구,사상체질과,122,0,122,0,487282,2.5,3994
인천,부평구,산부인과,32,24,8,40,487282,0.66,15228
인천,부평구,성형외과,54,11,43,17,487282,1.11,9024
인천,부평구,소아청소년과,163,30,133,48,487282,3.35,2989
인천,부평구,소아치과,125,2,123,3,487282,2.57,3898
인천,부평구,신경과,41,8,33,16,487282,0.84,11885
인천,부평구,신경외과,83,17,66,39,487282,1.7,5871
인천,부평구,심장혈관흉부외과,10,5,5,10,487282,0.21,48728
인천,부평구,안과,35,16,19,63,487282,0.72,13922
인천,부평구,영상의학과,40,11,29,31,487282,0.82,12182
인천,부평구,영상치의학과,102,0,102,0,487282,2.09,4777
인천,부평구,예방의학과,3,1,2,1,487282,0.06,162427
인천,부평구,예방치과,125,0,125,0,487282,2.57,3898
인천,부평구,외과,77,25,52,54,487282,1.58,6328
인천,부평구,응급의학과,7,3,4,24,487282,0.14,69612
인천,부평구,이비인후과,124,28,96,42,487282,2.54,3930
인천,부평구,재활의학과,63,15,48,23,487282,1.29,7735
인천,부평구,정신건강의학과,29,16,13,26,487282,0.6,16803
인천,부평구,정형외과,120,38,82,64,487282,2.46,4061
인천,부평구,직업환경의학과,3,2,1,9,487282,0.06,162427
인천,부평구,진단검사의학과,16,3,13,5,487282,0.33,30455
인천,부평구,치과,16,0,16,0,487282,0.33,30455
인천,부평구,치과교정과,108,10,98,12,487282,2.22,4512
인천,부평구,치과보존과,147,6,141,7,487282,3.02,3315
인천,부평구,치과보철과,148,8,140,9,487282,3.04,3292
인천,부평구,치주과,147,7,140,7,487282,3.02,3315
인천,부평구,침구과,133,4,129,4,487282,2.73,3664
인천,부평구,통합치의학과,102,54,48,73,487282,2.09,4777
인천,부평구,피부과,172,10,162,13,487282,3.53,2833
인천,부평구,한방내과,133,5,128,5,487282,2.73,3664
인천,부평구,한방부인과,130,1,129,1,487282,2.67,3748
인천,부평구,한방소아과,128,1,127,1,487282,2.63,3807
인천,부평구,한방신경정신과,128,1,127,1,487282,2.63,3807
인천,부평구,한방안·이비인후·피부과,129,1,128,1,487282,2.65,3777
인천,부평구,한방응급,65,0,65,0,487282,1.33,7497
인천,부평구,한방재활의학과,127,1,126,1,487282,2.61,3837
인천,부평구,핵의학과,3,1,2,3,487282,0.06,162427
인천,서구,가정의학과,108,39,69,53,668150,1.62,6187
인천,서구,결핵과,4,0,4,0,668150,0.06,167038
인천,서구,구강내과,126,0,126,0,668150,1.89,5303
인천,서구,구강병리과,102,0,102,0,668150,1.53,6550
인천,서구,구강악안면외과,134,13,121,14,668150,2.01,4986
인천,서구,내과,242,66,176,176,668150,3.62,2761
인천,서구,마취통증의학과,76,29,47,47,668150,1.14,8791
인천,서구,방사선종양학과,2,1,1,2,668150,0.03,334075
인천,서구,병리과,9,2,7,5,668150,0.13,74239
인천,서구,비뇨의학과,70,16,54,19,668150,1.05,9545
인천,서구,사상체질과,117,2,115,2,668150,1.75,5711
인천,서구,산부인과,43,28,15,53,668150,0.64,15538
인천,서구,성형외과,36,7,29,8,668150,0.54,18560
인천,서구,소아청소년과,195,46,149,75,668150,2.92,3426
인천,서구,소아치과,132,8,124,9,668150,1.98,5062
인천,서구,신경과,51,11,40,17,668150,0.76,13101
인천,서구,신경외과,82,14,68,33,668150,1.23,8148
인천,서구,심장혈관흉부외과,8,4,4,5,668150,0.12,83519
인천,서구,안과,36,18,18,28,668150,0.54,18560
인천,서구,영상의학과,35,16,19,31,668150,0.52,19090
인천,서구,영상치의학과,120,0,120,0,668150,1.8,5568
인천,서구,예방의학과,3,2,1,3,668150,0.04,222717
인천,서구,예방치과,133,0,133,0,668150,1.99,5024
인천,서구,외과,87,26,61,54,668150,1.3,7680
인천,서구,응급의학과,20,9,11,38,668150,0.3,33408
인천,서구,이비인후과,147,37,110,46,668150,2.2,4545
인천,서구,재활의학과,81,15,66,19,668150,1.21,8249
인천,서구,정신건강의학과,38,21,17,39,668150,0.57,17583
인천,서구,정형외과,126,48,78,86,668150,1.89,5303
인천,서구,직업환경의학과,7,5,2,8,668150,0.1,95450
인천,서구,진단검사의학과,9,5,4,8,668150,0.13,74239
인천,서구,치과,20,0,20,0,668150,0.3,33408
인천,서구,치과교정과,113,13,100,14,668150,1.69,5913
인천,서구,치과보존과,139,5,134,5,668150,2.08,4807
인천,서구,치과보철과,142,11,131,11,668150,2.13,4705
인천,서구,치주과,138,6,132,6,668150,2.07,4842
인천,서구,침구과,136,8,128,8,668150,2.04,4913
인천,서구,통합치의학과,114,61,53,70,668150,1.71,5861
인천,서구,피부과,178,13,165,18,668150,2.66,3754
인천,서구,한방내과,140,9,131,9,668150,2.1,4772
인천,서구,한방부인과,132,1,131,1,668150,1.98,5062
인천,서구,한방소아과,130,2,128,2,668150,1.95,5140
인천,서구,한방신경정신과,126,0,126,0,668150,1.89,5303
인천,서구,한방안·이비인후·피부과,126,2,124,2,668150,1.89,5303
인천,서구,한방응급,7,0,7,0,668150,0.1,95450
인천,서구,한방재활의학과,124,3,121,4,668150,1.86,5388
인천,서구,핵의학과,2,1,1,2,668150,0.03,334075
인천,연수구,가정의학과,70,29,41,37,410369,1.71,5862
인천,연수구,구강내과,87,0,87,0,410369,2.12,4717
인천,연수구,구강병리과,65,0,65,0,410369,1.58,6313
인천,연수구,구강악안면외과,97,11,86,11,410369,2.36,4231
인천,연수구,내과,149,49,100,84,410369,3.63,2754
인천,연수구,마취통증의학과,51,13,38,16,410369,1.24,8046
인천,연수구,방사선종양학과,1,0,1,0,410369,0.02,410369
인천,연수구,병리과,8,3,5,18,410369,0.19,51296
인천,연수구,비뇨의학과,39,10,29,11,410369,0.95,10522
인천,연수구,사상체질과,70,1,69,1,410369,1.71,5862
인천,연수구,산부인과,23,16,7,28,410369,0.56,17842
인천,연수구,성형외과,34,11,23,11,410369,0.83,12070
인천,연수구,소아청소년과,116,27,89,43,410369,2.83,3538
인천,연수구,소아치과,94,7,87,8,410369,2.29,4366
인천,연수구,신경과,32,6,26,9,410369,0.78,12824
인천,연수구,신경외과,48,15,33,20,410369,1.17,8549
인천,연수구,심장혈관흉부외과,4,1,3,1,410369,0.1,102592
인천,연수구,안과,28,13,15,21,410369,0.68,14656
인천,연수구,영상의학과,28,11,17,16,410369,0.68,14656
인천,연수구,영상치의학과,82,0,82,0,410369,2.0,5004
인천,연수구,예방의학과,4,0,4,0,410369,0.1,102592
인천,연수구,예방치과,89,0,89,0,410369,2.17,4611
인천,연수구,외과,51,17,34,24,410369,1.24,8046
인천,연수구,응급의학과,8,4,4,13,410369,0.19,51296
인천,연수구,이비인후과,95,26,69,28,410369,2.31,4320
인천,연수구,재활의학과,44,7,37,10,410369,1.07,9327
인천,연수구,정신건강의학과,24,14,10,17,410369,0.58,17099
인천,연수구,정형외과,73,31,42,39,410369,1.78,5621
인천,연수구,직업환경의학과,4,4,0,10,410369,0.1,102592
인천,연수구,진단검사의학과,10,3,7,17,410369,0.24,41037
인천,연수구,치과,25,0,25,0,410369,0.61,16415
인천,연수구,치과교정과,93,13,80,13,410369,2.27,4413
인천,연수구,치과보존과,96,5,91,5,410369,2.34,4275
인천,연수구,치과보철과,98,8,90,8,410369,2.39,4187
인천,연수구,치주과,96,6,90,6,410369,2.34,4275
인천,연수구,침구과,86,3,83,3,410369,2.1,4772
인천,연수구,통합치의학과,70,32,38,33,410369,1.71,5862
인천,연수구,피부과,128,13,115,22,410369,3.12,3206
인천,연수구,한방내과,99,8,91,9,410369,2.41,4145
인천,연수구,한방부인과,87,0,87,0,410369,2.12,4717
인천,연수구,한방소아과,84,2,82,2,410369,2.05,4885
인천,연수구,한방신경정신과,78,1,77,1,410369,1.9,5261
인천,연수구,한방안·이비인후·피부과,84,1,83,1,410369,2.05,4885
인천,연수구,한방응급,5,0,5,0,410369,0.12,82074
인천,연수구,한방재활의학과,73,2,71,3,410369,1.78,5621
인천,연수구,핵의학과,2,0,2,0,410369,0.05,205184
인천,옹진군,가정의학과,1,0,1,0,19275,0.52,19275
인천,옹진군,구강내과,1,0,1,0,19275,0.52,19275
인천,옹진군,구강병리과,1,0,1,0,19275,0.52,19275
인천,옹진군,구강악안면외과,1,0,1,0,19275,0.52,19275
인천,옹진군,내과,5,0,5,0,19275,2.59,3855
인천,옹진군,마취통증의학과,3,1,2,1,19275,1.56,6425
인천,옹진군,비뇨의학과,1,0,1,0,19275,0.52,19275
인천,옹진군,산부인과,1,1,0,1,19275,0.52,19275
인천,옹진군,소아청소년과,2,0,2,0,19275,1.04,9638
인천,옹진군,소아치과,1,0,1,0,19275,0.52,19275
인천,옹진군,신경외과,1,0,1,0,19275,0.52,19275
인천,옹진군,심장혈관흉부외과,1,0,1,0,19275,0.52,19275
인천,옹진군,안과,1,0,1,0,19275,0.52,19275
인천,옹진군,영상의학과,1,0,1,0,19275,0.52,19275
인천,옹진군,영상치의학과,1,0,1,0,19275,0.52,19275
인천,옹진군,예방치과,1,0,1,0,19275,0.52,19275
인천,옹진군,외과,2,0,2,0,19275,1.04,9638
인천,옹진군,이비인후과,1,0,1,0,19275,0.52,19275
인천,옹진군,재활의학과,1,0,1,0,19275,0.52,19275
인천,옹진군,정신건강의학과,1,0,1,0,19275,0.52,19275
인천,옹진군,정형외과,4,2,2,2,19275,2.08,4819
인천,옹진군,치과,2,0,2,0,19275,1.04,9638
인천,옹진군,치과교정과,1,0,1,0,19275,0.52,19275
인천,옹진군,치과보존과,1,0,1,0,19275,0.52,19275
인천,옹진군,치과보철과,2,0,2,0,19275,1.04,9638
인천,옹진군,치주과,1,0,1,0,19275,0.52,19275
인천,옹진군,피부과,1,0,1,0,19275,0.52,19275
인천,옹진군,한방내과,1,0,1,0,19275,0.52,19275
인천,중구,가정의학과,21,12,9,16,180001,1.17,8571
인천,중구,구강내과,31,0,31,0,180001,1.72,5806
인천,중구,구강병리과,23,0,23,0,180001,1.28,7826
인천,중구,구강악안면외과,32,5,27,6,180001,1.78,5625
인천,중구,내과,50,17,33,92,180001,2.78,3600
인천,중구,마취통증의학과,14,5,9,19,180001,0.78,12857
인천,중구,방사선종양학과,1,1,0,3,180001,0.06,180001
인천,중구,병리과,3,1,2,5,180001,0.17,60000
인천,중구,비뇨의학과,24,6,18,12,180001,1.33,7500
인천,중구,사상체질과,18,1,17,1,180001,1.0,10000
인천,중구,산부인과,9,5,4,16,180001,0.5,20000
인천,중구,성형외과,9,4,5,5,180001,0.5,20000
인천,중구,소아청소년과,36,7,29,39,180001,2.0,5000
인천,중구,소아치과,34,1,33,1,180001,1.89,5294
인천,중구,신경과,9,1,8,10,180001,0.5,20000
인천,중구,신경외과,18,5,13,11,180001,1.0,10000
인천,중구,심장혈관흉부외과,4,4,0,7,180001,0.22,45000
인천,중구,안과,14,6,8,14,180001,0.78,12857
인천,중구,영상의학과,6,4,2,18,180001,0.33,30000
인천,중구,영상치의학과,30,0,30,0,180001,1.67,6000
인천,중구,예방의학과,2,0,2,0,180001,0.11,90000
인천,중구,예방치과,36,1,35,1,180001,2.0,5000
인천,중구,외과,26,10,16,31,180001,1.44,6923
인천,중구,응급의학과,10,5,5,26,180001,0.56,18000
인천,중구,이비인후과,25,7,18,11,180001,1.39,7200
인천,중구,재활의학과,14,3,11,10,180001,0.78,12857
인천,중구,정신건강의학과,9,5,4,11,180001,0.5,20000
인천,중구,정형외과,26,9,17,24,180001,1.44,6923
인천,중구,직업환경의학과,1,1,0,3,180001,0.06,180001
인천,중구,진단검사의학과,3,2,1,6,180001,0.17,60000
인천,중구,치과,1,0,1,0,180001,0.06,180001
인천,중구,치과교정과,28,2,26,3,180001,1.56,6429
인천,중구,치과보존과,41,1,40,2,180001,2.28,4390
인천,중구,치과보철과,41,2,39,2,180001,2.28,4390
인천,중구,치주과,37,1,36,1,180001,2.06,4865
인천,중구,침구과,23,2,21,4,180001,1.28,7826
인천,중구,통합치의학과,31,14,17,16,180001,1.72,5806
인천,중구,피부과,41,5,36,9,180001,2.28,4390
인천,중구,한방내과,26,1,25,3,180001,1.44,6923
인천,중구,한방부인과,23,1,22,1,180001,1.28,7826
인천,중구,한방소아과,23,1,22,1,180001,1.28,7826
인천,중구,한방신경정신과,21,1,20,1,180001,1.17,8571
인천,중구,한방안·이비인후·피부과,23,1,22,1,180001,1.28,7826
인천,중구,한방응급,6,0,6,0,180001,0.33,30000
인천,중구,한방재활의학과,20,2,18,3,180001,1.11,9000
인천,중구,핵의학과,1,1,0,2,180001,0.06,180001
전남,강진군,가정의학과,3,1,2,1,31603,0.95,10534
전남,강진군,구강내과,7,0,7,0,31603,2.21,4515
전남,강진군,구강병리과,4,0,4,0,31603,1.27,7901
전남,강진군,구강악안면외과,5,0,5,0,31603,1.58,6321
전남,강진군,내과,17,5,12,7,31603,5.38,1859
전남,강진군,마취통증의학과,9,2,7,2,31603,2.85,3511
전남,강진군,병리과,3,1,2,1,31603,0.95,10534
전남,강진군,비뇨의학과,9,1,8,1,31603,2.85,3511
전남,강진군,사상체질과,7,0,7,0,31603,2.21,4515
전남,강진군,산부인과,2,2,0,4,31603,0.63,15802
전남,강진군,성형외과,5,0,5,0,31603,1.58,6321
전남,강진군,소아청소년과,11,1,10,1,31603,3.48,2873
전남,강진군,소아치과,7,0,7,0,31603,2.21,4515
전남,강진군,신경과,5,0,5,0,31603,1.58,6321
전남,강진군,신경외과,5,0,5,0,31603,1.58,6321
전남,강진군,심장혈관흉부외과,1,1,0,1,31603,0.32,31603
전남,강진군,안과,2,1,1,1,31603,0.63,15802
전남,강진군,영상의학과,2,1,1,1,31603,0.63,15802
전남,강진군,영상치의학과,6,0,6,0,31603,1.9,5267
전남,강진군,예방치과,7,0,7,0,31603,2.21,4515
전남,강진군,외과,11,3,8,3,31603,3.48,2873
전남,강진군,응급의학과,1,0,1,0,31603,0.32,31603
전남,강진군,이비인후과,10,1,9,1,31603,3.16,3160
전남,강진군,재활의학과,9,0,9,0,31603,2.85,3511
전남,강진군,정신건강의학과,1,1,0,2,31603,0.32,31603
전남,강진군,정형외과,12,2,10,3,31603,3.8,2634
전남,강진군,진단검사의학과,1,0,1,0,31603,0.32,31603
전남,강진군,치과교정과,5,0,5,0,31603,1.58,6321
전남,강진군,치과보존과,7,1,6,1,31603,2.21,4515
전남,강진군,치과보철과,7,1,6,1,31603,2.21,4515
전남,강진군,치주과,7,0,7,0,31603,2.21,4515
전남,강진군,침구과,6,0,6,0,31603,1.9,5267
전남,강진군,통합치의학과,4,1,3,1,31603,1.27,7901
전남,강진군,피부과,12,0,12,0,31603,3.8,2634
전남,강진군,한방내과,8,1,7,1,31603,2.53,3950
전남,강진군,한방부인과,6,0,6,0,31603,1.9,5267
전남,강진군,한방소아과,7,0,7,0,31603,2.21,4515
전남,강진군,한방신경정신과,6,0,6,0,31603,1.9,5267
전남,강진군,한방안·이비인후·피부과,6,0,6,0,31603,1.9,5267
전남,강진군,한방재활의학과,6,0,6,0,31603,1.9,5267
전남,고흥군,가정의학과,13,8,5,8,59011,2.2,4539
전남,고흥군,구강내과,12,0,12,0,59011,2.03,4918
전남,고흥군,구강병리과,5,0,5,0,59011,0.85,11802
전남,고흥군,구강악안면외과,12,0,12,0,59011,2.03,4918
전남,고흥군,내과,30,5,25,6,59011,5.08,1967
전남,고흥군,마취통증의학과,12,4,8,4,59011,2.03,4918
전남,고흥군,병리과,5,1,4,1,59011,0.85,11802
전남,고흥군,비뇨의학과,16,1,15,1,59011,2.71,3688
전남,고흥군,사상체질과,6,0,6,0,59011,1.02,9835
전남,고흥군,산부인과,6,2,4,3,59011,1.02,9835
전남,고흥군,성형외과,3,0,3,0,59011,0.51,19670
전남,고흥군,소아청소년과,19,1,18,1,59011,3.22,3106
전남,고흥군,소아치과,10,0,10,0,59011,1.69,5901
전남,고흥군,신경과,7,1,6,1,59011,1.19,8430
전남,고흥군,신경외과,7,1,6,1,59011,1.19,8430
전남,고흥군,심장혈관흉부외과,3,1,2,1,59011,0.51,19670
전남,고흥군,안과,6,2,4,2,59011,1.02,9835
전남,고흥군,영상의학과,10,3,7,3,59011,1.69,5901
전남,고흥군,영상치의학과,9,0,9,0,59011,1.53,6557
전남,고흥군,예방의학과,1,0,1,0,59011,0.17,59011
전남,고흥군,예방치과,11,0,11,0,59011,1.86,5365
전남,고흥군,외과,18,6,12,6,59011,3.05,3278
전남,고흥군,응급의학과,2,1,1,1,59011,0.34,29506
전남,고흥군,이비인후과,15,1,14,1,59011,2.54,3934
전남,고흥군,재활의학과,7,1,6,1,59011,1.19,8430
전남,고흥군,정신건강의학과,3,1,2,1,59011,0.51,19670
전남,고흥군,정형외과,20,4,16,5,59011,3.39,2951
전남,고흥군,직업환경의학과,1,0,1,0,59011,0.17,59011
전남,고흥군,진단검사의학과,3,0,3,0,59011,0.51,19670
전남,고흥군,치과,1,0,1,0,59011,0.17,59011
전남,고흥군,치과교정과,5,0,5,0,59011,0.85,11802
전남,고흥군,치과보존과,13,0,13,0,59011,2.2,4539
전남,고흥군,치과보철과,13,0,13,0,59011,2.2,4539
전남,고흥군,치주과,14,0,14,0,59011,2.37,4215
전남,고흥군,침구과,12,0,12,0,59011,2.03,4918
전남,고흥군,통합치의학과,9,4,5,4,59011,1.53,6557
전남,고흥군,피부과,20,0,20,0,59011,3.39,2951
전남,고흥군,한방내과,12,1,11,1,59011,2.03,4918
전남,고흥군,한방부인과,10,1,9,1,59011,1.69,5901
전남,고흥군,한방소아과,6,0,6,0,59011,1.02,9835
전남,고흥군,한방신경정신과,5,0,5,0,59011,0.85,11802
전남,고흥군,한방안·이비인후·피부과,10,0,10,0,59011,1.69,5901
전남,고흥군,한방재활의학과,6,0,6,0,59011,1.02,9835
전남,곡성군,가정의학과,4,3,1,3,27686,1.44,6922
전남,곡성군,구강내과,5,0,5,0,27686,1.81,5537
전남,곡성군,구강병리과,1,0,1,0,27686,0.36,27686
전남,곡성군,구강악안면외과,5,0,5,0,27686,1.81,5537
전남,곡성군,내과,14,4,10,6,27686,5.06,1978
전남,곡성군,마취통증의학과,4,0,4,0,27686,1.44,6922
전남,곡성군,병리과,3,0,3,0,27686,1.08,9229
전남,곡성군,비뇨의학과,8,0,8,0,27686,2.89,3461
전남,곡성군,산부인과,6,0,6,0,27686,2.17,4614
전남,곡성군,소아청소년과,12,0,12,0,27686,4.33,2307
전남,곡성군,소아치과,5,0,5,0,27686,1.81,5537
전남,곡성군,신경과,4,1,3,1,27686,1.44,6922
전남,곡성군,신경외과,2,0,2,0,27686,0.72,13843
전남,곡성군,안과,5,0,5,0,27686,1.81,5537
전남,곡성군,영상의학과,1,1,0,1,27686,0.36,27686
전남,곡성군,영상치의학과,4,0,4,0,27686,1.44,6922
전남,곡성군,예방치과,6,0,6,0,27686,2.17,4614
전남,곡성군,외과,13,3,10,4,27686,4.7,2130
전남,곡성군,이비인후과,11,0,11,0,27686,3.97,2517
전남,곡성군,재활의학과,7,1,6,1,27686,2.53,3955
전남,곡성군,정신건강의학과,2,1,1,1,27686,0.72,13843
전남,곡성군,정형외과,9,2,7,2,27686,3.25,3076
전남,곡성군,치과교정과,4,0,4,0,27686,1.44,6922
전남,곡성군,치과보존과,5,0,5,0,27686,1.81,5537
전남,곡성군,치과보철과,6,0,6,0,27686,2.17,4614
전남,곡성군,치주과,6,1,5,1,27686,2.17,4614
전남,곡성군,침구과,5,0,5,0,27686,1.81,5537
전남,곡성군,통합치의학과,6,2,4,2,27686,2.17,4614
전남,곡성군,피부과,8,0,8,0,27686,2.89,3461
전남,곡성군,한방내과,7,0,7,0,27686,2.53,3955
전남,곡성군,한방부인과,5,0,5,0,27686,1.81,5537
전남,곡성군,한방소아과,5,0,5,0,27686,1.81,5537
전남,곡성군,한방신경정신과,4,0,4,0,27686,1.44,6922
전남,곡성군,한방안·이비인후·피부과,4,0,4,0,27686,1.44,6922
전남,곡성군,한방재활의학과,1,1,0,1,27686,0.36,27686
전남,광양시,가정의학과,16,6,10,8,156052,1.03,9753
전남,광양시,구강내과,28,0,28,0,156052,1.79,5573
전남,광양시,구강병리과,14,0,14,0,156052,0.9,11147
전남,광양시,구강악안면외과,30,2,28,2,156052,1.92,5202
전남,광양시,내과,47,11,36,18,156052,3.01,3320
전남,광양시,마취통증의학과,16,6,10,6,156052,1.03,9753
전남,광양시,방사선종양학과,4,0,4,0,156052,0.26,39013
전남,광양시,병리과,5,0,5,0,156052,0.32,31210
전남,광양시,비뇨의학과,20,4,16,4,156052,1.28,7803
전남,광양시,사상체질과,14,0,14,0,156052,0.9,11147
전남,광양시,산부인과,9,7,2,10,156052,0.58,17339
전남,광양시,성형외과,6,0,6,0,156052,0.38,26009
전남,광양시,소아청소년과,36,7,29,10,156052,2.31,4335
전남,광양시,소아치과,27,1,26,1,156052,1.73,5780
전남,광양시,신경과,8,2,6,2,156052,0.51,19506
전남,광양시,신경외과,20,5,15,5,156052,1.28,7803
전남,광양시,안과,12,3,9,3,156052,0.77,13004
전남,광양시,영상의학과,13,4,9,5,156052,0.83,12004
전남,광양시,영상치의학과,26,1,25,1,156052,1.67,6002
전남,광양시,예방의학과,1,0,1,0,156052,0.06,156052
전남,광양시,예방치과,29,0,29,0,156052,1.86,5381
전남,광양시,외과,26,7,19,8,156052,1.67,6002
전남,광양시,이비인후과,26,3,23,4,156052,1.67,6002
전남,광양시,재활의학과,14,1,13,1,156052,0.9,11147
전남,광양시,정신건강의학과,3,1,2,1,156052,0.19,52017
전남,광양시,정형외과,31,8,23,12,156052,1.99,5034
전남,광양시,직업환경의학과,2,2,0,4,156052,0.13,78026
전남,광양시,진단검사의학과,7,2,5,2,156052,0.45,22293
전남,광양시,치과교정과,22,2,20,2,156052,1.41,7093
전남,광양시,치과보존과,33,0,33,0,156052,2.11,4729
전남,광양시,치과보철과,33,2,31,2,156052,2.11,4729
전남,광양시,치주과,32,1,31,1,156052,2.05,4877
전남,광양시,침구과,27,0,27,0,156052,1.73,5780
전남,광양시,통합치의학과,28,7,21,7,156052,1.79,5573
전남,광양시,피부과,36,2,34,2,156052,2.31,4335
전남,광양시,한방내과,29,0,29,0,156052,1.86,5381
전남,광양시,한방부인과,27,0,27,0,156052,1.73,5780
전남,광양시,한방소아과,25,0,25,0,156052,1.6,6242
전남,광양시,한방신경정신과,21,0,21,0,156052,1.35,7431
전남,광양시,한방안·이비인후·피부과,24,0,24,0,156052,1.54,6502
전남,광양시,한방재활의학과,15,1,14,1,156052,0.96,10403
전남,구례군,가정의학과,6,2,4,2,24627,2.44,4104
전남,구례군,구강내과,3,0,3,0,24627,1.22,8209
전남,구례군,구강병리과,1,0,1,0,24627,0.41,24627
전남,구례군,구강악안면외과,2,0,2,0,24627,0.81,12314
전남,구례군,내과,16,2,14,2,24627,6.5,1539
전남,구례군,마취통증의학과,2,2,0,2,24627,0.81,12314
전남,구례군,비뇨의학과,6,0,6,0,24627,2.44,4104
전남,구례군,사상체질과,3,0,3,0,24627,1.22,8209
전남,구례군,산부인과,3,0,3,0,24627,1.22,8209
전남,구례군,성형외과,1,0,1,0,24627,0.41,24627
전남,구례군,소아청소년과,8,1,7,1,24627,3.25,3078
전남,구례군,소아치과,3,0,3,0,24627,1.22,8209
전남,구례군,신경과,3,0,3,0,24627,1.22,8209
전남,구례군,신경외과,4,0,4,0,24627,1.62,6157
전남,구례군,심장혈관흉부외과,3,0,3,0,24627,1.22,8209
전남,구례군,안과,4,1,3,1,24627,1.62,6157
전남,구례군,영상의학과,2,0,2,0,24627,0.81,12314
전남,구례군,영상치의학과,3,0,3,0,24627,1.22,8209
전남,구례군,예방치과,3,0,3,0,24627,1.22,8209
전남,구례군,외과,8,1,7,1,24627,3.25,3078
전남,구례군,응급의학과,1,1,0,1,24627,0.41,24627
전남,구례군,이비인후과,5,0,5,0,24627,2.03,4925
전남,구례군,재활의학과,2,1,1,1,24627,0.81,12314
전남,구례군,정신건강의학과,2,1,1,1,24627,0.81,12314
전남,구례군,정형외과,8,2,6,2,24627,3.25,3078
전남,구례군,치과교정과,4,0,4,0,24627,1.62,6157
전남,구례군,치과보존과,3,0,3,0,24627,1.22,8209
전남,구례군,치과보철과,5,0,5,0,24627,2.03,4925
전남,구례군,치주과,3,0,3,0,24627,1.22,8209
전남,구례군,침구과,6,0,6,0,24627,2.44,4104
전남,구례군,피부과,7,0,7,0,24627,2.84,3518
전남,구례군,한방내과,10,0,10,0,24627,4.06,2463
전남,구례군,한방부인과,7,0,7,0,24627,2.84,3518
전남,구례군,한방소아과,5,0,5,0,24627,2.03,4925
전남,구례군,한방신경정신과,3,0,3,0,24627,1.22,8209
전남,구례군,한방안·이비인후·피부과,8,0,8,0,24627,3.25,3078
전남,구례군,한방재활의학과,5,1,4,1,24627,2.03,4925
전남,나주시,가정의학과,27,11,16,14,116667,2.31,4321
전남,나주시,결핵과,2,0,2,0,116667,0.17,58334
전남,나주시,구강내과,34,0,34,0,116667,2.91,3431
전남,나주시,구강병리과,14,0,14,0,116667,1.2,8333
전남,나주시,구강악안면외과,33,0,33,0,116667,2.83,3535
전남,나주시,내과,70,16,54,28,116667,6.0,1667
전남,나주시,마취통증의학과,17,5,12,5,116667,1.46,6863
전남,나주시,방사선종양학과,3,0,3,0,116667,0.26,38889
전남,나주시,병리과,14,0,14,0,116667,1.2,8333
전남,나주시,비뇨의학과,26,3,23,5,116667,2.23,4487
전남,나주시,사상체질과,24,0,24,0,116667,2.06,4861
전남,나주시,산부인과,14,5,9,6,116667,1.2,8333
전남,나주시,성형외과,12,0,12,0,116667,1.03,9722
전남,나주시,소아청소년과,41,5,36,11,116667,3.51,2846
전남,나주시,소아치과,36,1,35,1,116667,3.09,3241
전남,나주시,신경과,17,3,14,3,116667,1.46,6863
전남,나주시,신경외과,17,2,15,5,116667,1.46,6863
전남,나주시,심장혈관흉부외과,7,1,6,1,116667,0.6,16667
전남,나주시,안과,21,4,17,4,116667,1.8,5556
전남,나주시,영상의학과,24,6,18,9,116667,2.06,4861
전남,나주시,영상치의학과,21,0,21,0,116667,1.8,5556
전남,나주시,예방의학과,3,0,3,0,116667,0.26,38889
전남,나주시,예방치과,25,0,25,0,116667,2.14,4667
전남,나주시,외과,38,7,31,9,116667,3.26,3070
전남,나주시,응급의학과,4,1,3,1,116667,0.34,29167
전남,나주시,이비인후과,37,7,30,8,116667,3.17,3153
전남,나주시,재활의학과,19,2,17,2,116667,1.63,6140
전남,나주시,정신건강의학과,13,6,7,22,116667,1.11,8974
전남,나주시,정형외과,35,8,27,12,116667,3.0,3333
전남,나주시,직업환경의학과,3,0,3,0,116667,0.26,38889
전남,나주시,진단검사의학과,7,2,5,2,116667,0.6,16667
전남,나주시,치과교정과,26,1,25,1,116667,2.23,4487
전남,나주시,치과보존과,31,1,30,1,116667,2.66,3763
전남,나주시,치과보철과,37,0,37,0,116667,3.17,3153
전남,나주시,치주과,33,0,33,0,116667,2.83,3535
전남,나주시,침구과,34,3,31,3,116667,2.91,3431
전남,나주시,통합치의학과,9,6,3,6,116667,0.77,12963
전남,나주시,피부과,45,2,43,2,116667,3.86,2593
전남,나주시,한방내과,43,5,38,5,116667,3.69,2713
전남,나주시,한방부인과,31,3,28,3,116667,2.66,3763
전남,나주시,한방소아과,28,2,26,2,116667,2.4,4167
전남,나주시,한방신경정신과,25,1,24,1,116667,2.14,4667
전남,나주시,한방안·이비인후·피부과,27,1,26,1,116667,2.31,4321
전남,나주시,한방응급,2,0,2,0,116667,0.17,58334
전남,나주시,한방재활의학과,23,2,21,3,116667,1.97,5072
전남,나주시,핵의학과,2,0,2,0,116667,0.17,58334
전남,담양군,가정의학과,9,5,4,5,43880,2.05,4876
전남,담양군,결핵과,1,0,1,0,43880,0.23,43880
전남,담양군,구강내과,11,0,11,0,43880,2.51,3989
전남,담양군,구강병리과,5,0,5,0,43880,1.14,8776
전남,담양군,구강악안면외과,11,0,11,0,43880,2.51,3989
전남,담양군,내과,27,8,19,9,43880,6.15,1625
전남,담양군,마취통증의학과,7,1,6,1,43880,1.6,6269
전남,담양군,비뇨의학과,15,0,15,0,43880,3.42,2925
전남,담양군,사상체질과,11,0,11,0,43880,2.51,3989
전남,담양군,산부인과,3,0,3,0,43880,0.68,14627
전남,담양군,성형외과,3,0,3,0,43880,0.68,14627
전남,담양군,소아청소년과,17,0,17,0,43880,3.87,2581
전남,담양군,소아치과,11,0,11,0,43880,2.51,3989
전남,담양군,신경과,6,1,5,1,43880,1.37,7313
전남,담양군,신경외과,14,1,13,1,43880,3.19,3134
전남,담양군,심장혈관흉부외과,4,2,2,2,43880,0.91,10970
전남,담양군,안과,8,1,7,1,43880,1.82,5485
전남,담양군,영상의학과,3,1,2,1,43880,0.68,14627
전남,담양군,영상치의학과,9,0,9,0,43880,2.05,4876
전남,담양군,예방치과,10,0,10,0,43880,2.28,4388
전남,담양군,외과,17,8,9,8,43880,3.87,2581
전남,담양군,이비인후과,13,2,11,2,43880,2.96,3375
전남,담양군,재활의학과,6,0,6,0,43880,1.37,7313
전남,담양군,정신건강의학과,4,4,0,12,43880,0.91,10970
전남,담양군,정형외과,18,3,15,3,43880,4.1,2438
전남,담양군,진단검사의학과,3,0,3,0,43880,0.68,14627
전남,담양군,치과교정과,8,0,8,0,43880,1.82,5485
전남,담양군,치과보존과,11,1,10,1,43880,2.51,3989
전남,담양군,치과보철과,12,0,12,0,43880,2.73,3657
전남,담양군,치주과,11,0,11,0,43880,2.51,3989
전남,담양군,침구과,15,0,15,0,43880,3.42,2925
전남,담양군,통합치의학과,3,0,3,0,43880,0.68,14627
전남,담양군,피부과,19,0,19,0,43880,4.33,2309
전남,담양군,한방내과,15,1,14,1,43880,3.42,2925
전남,담양군,한방부인과,13,1,12,1,43880,2.96,3375
전남,담양군,한방소아과,12,0,12,0,43880,2.73,3657
전남,담양군,한방신경정신과,11,0,11,0,43880,2.51,3989
전남,담양군,한방안·이비인후·피부과,13,0,13,0,43880,2.96,3375
전남,담양군,한방응급,4,0,4,0,43880,0.91,10970
전남,담양군,한방재활의학과,12,0,12,0,43880,2.73,3657
전남,목포시,가정의학과,53,19,34,26,198981,2.66,3754
전남,목포시,결핵과,1,1,0,2,198981,0.05,198981
전남,목포시,구강내과,42,0,42,0,198981,2.11,4738
전남,목포시,구강병리과,21,0,21,0,198981,1.06,9475
전남,목포시,구강악안면외과,47,8,39,9,198981,2.36,4234
전남,목포시,내과,103,32,71,88,198981,5.18,1932
전남,목포시,마취통증의학과,52,18,34,26,198981,2.61,3827
전남,목포시,병리과,4,2,2,2,198981,0.2,49745
전남,목포시,비뇨의학과,46,12,34,17,198981,2.31,4326
전남,목포시,사상체질과,35,1,34,1,198981,1.76,5685
전남,목포시,산부인과,22,15,7,24,198981,1.11,9045
전남,목포시,성형외과,13,3,10,3,198981,0.65,15306
전남,목포시,소아청소년과,54,13,41,26,198981,2.71,3685
전남,목포시,소아치과,47,1,46,1,198981,2.36,4234
전남,목포시,신경과,24,7,17,7,198981,1.21,8291
전남,목포시,신경외과,43,12,31,24,198981,2.16,4627
전남,목포시,심장혈관흉부외과,9,5,4,6,198981,0.45,22109
전남,목포시,안과,19,8,11,16,198981,0.95,10473
전남,목포시,영상의학과,23,15,8,25,198981,1.16,8651
전남,목포시,영상치의학과,34,1,33,1,198981,1.71,5852
전남,목포시,예방치과,43,0,43,0,198981,2.16,4627
전남,목포시,외과,69,23,46,40,198981,3.47,2884
전남,목포시,응급의학과,5,3,2,22,198981,0.25,39796
전남,목포시,이비인후과,39,9,30,14,198981,1.96,5102
전남,목포시,재활의학과,47,9,38,11,198981,2.36,4234
전남,목포시,정신건강의학과,12,10,2,11,198981,0.6,16582
전남,목포시,정형외과,70,29,41,47,198981,3.52,2843
전남,목포시,직업환경의학과,4,3,1,6,198981,0.2,49745
전남,목포시,진단검사의학과,11,5,6,6,198981,0.55,18089
전남,목포시,치과교정과,33,2,31,2,198981,1.66,6030
전남,목포시,치과보존과,54,1,53,2,198981,2.71,3685
전남,목포시,치과보철과,55,2,53,3,198981,2.76,3618
전남,목포시,치주과,52,1,51,1,198981,2.61,3827
전남,목포시,침구과,59,2,57,2,198981,2.97,3373
전남,목포시,통합치의학과,40,12,28,17,198981,2.01,4975
전남,목포시,피부과,74,6,68,6,198981,3.72,2689
전남,목포시,한방내과,60,2,58,2,198981,3.02,3316
전남,목포시,한방부인과,54,2,52,2,198981,2.71,3685
전남,목포시,한방소아과,53,0,53,0,198981,2.66,3754
전남,목포시,한방신경정신과,46,0,46,0,198981,2.31,4326
전남,목포시,한방안·이비인후·피부과,46,1,45,1,198981,2.31,4326
전남,목포시,한방재활의학과,41,4,37,5,198981,2.06,4853
전남,무안군,가정의학과,14,2,12,2,95537,1.47,6824
전남,무안군,구강내과,18,0,18,0,95537,1.88,5308
전남,무안군,구강병리과,9,0,9,0,95537,0.94,10615
전남,무안군,구강악안면외과,20,3,17,3,95537,2.09,4777
전남,무안군,내과,38,9,29,17,95537,3.98,2514
전남,무안군,마취통증의학과,17,6,11,6,95537,1.78,5620
전남,무안군,병리과,6,0,6,0,95537,0.63,15923
전남,무안군,비뇨의학과,20,2,18,2,95537,2.09,4777
전남,무안군,사상체질과,14,0,14,0,95537,1.47,6824
전남,무안군,산부인과,9,2,7,2,95537,0.94,10615
전남,무안군,성형외과,10,2,8,2,95537,1.05,9554
전남,무안군,소아청소년과,28,4,24,8,95537,2.93,3412
전남,무안군,소아치과,20,1,19,1,95537,2.09,4777
전남,무안군,신경과,12,2,10,2,95537,1.26,7961
전남,무안군,신경외과,16,1,15,2,95537,1.67,5971
전남,무안군,심장혈관흉부외과,6,1,5,1,95537,0.63,15923
전남,무안군,안과,14,2,12,2,95537,1.47,6824
전남,무안군,영상의학과,9,1,8,1,95537,0.94,10615
전남,무안군,영상치의학과,18,0,18,0,95537,1.88,5308
전남,무안군,예방치과,19,0,19,0,95537,1.99,5028
전남,무안군,외과,27,4,23,4,95537,2.83,3538
전남,무안군,응급의학과,1,1,0,1,95537,0.1,95537
전남,무안군,이비인후과,28,3,25,3,95537,2.93,3412
전남,무안군,재활의학과,18,1,17,1,95537,1.88,5308
전남,무안군,정신건강의학과,3,1,2,2,95537,0.31,31846
전남,무안군,정형외과,28,3,25,5,95537,2.93,3412
전남,무안군,진단검사의학과,5,1,4,1,95537,0.52,19107
전남,무안군,치과교정과,17,2,15,3,95537,1.78,5620
전남,무안군,치과보존과,20,2,18,3,95537,2.09,4777
전남,무안군,치과보철과,20,2,18,3,95537,2.09,4777
전남,무안군,치주과,20,1,19,1,95537,2.09,4777
전남,무안군,침구과,20,0,20,0,95537,2.09,4777
전남,무안군,통합치의학과,17,8,9,8,95537,1.78,5620
전남,무안군,피부과,34,1,33,2,95537,3.56,2810
전남,무안군,한방내과,21,1,20,1,95537,2.2,4549
전남,무안군,한방부인과,18,0,18,0,95537,1.88,5308
전남,무안군,한방소아과,18,0,18,0,95537,1.88,5308
전남,무안군,한방신경정신과,15,0,15,0,95537,1.57,6369
전남,무안군,한방안·이비인후·피부과,17,0,17,0,95537,1.78,5620
전남,무안군,한방재활의학과,14,0,14,0,95537,1.47,6824
전남,보성군,가정의학과,10,2,8,2,38162,2.62,3816
전남,보성군,구강내과,3,0,3,0,38162,0.79,12721
전남,보성군,구강병리과,1,0,1,0,38162,0.26,38162
전남,보성군,구강악안면외과,6,0,6,0,38162,1.57,6360
전남,보성군,내과,28,8,20,8,38162,7.34,1363
전남,보성군,마취통증의학과,9,2,7,3,38162,2.36,4240
전남,보성군,방사선종양학과,1,0,1,0,38162,0.26,38162
전남,보성군,병리과,2,0,2,0,38162,0.52,19081
전남,보성군,비뇨의학과,10,1,9,1,38162,2.62,3816
전남,보성군,사상체질과,6,0,6,0,38162,1.57,6360
전남,보성군,산부인과,5,2,3,2,38162,1.31,7632
전남,보성군,소아청소년과,9,0,9,0,38162,2.36,4240
전남,보성군,소아치과,5,0,5,0,38162,1.31,7632
전남,보성군,신경과,6,1,5,1,38162,1.57,6360
전남,보성군,신경외과,7,1,6,1,38162,1.83,5452
전남,보성군,안과,3,2,1,2,38162,0.79,12721
전남,보성군,영상의학과,3,1,2,1,38162,0.79,12721
전남,보성군,영상치의학과,4,0,4,0,38162,1.05,9540
전남,보성군,예방치과,4,0,4,0,38162,1.05,9540
전남,보성군,외과,10,4,6,4,38162,2.62,3816
전남,보성군,응급의학과,1,0,1,0,38162,0.26,38162
전남,보성군,이비인후과,9,1,8,1,38162,2.36,4240
전남,보성군,재활의학과,2,0,2,0,38162,0.52,19081
전남,보성군,정신건강의학과,3,2,1,6,38162,0.79,12721
전남,보성군,정형외과,13,2,11,2,38162,3.41,2936
전남,보성군,직업환경의학과,1,0,1,0,38162,0.26,38162
전남,보성군,치과교정과,2,0,2,0,38162,0.52,19081
전남,보성군,치과보존과,7,0,7,0,38162,1.83,5452
전남,보성군,치과보철과,7,0,7,0,38162,1.83,5452
전남,보성군,치주과,7,0,7,0,38162,1.83,5452
전남,보성군,침구과,10,1,9,1,38162,2.62,3816
전남,보성군,통합치의학과,5,1,4,1,38162,1.31,7632
전남,보성군,피부과,9,0,9,0,38162,2.36,4240
전남,보성군,한방내과,12,1,11,1,38162,3.14,3180
전남,보성군,한방부인과,10,0,10,0,38162,2.62,3816
전남,보성군,한방소아과,9,0,9,0,38162,2.36,4240
전남,보성군,한방신경정신과,9,0,9,0,38162,2.36,4240
전남,보성군,한방안·이비인후·피부과,9,0,9,0,38162,2.36,4240
전남,보성군,한방재활의학과,7,0,7,0,38162,1.83,5452
전남,순천시,가정의학과,46,22,24,26,273399,1.68,5943
전남,순천시,결핵과,1,0,1,0,273399,0.04,273399
전남,순천시,구강내과,78,1,77,1,273399,2.85,3505
전남,순천시,구강병리과,34,0,34,0,273399,1.24,8041
전남,순천시,구강악안면외과,84,4,80,4,273399,3.07,3255
전남,순천시,내과,104,37,67,88,273399,3.8,2629
전남,순천시,마취통증의학과,47,21,26,31,273399,1.72,5817
전남,순천시,방사선종양학과,1,1,0,2,273399,0.04,273399
전남,순천시,병리과,9,1,8,2,273399,0.33,30378
전남,순천시,비뇨의학과,35,12,23,15,273399,1.28,7811
전남,순천시,사상체질과,35,1,34,1,273399,1.28,7811
전남,순천시,산부인과,21,12,9,31,273399,0.77,13019
전남,순천시,성형외과,24,7,17,7,273399,0.88,11392
전남,순천시,소아청소년과,63,15,48,29,273399,2.3,4340
전남,순천시,소아치과,84,2,82,2,273399,3.07,3255
전남,순천시,신경과,25,9,16,17,273399,0.91,10936
전남,순천시,신경외과,45,14,31,23,273399,1.65,6076
전남,순천시,심장혈관흉부외과,8,2,6,5,273399,0.29,34175
전남,순천시,안과,18,7,11,13,273399,0.66,15189
전남,순천시,영상의학과,42,21,21,31,273399,1.54,6510
전남,순천시,영상치의학과,72,0,72,0,273399,2.63,3797
전남,순천시,예방의학과,3,2,1,2,273399,0.11,91133
전남,순천시,예방치과,79,0,79,0,273399,2.89,3461
전남,순천시,외과,55,28,27,35,273399,2.01,4971
전남,순천시,응급의학과,6,4,2,18,273399,0.22,45566
전남,순천시,이비인후과,50,12,38,18,273399,1.83,5468
전남,순천시,재활의학과,33,7,26,13,273399,1.21,8285
전남,순천시,정신건강의학과,19,13,6,15,273399,0.69,14389
전남,순천시,정형외과,66,18,48,40,273399,2.41,4142
전남,순천시,직업환경의학과,2,2,0,4,273399,0.07,136700
전남,순천시,진단검사의학과,16,6,10,6,273399,0.59,17087
전남,순천시,치과교정과,59,2,57,3,273399,2.16,4634
전남,순천시,치과보존과,92,3,89,3,273399,3.37,2972
전남,순천시,치과보철과,91,6,85,6,273399,3.33,3004
전남,순천시,치주과,91,6,85,6,273399,3.33,3004
전남,순천시,침구과,54,3,51,3,273399,1.98,5063
전남,순천시,통합치의학과,56,17,39,19,273399,2.05,4882
전남,순천시,피부과,76,5,71,5,273399,2.78,3597
전남,순천시,한방내과,64,6,58,7,273399,2.34,4272
전남,순천시,한방부인과,50,0,50,0,273399,1.83,5468
전남,순천시,한방소아과,48,0,48,0,273399,1.76,5696
전남,순천시,한방신경정신과,45,0,45,0,273399,1.65,6076
전남,순천시,한방안·이비인후·피부과,47,1,46,1,273399,1.72,5817
전남,순천시,한방재활의학과,40,0,40,0,273399,1.46,6835
전남,순천시,핵의학과,1,1,0,1,273399,0.04,273399
전남,신안군,가정의학과,5,0,5,0,42384,1.18,8477
전남,신안군,구강내과,4,0,4,0,42384,0.94,10596
전남,신안군,구강병리과,2,0,2,0,42384,0.47,21192
전남,신안군,구강악안면외과,3,0,3,0,42384,0.71,14128
전남,신안군,내과,17,1,16,1,42384,4.01,2493
전남,신안군,마취통증의학과,1,0,1,0,42384,0.24,42384
전남,신안군,비뇨의학과,9,1,8,1,42384,2.12,4709
전남,신안군,사상체질과,4,0,4,0,42384,0.94,10596
전남,신안군,산부인과,2,2,0,2,42384,0.47,21192
전남,신안군,성형외과,1,0,1,0,42384,0.24,42384
전남,신안군,소아청소년과,11,0,11,0,42384,2.6,3853
전남,신안군,소아치과,4,0,4,0,42384,0.94,10596
전남,신안군,신경과,4,0,4,0,42384,0.94,10596
전남,신안군,신경외과,8,0,8,0,42384,1.89,5298
전남,신안군,심장혈관흉부외과,1,0,1,0,42384,0.24,42384
전남,신안군,안과,4,0,4,0,42384,0.94,10596
전남,신안군,영상의학과,1,0,1,0,42384,0.24,42384
전남,신안군,영상치의학과,4,0,4,0,42384,0.94,10596
전남,신안군,예방치과,3,0,3,0,42384,0.71,14128
전남,신안군,외과,9,2,7,2,42384,2.12,4709
전남,신안군,응급의학과,1,1,0,1,42384,0.24,42384
전남,신안군,이비인후과,12,0,12,0,42384,2.83,3532
전남,신안군,재활의학과,3,0,3,0,42384,0.71,14128
전남,신안군,정신건강의학과,1,0,1,0,42384,0.24,42384
전남,신안군,정형외과,11,0,11,0,42384,2.6,3853
전남,신안군,진단검사의학과,1,0,1,0,42384,0.24,42384
전남,신안군,치과,2,0,2,0,42384,0.47,21192
전남,신안군,치과보존과,4,0,4,0,42384,0.94,10596
전남,신안군,치과보철과,2,0,2,0,42384,0.47,21192
전남,신안군,치주과,4,0,4,0,42384,0.94,10596
전남,신안군,침구과,7,0,7,0,42384,1.65,6055
전남,신안군,통합치의학과,2,0,2,0,42384,0.47,21192
전남,신안군,피부과,11,0,11,0,42384,2.6,3853
전남,신안군,한방내과,8,0,8,0,42384,1.89,5298
전남,신안군,한방부인과,7,0,7,0,42384,1.65,6055
전남,신안군,한방소아과,6,0,6,0,42384,1.42,7064
전남,신안군,한방신경정신과,5,0,5,0,42384,1.18,8477
전남,신안군,한방안·이비인후·피부과,7,0,7,0,42384,1.65,6055
전남,신안군,한방재활의학과,5,0,5,0,42384,1.18,8477
전남,여수시,가정의학과,72,35,37,48,259857,2.77,3609
전남,여수시,구강내과,71,1,70,1,259857,2.73,3660
전남,여수시,구강병리과,16,0,16,0,259857,0.62,16241
전남,여수시,구강악안면외과,41,5,36,5,259857,1.58,6338
전남,여수시,내과,116,37,79,64,259857,4.46,2240
전남,여수시,마취통증의학과,43,16,27,22,259857,1.65,6043
전남,여수시,병리과,11,1,10,1,259857,0.42,23623
전남,여수시,비뇨의학과,43,10,33,10,259857,1.65,6043
전남,여수시,사상체질과,36,0,36,0,259857,1.39,7218
전남,여수시,산부인과,14,11,3,20,259857,0.54,18561
전남,여수시,성형외과,15,2,13,2,259857,0.58,17324
전남,여수시,소아청소년과,90,11,79,16,259857,3.46,2887
전남,여수시,소아치과,79,2,77,2,259857,3.04,3289
전남,여수시,신경과,18,3,15,3,259857,0.69,14436
전남,여수시,신경외과,49,12,37,16,259857,1.89,5303
전남,여수시,심장혈관흉부외과,6,2,4,2,259857,0.23,43310
전남,여수시,안과,15,9,6,10,259857,0.58,17324
전남,여수시,영상의학과,19,9,10,18,259857,0.73,13677
전남,여수시,영상치의학과,33,0,33,0,259857,1.27,7874
전남,여수시,예방치과,37,0,37,0,259857,1.42,7023
전남,여수시,외과,55,12,43,24,259857,2.12,4725
전남,여수시,응급의학과,5,3,2,9,259857,0.19,51971
전남,여수시,이비인후과,68,14,54,16,259857,2.62,3821
전남,여수시,재활의학과,28,3,25,3,259857,1.08,9281
전남,여수시,정신건강의학과,13,6,7,7,259857,0.5,19989
전남,여수시,정형외과,74,19,55,33,259857,2.85,3512
전남,여수시,직업환경의학과,4,3,1,8,259857,0.15,64964
전남,여수시,진단검사의학과,4,3,1,5,259857,0.15,64964
전남,여수시,치과,2,0,2,0,259857,0.08,129928
전남,여수시,치과교정과,25,2,23,2,259857,0.96,10394
전남,여수시,치과보존과,47,1,46,2,259857,1.81,5529
전남,여수시,치과보철과,81,2,79,2,259857,3.12,3208
전남,여수시,치주과,47,4,43,4,259857,1.81,5529
전남,여수시,침구과,59,4,55,4,259857,2.27,4404
전남,여수시,통합치의학과,13,10,3,12,259857,0.5,19989
전남,여수시,피부과,81,7,74,8,259857,3.12,3208
전남,여수시,한방내과,66,2,64,2,259857,2.54,3937
전남,여수시,한방부인과,57,0,57,0,259857,2.19,4559
전남,여수시,한방소아과,55,0,55,0,259857,2.12,4725
전남,여수시,한방신경정신과,47,0,47,0,259857,1.81,5529
전남,여수시,한방안·이비인후·피부과,49,2,47,2,259857,1.89,5303
전남,여수시,한방응급,1,0,1,0,259857,0.04,259857
전남,여수시,한방재활의학과,36,1,35,1,259857,1.39,7218
전남,영광군,가정의학과,10,5,5,7,53719,1.86,5372
전남,영광군,구강내과,12,0,12,0,53719,2.23,4477
전남,영광군,구강병리과,7,0,7,0,53719,1.3,7674
전남,영광군,구강악안면외과,15,0,15,0,53719,2.79,3581
전남,영광군,내과,37,11,26,20,53719,6.89,1452
전남,영광군,마취통증의학과,11,5,6,6,53719,2.05,4884
전남,영광군,방사선종양학과,1,0,1,0,53719,0.19,53719
전남,영광군,병리과,5,0,5,0,53719,0.93,10744
전남,영광군,비뇨의학과,17,2,15,2,53719,3.16,3160
전남,영광군,사상체질과,11,0,11,0,53719,2.05,4884
전남,영광군,산부인과,7,2,5,2,53719,1.3,7674
전남,영광군,성형외과,3,0,3,0,53719,0.56,17906
전남,영광군,소아청소년과,19,2,17,3,53719,3.54,2827
전남,영광군,소아치과,13,0,13,0,53719,2.42,4132
전남,영광군,신경과,9,3,6,3,53719,1.68,5969
전남,영광군,신경외과,13,3,10,3,53719,2.42,4132
전남,영광군,안과,8,2,6,2,53719,1.49,6715
전남,영광군,영상의학과,5,2,3,4,53719,0.93,10744
전남,영광군,영상치의학과,12,0,12,0,53719,2.23,4477
전남,영광군,예방의학과,1,0,1,0,53719,0.19,53719
전남,영광군,예방치과,13,0,13,0,53719,2.42,4132
전남,영광군,외과,16,4,12,5,53719,2.98,3357
전남,영광군,응급의학과,1,1,0,1,53719,0.19,53719
전남,영광군,이비인후과,17,2,15,2,53719,3.16,3160
전남,영광군,재활의학과,15,0,15,0,53719,2.79,3581
전남,영광군,정신건강의학과,3,2,1,6,53719,0.56,17906
전남,영광군,정형외과,21,4,17,5,53719,3.91,2558
전남,영광군,진단검사의학과,7,2,5,2,53719,1.3,7674
전남,영광군,치과,1,0,1,0,53719,0.19,53719
전남,영광군,치과교정과,6,0,6,0,53719,1.12,8953
전남,영광군,치과보존과,15,0,15,0,53719,2.79,3581
전남,영광군,치과보철과,15,0,15,0,53719,2.79,3581
전남,영광군,치주과,15,1,14,1,53719,2.79,3581
전남,영광군,침구과,14,1,13,1,53719,2.61,3837
전남,영광군,통합치의학과,11,0,11,0,53719,2.05,4884
전남,영광군,피부과,22,0,22,0,53719,4.1,2442
전남,영광군,한방내과,16,0,16,0,53719,2.98,3357
전남,영광군,한방부인과,14,0,14,0,53719,2.61,3837
전남,영광군,한방소아과,14,0,14,0,53719,2.61,3837
전남,영광군,한방신경정신과,13,0,13,0,53719,2.42,4132
전남,영광군,한방안·이비인후·피부과,14,0,14,0,53719,2.61,3837
전남,영광군,한방재활의학과,13,0,13,0,53719,2.42,4132
전남,영암군,가정의학과,11,4,7,4,49984,2.2,4544
전남,영암군,구강내과,7,0,7,0,49984,1.4,7141
전남,영암군,구강병리과,3,0,3,0,49984,0.6,16661
전남,영암군,구강악안면외과,11,0,11,0,49984,2.2,4544
전남,영암군,내과,24,4,20,6,49984,4.8,2083
전남,영암군,마취통증의학과,7,1,6,1,49984,1.4,7141
전남,영암군,비뇨의학과,17,0,17,0,49984,3.4,2940
전남,영암군,사상체질과,11,0,11,0,49984,2.2,4544
전남,영암군,성형외과,3,0,3,0,49984,0.6,16661
전남,영암군,소아청소년과,21,0,21,0,49984,4.2,2380
전남,영암군,소아치과,11,0,11,0,49984,2.2,4544
전남,영암군,신경과,4,0,4,0,49984,0.8,12496
전남,영암군,신경외과,11,1,10,1,49984,2.2,4544
전남,영암군,심장혈관흉부외과,4,2,2,2,49984,0.8,12496
전남,영암군,안과,4,1,3,1,49984,0.8,12496
전남,영암군,영상의학과,10,1,9,1,49984,2.0,4998
전남,영암군,영상치의학과,6,0,6,0,49984,1.2,8331
전남,영암군,예방치과,9,0,9,0,49984,1.8,5554
전남,영암군,외과,17,4,13,5,49984,3.4,2940
전남,영암군,응급의학과,1,0,1,0,49984,0.2,49984
전남,영암군,이비인후과,14,0,14,0,49984,2.8,3570
전남,영암군,재활의학과,6,0,6,0,49984,1.2,8331
전남,영암군,정신건강의학과,2,1,1,3,49984,0.4,24992
전남,영암군,정형외과,19,3,16,3,49984,3.8,2631
전남,영암군,진단검사의학과,3,0,3,0,49984,0.6,16661
전남,영암군,치과교정과,6,0,6,0,49984,1.2,8331
전남,영암군,치과보존과,10,0,10,0,49984,2.0,4998
전남,영암군,치과보철과,13,0,13,0,49984,2.6,3845
전남,영암군,치주과,11,1,10,1,49984,2.2,4544
전남,영암군,침구과,13,0,13,0,49984,2.6,3845
전남,영암군,통합치의학과,3,2,1,2,49984,0.6,16661
전남,영암군,피부과,21,0,21,0,49984,4.2,2380
전남,영암군,한방내과,14,0,14,0,49984,2.8,3570
전남,영암군,한방부인과,13,0,13,0,49984,2.6,3845
전남,영암군,한방소아과,12,0,12,0,49984,2.4,4165
전남,영암군,한방신경정신과,13,0,13,0,49984,2.6,3845
전남,영암군,한방안·이비인후·피부과,13,0,13,0,49984,2.6,3845
전남,영암군,한방응급,1,0,1,0,49984,0.2,49984
전남,영암군,한방재활의학과,11,0,11,0,49984,2.2,4544
전남,완도군,가정의학과,4,0,4,0,44071,0.91,11018
전남,완도군,결핵과,1,0,1,0,44071,0.23,44071
전남,완도군,구강내과,7,0,7,0,44071,1.59,6296
전남,완도군,구강병리과,3,0,3,0,44071,0.68,14690
전남,완도군,구강악안면외과,12,0,12,0,44071,2.72,3673
전남,완도군,내과,34,4,30,5,44071,7.71,1296
전남,완도군,마취통증의학과,9,2,7,2,44071,2.04,4897
전남,완도군,방사선종양학과,1,0,1,0,44071,0.23,44071
전남,완도군,병리과,1,0,1,0,44071,0.23,44071
전남,완도군,비뇨의학과,8,0,8,0,44071,1.82,5509
전남,완도군,사상체질과,3,1,2,1,44071,0.68,14690
전남,완도군,산부인과,5,2,3,2,44071,1.13,8814
전남,완도군,성형외과,3,0,3,0,44071,0.68,14690
전남,완도군,소아청소년과,32,1,31,1,44071,7.26,1377
전남,완도군,소아치과,13,0,13,0,44071,2.95,3390
전남,완도군,신경과,4,0,4,0,44071,0.91,11018
전남,완도군,신경외과,4,0,4,0,44071,0.91,11018
전남,완도군,심장혈관흉부외과,1,0,1,0,44071,0.23,44071
전남,완도군,안과,8,1,7,1,44071,1.82,5509
전남,완도군,영상의학과,3,0,3,0,44071,0.68,14690
전남,완도군,영상치의학과,6,0,6,0,44071,1.36,7345
전남,완도군,예방의학과,1,0,1,0,44071,0.23,44071
전남,완도군,예방치과,8,0,8,0,44071,1.82,5509
전남,완도군,외과,31,4,27,4,44071,7.03,1422
전남,완도군,응급의학과,1,0,1,0,44071,0.23,44071
전남,완도군,이비인후과,29,1,28,1,44071,6.58,1520
전남,완도군,재활의학과,5,0,5,0,44071,1.13,8814
전남,완도군,정신건강의학과,2,0,2,0,44071,0.45,22036
전남,완도군,정형외과,14,2,12,2,44071,3.18,3148
전남,완도군,직업환경의학과,2,0,2,0,44071,0.45,22036
전남,완도군,진단검사의학과,2,0,2,0,44071,0.45,22036
전남,완도군,치과교정과,9,0,9,0,44071,2.04,4897
전남,완도군,치과보존과,9,0,9,0,44071,2.04,4897
전남,완도군,치과보철과,14,0,14,0,44071,3.18,3148
전남,완도군,치주과,12,0,12,0,44071,2.72,3673
전남,완도군,침구과,6,0,6,0,44071,1.36,7345
전남,완도군,통합치의학과,6,1,5,1,44071,1.36,7345
전남,완도군,피부과,28,0,28,0,44071,6.35,1574
전남,완도군,한방내과,7,0,7,0,44071,1.59,6296
전남,완도군,한방부인과,7,0,7,0,44071,1.59,6296
전남,완도군,한방소아과,7,0,7,0,44071,1.59,6296
전남,완도군,한방신경정신과,5,0,5,0,44071,1.13,8814
전남,완도군,한방안·이비인후·피부과,7,0,7,0,44071,1.59,6296
전남,완도군,한방응급,1,0,1,0,44071,0.23,44071
전남,완도군,한방재활의학과,5,0,5,0,44071,1.13,8814
전남,완도군,핵의학과,1,0,1,0,44071,0.23,44071
전남,장성군,가정의학과,4,3,1,3,43079,0.93,10770
전남,장성군,결핵과,1,0,1,0,43079,0.23,43079
전남,장성군,구강내과,5,0,5,0,43079,1.16,8616
전남,장성군,구강병리과,3,0,3,0,43079,0.7,14360
전남,장성군,구강악안면외과,5,0,5,0,43079,1.16,8616
전남,장성군,내과,18,7,11,9,43079,4.18,2393
전남,장성군,마취통증의학과,8,3,5,4,43079,1.86,5385
전남,장성군,방사선종양학과,1,0,1,0,43079,0.23,43079
전남,장성군,병리과,1,0,1,0,43079,0.23,43079
전남,장성군,비뇨의학과,7,0,7,0,43079,1.62,6154
전남,장성군,사상체질과,4,0,4,0,43079,0.93,10770
전남,장성군,산부인과,4,1,3,1,43079,0.93,10770
전남,장성군,성형외과,2,0,2,0,43079,0.46,21540
전남,장성군,소아청소년과,12,1,11,1,43079,2.79,3590
전남,장성군,소아치과,6,0,6,0,43079,1.39,7180
전남,장성군,신경과,5,1,4,1,43079,1.16,8616
전남,장성군,신경외과,2,0,2,0,43079,0.46,21540
전남,장성군,심장혈관흉부외과,2,1,1,1,43079,0.46,21540
전남,장성군,안과,6,1,5,1,43079,1.39,7180
전남,장성군,영상의학과,4,1,3,1,43079,0.93,10770
전남,장성군,영상치의학과,5,0,5,0,43079,1.16,8616
전남,장성군,예방의학과,1,0,1,0,43079,0.23,43079
전남,장성군,예방치과,4,0,4,0,43079,0.93,10770
전남,장성군,외과,7,2,5,2,43079,1.62,6154
전남,장성군,응급의학과,1,0,1,0,43079,0.23,43079
전남,장성군,이비인후과,10,1,9,1,43079,2.32,4308
전남,장성군,재활의학과,4,0,4,0,43079,0.93,10770
전남,장성군,정신건강의학과,4,2,2,3,43079,0.93,10770
전남,장성군,정형외과,10,3,7,4,43079,2.32,4308
전남,장성군,직업환경의학과,1,0,1,0,43079,0.23,43079
전남,장성군,진단검사의학과,2,0,2,0,43079,0.46,21540
전남,장성군,치과,2,0,2,0,43079,0.46,21540
전남,장성군,치과교정과,5,0,5,0,43079,1.16,8616
전남,장성군,치과보존과,6,0,6,0,43079,1.39,7180
전남,장성군,치과보철과,11,1,10,1,43079,2.55,3916
전남,장성군,치주과,6,0,6,0,43079,1.39,7180
전남,장성군,침구과,10,0,10,0,43079,2.32,4308
전남,장성군,통합치의학과,1,0,1,0,43079,0.23,43079
전남,장성군,피부과,10,0,10,0,43079,2.32,4308
전남,장성군,한방내과,14,1,13,1,43079,3.25,3077
전남,장성군,한방부인과,8,0,8,0,43079,1.86,5385
전남,장성군,한방소아과,7,0,7,0,43079,1.62,6154
전남,장성군,한방신경정신과,7,0,7,0,43079,1.62,6154
전남,장성군,한방안·이비인후·피부과,8,0,8,0,43079,1.86,5385
전남,장성군,한방응급,1,0,1,0,43079,0.23,43079
전남,장성군,한방재활의학과,6,0,6,0,43079,1.39,7180
전남,장성군,핵의학과,1,0,1,0,43079,0.23,43079
전남,장흥군,가정의학과,10,3,7,3,33877,2.95,3388
전남,장흥군,구강내과,3,0,3,0,33877,0.89,11292
전남,장흥군,구강병리과,2,0,2,0,33877,0.59,16938
전남,장흥군,구강악안면외과,9,0,9,0,33877,2.66,3764
전남,장흥군,내과,31,6,25,6,33877,9.15,1093
전남,장흥군,마취통증의학과,12,2,10,2,33877,3.54,2823
전남,장흥군,방사선종양학과,1,0,1,0,33877,0.3,33877
전남,장흥군,병리과,1,0,1,0,33877,0.3,33877
전남,장흥군,비뇨의학과,8,1,7,1,33877,2.36,4235
전남,장흥군,사상체질과,6,0,6,0,33877,1.77,5646
전남,장흥군,산부인과,2,1,1,1,33877,0.59,16938
전남,장흥군,성형외과,2,0,2,0,33877,0.59,16938
전남,장흥군,소아청소년과,18,2,16,2,33877,5.31,1882
전남,장흥군,소아치과,9,0,9,0,33877,2.66,3764
전남,장흥군,신경과,8,0,8,0,33877,2.36,4235
전남,장흥군,신경외과,10,2,8,2,33877,2.95,3388
전남,장흥군,안과,6,1,5,1,33877,1.77,5646
전남,장흥군,영상의학과,7,2,5,2,33877,2.07,4840
전남,장흥군,영상치의학과,3,0,3,0,33877,0.89,11292
전남,장흥군,예방의학과,1,0,1,0,33877,0.3,33877
전남,장흥군,예방치과,3,0,3,0,33877,0.89,11292
전남,장흥군,외과,15,4,11,6,33877,4.43,2258
전남,장흥군,응급의학과,1,0,1,0,33877,0.3,33877
전남,장흥군,이비인후과,10,2,8,2,33877,2.95,3388
전남,장흥군,재활의학과,6,1,5,1,33877,1.77,5646
전남,장흥군,정신건강의학과,6,1,5,2,33877,1.77,5646
전남,장흥군,정형외과,18,3,15,3,33877,5.31,1882
전남,장흥군,진단검사의학과,5,1,4,1,33877,1.48,6775
전남,장흥군,치과교정과,7,0,7,0,33877,2.07,4840
전남,장흥군,치과보존과,3,0,3,0,33877,0.89,11292
전남,장흥군,치과보철과,9,0,9,0,33877,2.66,3764
전남,장흥군,치주과,3,1,2,1,33877,0.89,11292
전남,장흥군,침구과,10,0,10,0,33877,2.95,3388
전남,장흥군,통합치의학과,2,1,1,1,33877,0.59,16938
전남,장흥군,피부과,12,0,12,0,33877,3.54,2823
전남,장흥군,한방내과,10,1,9,1,33877,2.95,3388
전남,장흥군,한방부인과,9,0,9,0,33877,2.66,3764
전남,장흥군,한방소아과,9,0,9,0,33877,2.66,3764
전남,장흥군,한방신경정신과,8,0,8,0,33877,2.36,4235
전남,장흥군,한방안·이비인후·피부과,7,0,7,0,33877,2.07,4840
전남,장흥군,한방재활의학과,9,0,9,0,33877,2.66,3764
전남,진도군,가정의학과,7,1,6,1,27773,2.52,3968
전남,진도군,구강내과,3,0,3,0,27773,1.08,9258
전남,진도군,구강병리과,3,0,3,0,27773,1.08,9258
전남,진도군,구강악안면외과,4,0,4,0,27773,1.44,6943
전남,진도군,내과,17,4,13,4,27773,6.12,1634
전남,진도군,마취통증의학과,6,0,6,0,27773,2.16,4629
전남,진도군,병리과,3,1,2,1,27773,1.08,9258
전남,진도군,비뇨의학과,7,0,7,0,27773,2.52,3968
전남,진도군,사상체질과,5,0,5,0,27773,1.8,5555
전남,진도군,산부인과,3,1,2,1,27773,1.08,9258
전남,진도군,성형외과,1,0,1,0,27773,0.36,27773
전남,진도군,소아청소년과,10,1,9,2,27773,3.6,2777
전남,진도군,소아치과,4,0,4,0,27773,1.44,6943
전남,진도군,신경과,1,0,1,0,27773,0.36,27773
전남,진도군,신경외과,4,0,4,0,27773,1.44,6943
전남,진도군,안과,3,1,2,1,27773,1.08,9258
전남,진도군,영상의학과,4,1,3,1,27773,1.44,6943
전남,진도군,영상치의학과,4,0,4,0,27773,1.44,6943
전남,진도군,예방치과,3,0,3,0,27773,1.08,9258
전남,진도군,외과,8,1,7,1,27773,2.88,3472
전남,진도군,이비인후과,6,0,6,0,27773,2.16,4629
전남,진도군,재활의학과,2,0,2,0,27773,0.72,13886
전남,진도군,정신건강의학과,2,1,1,1,27773,0.72,13886
전남,진도군,정형외과,13,2,11,2,27773,4.68,2136
전남,진도군,진단검사의학과,1,0,1,0,27773,0.36,27773
전남,진도군,치과,2,0,2,0,27773,0.72,13886
전남,진도군,치과교정과,4,0,4,0,27773,1.44,6943
전남,진도군,치과보존과,4,0,4,0,27773,1.44,6943
전남,진도군,치과보철과,4,0,4,0,27773,1.44,6943
전남,진도군,치주과,4,0,4,0,27773,1.44,6943
전남,진도군,침구과,6,0,6,0,27773,2.16,4629
전남,진도군,피부과,8,0,8,0,27773,2.88,3472
전남,진도군,한방내과,5,0,5,0,27773,1.8,5555
전남,진도군,한방부인과,5,0,5,0,27773,1.8,5555
전남,진도군,한방소아과,5,0,5,0,27773,1.8,5555
전남,진도군,한방신경정신과,5,0,5,0,27773,1.8,5555
전남,진도군,한방안·이비인후·피부과,5,0,5,0,27773,1.8,5555
전남,진도군,한방재활의학과,6,0,6,0,27773,2.16,4629
전남,함평군,가정의학과,7,3,4,3,29753,2.35,4250
전남,함평군,구강내과,3,0,3,0,29753,1.01,9918
전남,함평군,구강병리과,2,0,2,0,29753,0.67,14876
전남,함평군,구강악안면외과,5,1,4,2,29753,1.68,5951
전남,함평군,내과,16,4,12,5,29753,5.38,1860
전남,함평군,마취통증의학과,5,0,5,0,29753,1.68,5951
전남,함평군,병리과,3,0,3,0,29753,1.01,9918
전남,함평군,비뇨의학과,9,0,9,0,29753,3.02,3306
전남,함평군,사상체질과,5,0,5,0,29753,1.68,5951
전남,함평군,산부인과,3,1,2,1,29753,1.01,9918
전남,함평군,소아청소년과,10,0,10,0,29753,3.36,2975
전남,함평군,소아치과,4,0,4,0,29753,1.34,7438
전남,함평군,신경과,5,0,5,0,29753,1.68,5951
전남,함평군,신경외과,6,1,5,2,29753,2.02,4959
전남,함평군,심장혈관흉부외과,2,1,1,1,29753,0.67,14876
전남,함평군,안과,6,0,6,0,29753,2.02,4959
전남,함평군,영상의학과,7,1,6,1,29753,2.35,4250
전남,함평군,영상치의학과,2,0,2,0,29753,0.67,14876
전남,함평군,예방치과,4,0,4,0,29753,1.34,7438
전남,함평군,외과,11,2,9,2,29753,3.7,2705
전남,함평군,응급의학과,1,1,0,1,29753,0.34,29753
전남,함평군,이비인후과,11,1,10,1,29753,3.7,2705
전남,함평군,재활의학과,7,1,6,1,29753,2.35,4250
전남,함평군,정신건강의학과,3,2,1,2,29753,1.01,9918
전남,함평군,정형외과,13,2,11,3,29753,4.37,2289
전남,함평군,진단검사의학과,1,0,1,0,29753,0.34,29753
전남,함평군,치과교정과,2,0,2,0,29753,0.67,14876
전남,함평군,치과보존과,5,0,5,0,29753,1.68,5951
전남,함평군,치과보철과,6,1,5,1,29753,2.02,4959
전남,함평군,치주과,4,0,4,0,29753,1.34,7438
전남,함평군,침구과,7,1,6,1,29753,2.35,4250
전남,함평군,통합치의학과,3,1,2,1,29753,1.01,9918
전남,함평군,피부과,12,1,11,1,29753,4.03,2479
전남,함평군,한방내과,8,1,7,1,29753,2.69,3719
전남,함평군,한방부인과,7,0,7,0,29753,2.35,4250
전남,함평군,한방소아과,7,0,7,0,29753,2.35,4250
전남,함평군,한방신경정신과,6,0,6,0,29753,2.02,4959
전남,함평군,한방안·이비인후·피부과,6,0,6,0,29753,2.02,4959
전남,함평군,한방재활의학과,7,1,6,1,29753,2.35,4250
전남,해남군,가정의학과,8,5,3,6,61883,1.29,7735
전남,해남군,구강내과,10,0,10,0,61883,1.62,6188
전남,해남군,구강병리과,3,0,3,0,61883,0.48,20628
전남,해남군,구강악안면외과,13,0,13,0,61883,2.1,4760
전남,해남군,내과,38,10,28,13,61883,6.14,1628
전남,해남군,마취통증의학과,11,5,6,5,61883,1.78,5626
전남,해남군,방사선종양학과,1,0,1,0,61883,0.16,61883
전남,해남군,병리과,1,0,1,0,61883,0.16,61883
전남,해남군,비뇨의학과,22,4,18,4,61883,3.56,2813
전남,해남군,사상체질과,5,0,5,0,61883,0.81,12377
전남,해남군,산부인과,6,3,3,5,61883,0.97,10314
전남,해남군,성형외과,6,0,6,0,61883,0.97,10314
전남,해남군,소아청소년과,30,3,27,4,61883,4.85,2063
전남,해남군,소아치과,12,0,12,0,61883,1.94,5157
전남,해남군,신경과,8,2,6,3,61883,1.29,7735
전남,해남군,신경외과,10,3,7,4,61883,1.62,6188
전남,해남군,심장혈관흉부외과,5,2,3,2,61883,0.81,12377
전남,해남군,안과,8,2,6,3,61883,1.29,7735
전남,해남군,영상의학과,7,3,4,5,61883,1.13,8840
전남,해남군,영상치의학과,9,0,9,0,61883,1.45,6876
전남,해남군,예방치과,12,0,12,0,61883,1.94,5157
전남,해남군,외과,27,8,19,9,61883,4.36,2292
전남,해남군,응급의학과,2,1,1,1,61883,0.32,30942
전남,해남군,이비인후과,22,1,21,1,61883,3.56,2813
전남,해남군,재활의학과,10,3,7,3,61883,1.62,6188
전남,해남군,정신건강의학과,5,3,2,7,61883,0.81,12377
전남,해남군,정형외과,24,3,21,6,61883,3.88,2578
전남,해남군,진단검사의학과,5,2,3,2,61883,0.81,12377
전남,해남군,치과,1,0,1,0,61883,0.16,61883
전남,해남군,치과교정과,6,0,6,0,61883,0.97,10314
전남,해남군,치과보존과,13,0,13,0,61883,2.1,4760
전남,해남군,치과보철과,14,0,14,0,61883,2.26,4420
전남,해남군,치주과,13,0,13,0,61883,2.1,4760
전남,해남군,침구과,9,0,9,0,61883,1.45,6876
전남,해남군,통합치의학과,13,2,11,2,61883,2.1,4760
전남,해남군,피부과,26,1,25,1,61883,4.2,2380
전남,해남군,한방내과,10,0,10,0,61883,1.62,6188
전남,해남군,한방부인과,8,0,8,0,61883,1.29,7735
전남,해남군,한방소아과,8,0,8,0,61883,1.29,7735
전남,해남군,한방신경정신과,8,0,8,0,61883,1.29,7735
전남,해남군,한방안·이비인후·피부과,8,0,8,0,61883,1.29,7735
전남,해남군,한방재활의학과,6,0,6,0,61883,0.97,10314
전남,화순군,가정의학과,16,10,6,12,59860,2.67,3741
전남,화순군,구강내과,16,1,15,1,59860,2.67,3741
전남,화순군,구강병리과,7,0,7,0,59860,1.17,8551
전남,화순군,구강악안면외과,14,2,12,2,59860,2.34,4276
전남,화순군,내과,51,16,35,66,59860,8.52,1174
전남,화순군,마취통증의학과,17,9,8,14,59860,2.84,3521
전남,화순군,방사선종양학과,1,1,0,4,59860,0.17,59860
전남,화순군,병리과,3,1,2,5,59860,0.5,19953
전남,화순군,비뇨의학과,14,5,9,9,59860,2.34,4276
전남,화순군,사상체질과,11,0,11,0,59860,1.84,5442
전남,화순군,산부인과,7,4,3,7,59860,1.17,8551
전남,화순군,성형외과,5,0,5,0,59860,0.84,11972
전남,화순군,소아청소년과,22,5,17,9,59860,3.68,2721
전남,화순군,소아치과,14,0,14,0,59860,2.34,4276
전남,화순군,신경과,7,2,5,2,59860,1.17,8551
전남,화순군,신경외과,15,3,12,8,59860,2.51,3991
전남,화순군,심장혈관흉부외과,1,1,0,3,59860,0.17,59860
전남,화순군,안과,5,2,3,2,59860,0.84,11972
전남,화순군,영상의학과,10,6,4,14,59860,1.67,5986
전남,화순군,영상치의학과,10,0,10,0,59860,1.67,5986
전남,화순군,예방치과,12,0,12,0,59860,2.0,4988
전남,화순군,외과,21,10,11,29,59860,3.51,2850
전남,화순군,응급의학과,1,1,0,4,59860,0.17,59860
전남,화순군,이비인후과,17,3,14,7,59860,2.84,3521
전남,화순군,재활의학과,14,3,11,3,59860,2.34,4276
전남,화순군,정신건강의학과,8,5,3,12,59860,1.34,7482
전남,화순군,정형외과,26,7,19,13,59860,4.34,2302
전남,화순군,직업환경의학과,4,3,1,4,59860,0.67,14965
전남,화순군,진단검사의학과,3,1,2,4,59860,0.5,19953
전남,화순군,치과교정과,12,0,12,0,59860,2.0,4988
전남,화순군,치과보존과,16,0,16,0,59860,2.67,3741
전남,화순군,치과보철과,16,0,16,0,59860,2.67,3741
전남,화순군,치주과,15,0,15,0,59860,2.51,3991
전남,화순군,침구과,24,0,24,0,59860,4.01,2494
전남,화순군,통합치의학과,8,4,4,4,59860,1.34,7482
전남,화순군,피부과,17,0,17,0,59860,2.84,3521
전남,화순군,한방내과,28,2,26,2,59860,4.68,2138
전남,화순군,한방부인과,17,0,17,0,59860,2.84,3521
전남,화순군,한방소아과,14,0,14,0,59860,2.34,4276
전남,화순군,한방신경정신과,14,0,14,0,59860,2.34,4276
전남,화순군,한방안·이비인후·피부과,14,0,14,0,59860,2.34,4276
전남,화순군,한방재활의학과,12,0,12,0,59860,2.0,4988
전남,화순군,핵의학과,2,2,0,6,59860,0.33,29930
전북,고창군,가정의학과,11,8,3,10,50025,2.2,4548
전북,고창군,구강내과,9,0,9,0,50025,1.8,5558
전북,고창군,구강병리과,5,0,5,0,50025,1.0,10005
전북,고창군,구강악안면외과,12,0,12,0,50025,2.4,4169
전북,고창군,내과,34,7,27,13,50025,6.8,1471
전북,고창군,마취통증의학과,5,2,3,2,50025,1.0,10005
전북,고창군,병리과,1,1,0,1,50025,0.2,50025
전북,고창군,비뇨의학과,8,1,7,1,50025,1.6,6253
전북,고창군,사상체질과,5,0,5,0,50025,1.0,10005
전북,고창군,산부인과,6,2,4,3,50025,1.2,8338
전북,고창군,성형외과,2,0,2,0,50025,0.4,25012
전북,고창군,소아청소년과,9,1,8,1,50025,1.8,5558
전북,고창군,소아치과,12,0,12,0,50025,2.4,4169
전북,고창군,신경과,7,1,6,1,50025,1.4,7146
전북,고창군,신경외과,11,2,9,2,50025,2.2,4548
전북,고창군,심장혈관흉부외과,1,1,0,1,50025,0.2,50025
전북,고창군,안과,4,2,2,2,50025,0.8,12506
전북,고창군,영상의학과,3,2,1,2,50025,0.6,16675
전북,고창군,영상치의학과,8,0,8,0,50025,1.6,6253
전북,고창군,예방치과,12,0,12,0,50025,2.4,4169
전북,고창군,외과,12,4,8,5,50025,2.4,4169
전북,고창군,응급의학과,1,0,1,0,50025,0.2,50025
전북,고창군,이비인후과,10,2,8,2,50025,2.0,5002
전북,고창군,재활의학과,7,3,4,3,50025,1.4,7146
전북,고창군,정신건강의학과,4,1,3,1,50025,0.8,12506
전북,고창군,정형외과,14,4,10,6,50025,2.8,3573
전북,고창군,진단검사의학과,1,1,0,1,50025,0.2,50025
전북,고창군,치과교정과,4,0,4,0,50025,0.8,12506
전북,고창군,치과보존과,14,0,14,0,50025,2.8,3573
전북,고창군,치과보철과,12,0,12,0,50025,2.4,4169
전북,고창군,치주과,14,0,14,0,50025,2.8,3573
전북,고창군,침구과,12,1,11,1,50025,2.4,4169
전북,고창군,통합치의학과,7,2,5,3,50025,1.4,7146
전북,고창군,피부과,10,1,9,1,50025,2.0,5002
전북,고창군,한방내과,22,1,21,1,50025,4.4,2274
전북,고창군,한방부인과,11,0,11,0,50025,2.2,4548
전북,고창군,한방소아과,10,0,10,0,50025,2.0,5002
전북,고창군,한방신경정신과,9,0,9,0,50025,1.8,5558
전북,고창군,한방안·이비인후·피부과,10,0,10,0,50025,2.0,5002
전북,고창군,한방재활의학과,8,0,8,0,50025,1.6,6253
전북,군산시,가정의학과,47,29,18,35,255517,1.84,5437
전북,군산시,결핵과,1,0,1,0,255517,0.04,255517
전북,군산시,구강내과,35,0,35,0,255517,1.37,7300
전북,군산시,구강병리과,21,0,21,0,255517,0.82,12167
전북,군산시,구강악안면외과,38,5,33,8,255517,1.49,6724
전북,군산시,내과,100,33,67,62,255517,3.91,2555
전북,군산시,마취통증의학과,28,12,16,19,255517,1.1,9126
전북,군산시,병리과,2,1,1,1,255517,0.08,127758
전북,군산시,비뇨의학과,23,8,15,9,255517,0.9,11109
전북,군산시,사상체질과,51,0,51,0,255517,2.0,5010
전북,군산시,산부인과,16,14,2,27,255517,0.63,15970
전북,군산시,성형외과,9,3,6,3,255517,0.35,28391
전북,군산시,소아청소년과,53,17,36,23,255517,2.07,4821
전북,군산시,소아치과,41,2,39,2,255517,1.6,6232
전북,군산시,신경과,16,5,11,8,255517,0.63,15970
전북,군산시,신경외과,27,7,20,10,255517,1.06,9464
전북,군산시,심장혈관흉부외과,3,2,1,3,255517,0.12,85172
전북,군산시,안과,17,11,6,13,255517,0.67,15030
전북,군산시,영상의학과,14,8,6,14,255517,0.55,18251
전북,군산시,영상치의학과,33,0,33,0,255517,1.29,7743
전북,군산시,예방의학과,1,1,0,1,255517,0.04,255517
전북,군산시,예방치과,38,0,38,0,255517,1.49,6724
전북,군산시,외과,33,17,16,26,255517,1.29,7743
전북,군산시,응급의학과,2,2,0,14,255517,0.08,127758
전북,군산시,이비인후과,44,15,29,15,255517,1.72,5807
전북,군산시,재활의학과,23,6,17,8,255517,0.9,11109
전북,군산시,정신건강의학과,10,8,2,9,255517,0.39,25552
전북,군산시,정형외과,51,17,34,23,255517,2.0,5010
전북,군산시,직업환경의학과,2,2,0,3,255517,0.08,127758
전북,군산시,진단검사의학과,5,1,4,1,255517,0.2,51103
전북,군산시,치과교정과,32,4,28,4,255517,1.25,7985
전북,군산시,치과보존과,41,1,40,1,255517,1.6,6232
전북,군산시,치과보철과,43,4,39,4,255517,1.68,5942
전북,군산시,치주과,76,2,74,2,255517,2.97,3362
전북,군산시,침구과,65,2,63,2,255517,2.54,3931
전북,군산시,통합치의학과,23,11,12,14,255517,0.9,11109
전북,군산시,피부과,54,5,49,5,255517,2.11,4732
전북,군산시,한방내과,78,3,75,3,255517,3.05,3276
전북,군산시,한방부인과,63,1,62,1,255517,2.47,4056
전북,군산시,한방소아과,60,1,59,1,255517,2.35,4259
전북,군산시,한방신경정신과,55,0,55,0,255517,2.15,4646
전북,군산시,한방안·이비인후·피부과,60,1,59,1,255517,2.35,4259
전북,군산시,한방응급,4,0,4,0,255517,0.16,63879
전북,군산시,한방재활의학과,56,2,54,2,255517,2.19,4563
전북,김제시,가정의학과,18,8,10,10,81585,2.21,4532
전북,김제시,구강내과,16,0,16,0,81585,1.96,5099
전북,김제시,구강병리과,6,0,6,0,81585,0.74,13598
전북,김제시,구강악안면외과,12,0,12,0,81585,1.47,6799
전북,김제시,내과,46,13,33,17,81585,5.64,1774
전북,김제시,마취통증의학과,12,3,9,3,81585,1.47,6799
전북,김제시,비뇨의학과,20,2,18,2,81585,2.45,4079
전북,김제시,사상체질과,15,0,15,0,81585,1.84,5439
전북,김제시,산부인과,9,4,5,6,81585,1.1,9065
전북,김제시,성형외과,3,0,3,0,81585,0.37,27195
전북,김제시,소아청소년과,30,4,26,4,81585,3.68,2720
전북,김제시,소아치과,16,0,16,0,81585,1.96,5099
전북,김제시,신경과,16,3,13,3,81585,1.96,5099
전북,김제시,신경외과,24,3,21,3,81585,2.94,3399
전북,김제시,심장혈관흉부외과,1,0,1,0,81585,0.12,81585
전북,김제시,안과,14,2,12,2,81585,1.72,5828
전북,김제시,영상의학과,6,3,3,3,81585,0.74,13598
전북,김제시,영상치의학과,7,0,7,0,81585,0.86,11655
전북,김제시,예방치과,10,0,10,0,81585,1.23,8158
전북,김제시,외과,22,6,16,8,81585,2.7,3708
전북,김제시,응급의학과,2,0,2,0,81585,0.25,40792
전북,김제시,이비인후과,27,3,24,3,81585,3.31,3022
전북,김제시,재활의학과,9,4,5,4,81585,1.1,9065
전북,김제시,정신건강의학과,9,6,3,24,81585,1.1,9065
전북,김제시,정형외과,27,6,21,6,81585,3.31,3022
전북,김제시,진단검사의학과,1,0,1,0,81585,0.12,81585
전북,김제시,치과교정과,9,0,9,0,81585,1.1,9065
전북,김제시,치과보존과,15,0,15,0,81585,1.84,5439
전북,김제시,치과보철과,13,1,12,1,81585,1.59,6276
전북,김제시,치주과,19,0,19,0,81585,2.33,4294
전북,김제시,침구과,18,0,18,0,81585,2.21,4532
전북,김제시,통합치의학과,3,2,1,3,81585,0.37,27195
전북,김제시,피부과,27,1,26,1,81585,3.31,3022
전북,김제시,한방내과,25,0,25,0,81585,3.06,3263
전북,김제시,한방부인과,23,0,23,0,81585,2.82,3547
전북,김제시,한방소아과,23,0,23,0,81585,2.82,3547
전북,김제시,한방신경정신과,22,0,22,0,81585,2.7,3708
전북,김제시,한방안·이비인후·피부과,23,0,23,0,81585,2.82,3547
전북,김제시,한방재활의학과,15,0,15,0,81585,1.84,5439
전북,남원시,가정의학과,20,6,14,11,73604,2.72,3680
전북,남원시,구강내과,15,0,15,0,73604,2.04,4907
전북,남원시,구강병리과,6,0,6,0,73604,0.82,12267
전북,남원시,구강악안면외과,26,0,26,0,73604,3.53,2831
전북,남원시,내과,46,13,33,20,73604,6.25,1600
전북,남원시,마취통증의학과,15,7,8,9,73604,2.04,4907
전북,남원시,병리과,2,1,1,1,73604,0.27,36802
전북,남원시,비뇨의학과,11,2,9,2,73604,1.49,6691
전북,남원시,사상체질과,13,0,13,0,73604,1.77,5662
전북,남원시,산부인과,6,3,3,4,73604,0.82,12267
전북,남원시,성형외과,5,1,4,1,73604,0.68,14721
전북,남원시,소아청소년과,28,4,24,5,73604,3.8,2629
전북,남원시,소아치과,15,0,15,0,73604,2.04,4907
전북,남원시,신경과,12,4,8,4,73604,1.63,6134
전북,남원시,신경외과,17,3,14,3,73604,2.31,4330
전북,남원시,심장혈관흉부외과,4,2,2,2,73604,0.54,18401
전북,남원시,안과,8,4,4,6,73604,1.09,9200
전북,남원시,영상의학과,3,2,1,2,73604,0.41,24535
전북,남원시,영상치의학과,14,0,14,0,73604,1.9,5257
전북,남원시,예방치과,13,0,13,0,73604,1.77,5662
전북,남원시,외과,23,7,16,8,73604,3.12,3200
전북,남원시,응급의학과,2,1,1,5,73604,0.27,36802
전북,남원시,이비인후과,21,4,17,4,73604,2.85,3505
전북,남원시,재활의학과,11,3,8,4,73604,1.49,6691
전북,남원시,정신건강의학과,8,3,5,6,73604,1.09,9200
전북,남원시,정형외과,25,6,19,7,73604,3.4,2944
전북,남원시,진단검사의학과,2,0,2,0,73604,0.27,36802
전북,남원시,치과교정과,5,0,5,0,73604,0.68,14721
전북,남원시,치과보존과,15,0,15,0,73604,2.04,4907
전북,남원시,치과보철과,15,0,15,0,73604,2.04,4907
전북,남원시,치주과,15,0,15,0,73604,2.04,4907
전북,남원시,침구과,18,0,18,0,73604,2.45,4089
전북,남원시,통합치의학과,19,5,14,5,73604,2.58,3874
전북,남원시,피부과,20,1,19,1,73604,2.72,3680
전북,남원시,한방내과,29,1,28,1,73604,3.94,2538
전북,남원시,한방부인과,16,0,16,0,73604,2.17,4600
전북,남원시,한방소아과,16,0,16,0,73604,2.17,4600
전북,남원시,한방신경정신과,16,0,16,0,73604,2.17,4600
전북,남원시,한방안·이비인후·피부과,15,0,15,0,73604,2.04,4907
전북,남원시,한방응급,6,0,6,0,73604,0.82,12267
전북,남원시,한방재활의학과,15,0,15,0,73604,2.04,4907
전북,무주군,가정의학과,2,1,1,1,23455,0.85,11728
전북,무주군,구강내과,4,0,4,0,23455,1.71,5864
전북,무주군,구강병리과,3,0,3,0,23455,1.28,7818
전북,무주군,구강악안면외과,4,0,4,0,23455,1.71,5864
전북,무주군,내과,8,2,6,3,23455,3.41,2932
전북,무주군,마취통증의학과,1,1,0,1,23455,0.43,23455
전북,무주군,비뇨의학과,2,0,2,0,23455,0.85,11728
전북,무주군,사상체질과,4,0,4,0,23455,1.71,5864
전북,무주군,성형외과,1,0,1,0,23455,0.43,23455
전북,무주군,소아청소년과,9,2,7,2,23455,3.84,2606
전북,무주군,소아치과,4,0,4,0,23455,1.71,5864
전북,무주군,신경외과,3,2,1,2,23455,1.28,7818
전북,무주군,심장혈관흉부외과,1,0,1,0,23455,0.43,23455
전북,무주군,안과,3,1,2,1,23455,1.28,7818
전북,무주군,영상의학과,1,0,1,0,23455,0.43,23455
전북,무주군,영상치의학과,4,0,4,0,23455,1.71,5864
전북,무주군,예방치과,3,0,3,0,23455,1.28,7818
전북,무주군,외과,6,2,4,2,23455,2.56,3909
전북,무주군,이비인후과,5,0,5,0,23455,2.13,4691
전북,무주군,정형외과,6,0,6,0,23455,2.56,3909
전북,무주군,치과교정과,3,0,3,0,23455,1.28,7818
전북,무주군,치과보존과,5,0,5,0,23455,2.13,4691
전북,무주군,치과보철과,4,0,4,0,23455,1.71,5864
전북,무주군,치주과,4,0,4,0,23455,1.71,5864
전북,무주군,침구과,8,0,8,0,23455,3.41,2932
전북,무주군,통합치의학과,5,2,3,2,23455,2.13,4691
전북,무주군,피부과,5,0,5,0,23455,2.13,4691
전북,무주군,한방내과,7,0,7,0,23455,2.98,3351
전북,무주군,한방부인과,7,0,7,0,23455,2.98,3351
전북,무주군,한방소아과,7,0,7,0,23455,2.98,3351
전북,무주군,한방신경정신과,6,0,6,0,23455,2.56,3909
전북,무주군,한방안·이비인후·피부과,5,0,5,0,23455,2.13,4691
전북,무주군,한방응급,2,0,2,0,23455,0.85,11728
전북,무주군,한방재활의학과,4,0,4,0,23455,1.71,5864
전북,부안군,가정의학과,8,4,4,4,46952,1.7,5869
전북,부안군,구강내과,13,0,13,0,46952,2.77,3612
전북,부안군,구강병리과,2,0,2,0,46952,0.43,23476
전북,부안군,구강악안면외과,13,0,13,0,46952,2.77,3612
전북,부안군,내과,17,6,11,10,46952,3.62,2762
전북,부안군,마취통증의학과,6,1,5,1,46952,1.28,7825
전북,부안군,비뇨의학과,3,1,2,1,46952,0.64,15651
전북,부안군,사상체질과,7,0,7,0,46952,1.49,6707
전북,부안군,산부인과,2,2,0,2,46952,0.43,23476
전북,부안군,소아청소년과,5,1,4,2,46952,1.06,9390
전북,부안군,소아치과,14,0,14,0,46952,2.98,3354
전북,부안군,신경과,5,0,5,0,46952,1.06,9390
전북,부안군,신경외과,9,3,6,3,46952,1.92,5217
전북,부안군,심장혈관흉부외과,1,1,0,1,46952,0.21,46952
전북,부안군,안과,2,1,1,1,46952,0.43,23476
전북,부안군,영상의학과,4,3,1,3,46952,0.85,11738
전북,부안군,영상치의학과,10,0,10,0,46952,2.13,4695
전북,부안군,예방치과,13,0,13,0,46952,2.77,3612
전북,부안군,외과,7,5,2,6,46952,1.49,6707
전북,부안군,응급의학과,1,1,0,1,46952,0.21,46952
전북,부안군,이비인후과,6,2,4,2,46952,1.28,7825
전북,부안군,재활의학과,2,1,1,1,46952,0.43,23476
전북,부안군,정신건강의학과,2,1,1,1,46952,0.43,23476
전북,부안군,정형외과,9,5,4,6,46952,1.92,5217
전북,부안군,진단검사의학과,2,1,1,1,46952,0.43,23476
전북,부안군,치과교정과,7,0,7,0,46952,1.49,6707
전북,부안군,치과보존과,17,0,17,0,46952,3.62,2762
전북,부안군,치과보철과,16,0,16,0,46952,3.41,2934
전북,부안군,치주과,17,2,15,2,46952,3.62,2762
전북,부안군,침구과,12,0,12,0,46952,2.56,3913
전북,부안군,통합치의학과,6,0,6,0,46952,1.28,7825
전북,부안군,피부과,5,0,5,0,46952,1.06,9390
전북,부안군,한방내과,17,0,17,0,46952,3.62,2762
전북,부안군,한방부인과,10,0,10,0,46952,2.13,4695
전북,부안군,한방소아과,10,1,9,1,46952,2.13,4695
전북,부안군,한방신경정신과,9,0,9,0,46952,1.92,5217
전북,부안군,한방안·이비인후·피부과,9,1,8,1,46952,1.92,5217
전북,부안군,한방응급,1,0,1,0,46952,0.21,46952
전북,부안군,한방재활의학과,10,0,10,0,46952,2.13,4695
전북,순창군,가정의학과,11,3,8,4,27654,3.98,2514
전북,순창군,구강내과,6,0,6,0,27654,2.17,4609
전북,순창군,구강병리과,3,0,3,0,27654,1.08,9218
전북,순창군,구강악안면외과,4,0,4,0,27654,1.45,6914
전북,순창군,내과,16,4,12,4,27654,5.79,1728
전북,순창군,마취통증의학과,6,0,6,0,27654,2.17,4609
전북,순창군,비뇨의학과,4,0,4,0,27654,1.45,6914
전북,순창군,사상체질과,4,0,4,0,27654,1.45,6914
전북,순창군,산부인과,1,1,0,1,27654,0.36,27654
전북,순창군,성형외과,2,0,2,0,27654,0.72,13827
전북,순창군,소아청소년과,10,0,10,0,27654,3.62,2765
전북,순창군,소아치과,6,0,6,0,27654,2.17,4609
전북,순창군,신경과,5,0,5,0,27654,1.81,5531
전북,순창군,신경외과,5,0,5,0,27654,1.81,5531
전북,순창군,심장혈관흉부외과,4,1,3,1,27654,1.45,6914
전북,순창군,안과,6,2,4,2,27654,2.17,4609
전북,순창군,영상의학과,1,0,1,0,27654,0.36,27654
전북,순창군,영상치의학과,3,0,3,0,27654,1.08,9218
전북,순창군,예방치과,4,0,4,0,27654,1.45,6914
전북,순창군,외과,9,1,8,1,27654,3.25,3073
전북,순창군,응급의학과,1,1,0,1,27654,0.36,27654
전북,순창군,이비인후과,7,1,6,1,27654,2.53,3951
전북,순창군,재활의학과,3,1,2,1,27654,1.08,9218
전북,순창군,정신건강의학과,3,1,2,1,27654,1.08,9218
전북,순창군,정형외과,7,2,5,2,27654,2.53,3951
전북,순창군,진단검사의학과,1,0,1,0,27654,0.36,27654
전북,순창군,치과교정과,5,0,5,0,27654,1.81,5531
전북,순창군,치과보존과,6,0,6,0,27654,2.17,4609
전북,순창군,치과보철과,6,0,6,0,27654,2.17,4609
전북,순창군,치주과,7,1,6,1,27654,2.53,3951
전북,순창군,침구과,8,0,8,0,27654,2.89,3457
전북,순창군,통합치의학과,5,2,3,2,27654,1.81,5531
전북,순창군,피부과,7,0,7,0,27654,2.53,3951
전북,순창군,한방내과,10,0,10,0,27654,3.62,2765
전북,순창군,한방부인과,7,0,7,0,27654,2.53,3951
전북,순창군,한방소아과,7,0,7,0,27654,2.53,3951
전북,순창군,한방신경정신과,6,0,6,0,27654,2.17,4609
전북,순창군,한방안·이비인후·피부과,7,0,7,0,27654,2.53,3951
전북,순창군,한방재활의학과,4,0,4,0,27654,1.45,6914
전북,완주군,가정의학과,26,14,12,14,100642,2.58,3871
전북,완주군,구강내과,16,0,16,0,100642,1.59,6290
전북,완주군,구강병리과,10,0,10,0,100642,0.99,10064
전북,완주군,구강악안면외과,19,1,18,1,100642,1.89,5297
전북,완주군,내과,41,11,30,12,100642,4.07,2455
전북,완주군,마취통증의학과,14,3,11,4,100642,1.39,7189
전북,완주군,비뇨의학과,17,0,17,0,100642,1.69,5920
전북,완주군,사상체질과,10,0,10,0,100642,0.99,10064
전북,완주군,산부인과,6,1,5,1,100642,0.6,16774
전북,완주군,성형외과,1,1,0,1,100642,0.1,100642
전북,완주군,소아청소년과,28,7,21,11,100642,2.78,3594
전북,완주군,소아치과,18,0,18,0,100642,1.79,5591
전북,완주군,신경과,13,0,13,0,100642,1.29,7742
전북,완주군,신경외과,12,2,10,2,100642,1.19,8387
전북,완주군,심장혈관흉부외과,1,0,1,0,100642,0.1,100642
전북,완주군,안과,7,1,6,1,100642,0.7,14377
전북,완주군,영상의학과,3,0,3,0,100642,0.3,33547
전북,완주군,영상치의학과,15,0,15,0,100642,1.49,6709
전북,완주군,예방치과,17,0,17,0,100642,1.69,5920
전북,완주군,외과,15,3,12,5,100642,1.49,6709
전북,완주군,응급의학과,1,0,1,0,100642,0.1,100642
전북,완주군,이비인후과,26,2,24,2,100642,2.58,3871
전북,완주군,재활의학과,8,2,6,2,100642,0.79,12580
전북,완주군,정신건강의학과,4,4,0,16,100642,0.4,25160
전북,완주군,정형외과,24,4,20,5,100642,2.38,4193
전북,완주군,직업환경의학과,1,0,1,0,100642,0.1,100642
전북,완주군,치과교정과,12,0,12,0,100642,1.19,8387
전북,완주군,치과보존과,18,0,18,0,100642,1.79,5591
전북,완주군,치과보철과,18,2,16,2,100642,1.79,5591
전북,완주군,치주과,17,1,16,1,100642,1.69,5920
전북,완주군,침구과,24,0,24,0,100642,2.38,4193
전북,완주군,통합치의학과,10,3,7,3,100642,0.99,10064
전북,완주군,피부과,32,1,31,1,100642,3.18,3145
전북,완주군,한방내과,26,1,25,1,100642,2.58,3871
전북,완주군,한방부인과,19,2,17,2,100642,1.89,5297
전북,완주군,한방소아과,18,0,18,0,100642,1.79,5591
전북,완주군,한방신경정신과,16,0,16,0,100642,1.59,6290
전북,완주군,한방안·이비인후·피부과,18,0,18,0,100642,1.79,5591
전북,완주군,한방응급,1,0,1,0,100642,0.1,100642
전북,완주군,한방재활의학과,16,0,16,0,100642,1.59,6290
전북,익산시,가정의학과,50,18,32,22,266639,1.88,5333
전북,익산시,결핵과,1,0,1,0,266639,0.04,266639
전북,익산시,구강내과,81,1,80,2,266639,3.04,3292
전북,익산시,구강병리과,35,0,35,0,266639,1.31,7618
전북,익산시,구강악안면외과,88,4,84,5,266639,3.3,3030
전북,익산시,내과,122,50,72,104,266639,4.58,2186
전북,익산시,마취통증의학과,38,14,24,21,266639,1.43,7017
전북,익산시,방사선종양학과,2,1,1,3,266639,0.08,133320
전북,익산시,병리과,2,1,1,3,266639,0.08,133320
전북,익산시,비뇨의학과,48,7,41,11,266639,1.8,5555
전북,익산시,사상체질과,78,0,78,0,266639,2.93,3418
전북,익산시,산부인과,21,14,7,26,266639,0.79,12697
전북,익산시,성형외과,12,5,7,7,266639,0.45,22220
전북,익산시,소아청소년과,78,14,64,29,266639,2.93,3418
전북,익산시,소아치과,84,3,81,4,266639,3.15,3174
전북,익산시,신경과,31,6,25,14,266639,1.16,8601
전북,익산시,신경외과,49,10,39,18,266639,1.84,5442
전북,익산시,심장혈관흉부외과,6,3,3,7,266639,0.23,44440
전북,익산시,안과,22,7,15,12,266639,0.83,12120
전북,익산시,영상의학과,18,10,8,25,266639,0.68,14813
전북,익산시,영상치의학과,72,1,71,2,266639,2.7,3703
전북,익산시,예방의학과,3,0,3,0,266639,0.11,88880
전북,익산시,예방치과,79,0,79,0,266639,2.96,3375
전북,익산시,외과,52,18,34,38,266639,1.95,5128
전북,익산시,응급의학과,8,3,5,22,266639,0.3,33330
전북,익산시,이비인후과,67,13,54,15,266639,2.51,3980
전북,익산시,재활의학과,32,8,24,11,266639,1.2,8332
전북,익산시,정신건강의학과,17,11,6,16,266639,0.64,15685
전북,익산시,정형외과,73,23,50,37,266639,2.74,3653
전북,익산시,직업환경의학과,2,2,0,4,266639,0.08,133320
전북,익산시,진단검사의학과,6,2,4,6,266639,0.23,44440
전북,익산시,치과교정과,48,2,46,4,266639,1.8,5555
전북,익산시,치과보존과,90,1,89,3,266639,3.38,2963
전북,익산시,치과보철과,89,3,86,4,266639,3.34,2996
전북,익산시,치주과,89,3,86,5,266639,3.34,2996
전북,익산시,침구과,87,4,83,4,266639,3.26,3065
전북,익산시,통합치의학과,58,9,49,10,266639,2.18,4597
전북,익산시,피부과,70,7,63,12,266639,2.63,3809
전북,익산시,한방내과,89,6,83,8,266639,3.34,2996
전북,익산시,한방부인과,84,1,83,1,266639,3.15,3174
전북,익산시,한방소아과,81,1,80,1,266639,3.04,3292
전북,익산시,한방신경정신과,81,1,80,1,266639,3.04,3292
전북,익산시,한방안·이비인후·피부과,82,1,81,1,266639,3.08,3252
전북,익산시,한방응급,51,0,51,0,266639,1.91,5228
전북,익산시,한방재활의학과,82,3,79,3,266639,3.08,3252
전북,익산시,핵의학과,1,1,0,3,266639,0.04,266639
전북,임실군,가정의학과,11,8,3,9,25290,4.35,2299
전북,임실군,결핵과,1,0,1,0,25290,0.4,25290
전북,임실군,구강내과,2,0,2,0,25290,0.79,12645
전북,임실군,구강병리과,1,0,1,0,25290,0.4,25290
전북,임실군,구강악안면외과,3,0,3,0,25290,1.19,8430
전북,임실군,내과,13,5,8,5,25290,5.14,1945
전북,임실군,마취통증의학과,3,0,3,0,25290,1.19,8430
전북,임실군,비뇨의학과,6,0,6,0,25290,2.37,4215
전북,임실군,사상체질과,3,0,3,0,25290,1.19,8430
전북,임실군,산부인과,3,0,3,0,25290,1.19,8430
전북,임실군,성형외과,2,0,2,0,25290,0.79,12645
전북,임실군,소아청소년과,6,0,6,0,25290,2.37,4215
전북,임실군,소아치과,4,0,4,0,25290,1.58,6322
전북,임실군,신경과,3,0,3,0,25290,1.19,8430
전북,임실군,신경외과,6,0,6,0,25290,2.37,4215
전북,임실군,심장혈관흉부외과,2,0,2,0,25290,0.79,12645
전북,임실군,안과,4,0,4,0,25290,1.58,6322
전북,임실군,영상의학과,2,0,2,0,25290,0.79,12645
전북,임실군,영상치의학과,3,0,3,0,25290,1.19,8430
전북,임실군,예방의학과,1,0,1,0,25290,0.4,25290
전북,임실군,예방치과,3,0,3,0,25290,1.19,8430
전북,임실군,외과,8,2,6,2,25290,3.16,3161
전북,임실군,응급의학과,1,0,1,0,25290,0.4,25290
전북,임실군,이비인후과,4,0,4,0,25290,1.58,6322
전북,임실군,재활의학과,2,0,2,0,25290,0.79,12645
전북,임실군,정신건강의학과,4,1,3,1,25290,1.58,6322
전북,임실군,정형외과,8,2,6,2,25290,3.16,3161
전북,임실군,진단검사의학과,2,0,2,0,25290,0.79,12645
전북,임실군,치과교정과,1,0,1,0,25290,0.4,25290
전북,임실군,치과보존과,5,0,5,0,25290,1.98,5058
전북,임실군,치과보철과,4,0,4,0,25290,1.58,6322
전북,임실군,치주과,5,0,5,0,25290,1.98,5058
전북,임실군,침구과,5,0,5,0,25290,1.98,5058
전북,임실군,통합치의학과,5,0,5,0,25290,1.98,5058
전북,임실군,피부과,8,0,8,0,25290,3.16,3161
전북,임실군,한방내과,10,0,10,0,25290,3.95,2529
전북,임실군,한방부인과,5,0,5,0,25290,1.98,5058
전북,임실군,한방소아과,5,0,5,0,25290,1.98,5058
전북,임실군,한방신경정신과,4,0,4,0,25290,1.58,6322
전북,임실군,한방안·이비인후·피부과,6,0,6,0,25290,2.37,4215
전북,임실군,한방재활의학과,4,0,4,0,25290,1.58,6322
전북,장수군,가정의학과,4,3,1,3,21184,1.89,5296
전북,장수군,구강내과,4,0,4,0,21184,1.89,5296
전북,장수군,구강악안면외과,5,0,5,0,21184,2.36,4237
전북,장수군,내과,7,3,4,3,21184,3.3,3026
전북,장수군,마취통증의학과,1,0,1,0,21184,0.47,21184
전북,장수군,비뇨의학과,2,0,2,0,21184,0.94,10592
전북,장수군,사상체질과,3,0,3,0,21184,1.42,7061
전북,장수군,소아청소년과,4,0,4,0,21184,1.89,5296
전북,장수군,소아치과,3,0,3,0,21184,1.42,7061
전북,장수군,신경외과,2,0,2,0,21184,0.94,10592
전북,장수군,영상치의학과,1,0,1,0,21184,0.47,21184
전북,장수군,예방치과,4,0,4,0,21184,1.89,5296
전북,장수군,외과,3,2,1,2,21184,1.42,7061
전북,장수군,응급의학과,1,0,1,0,21184,0.47,21184
전북,장수군,이비인후과,4,0,4,0,21184,1.89,5296
전북,장수군,재활의학과,1,0,1,0,21184,0.47,21184
전북,장수군,정형외과,4,0,4,0,21184,1.89,5296
전북,장수군,치과교정과,4,0,4,0,21184,1.89,5296
전북,장수군,치과보존과,3,0,3,0,21184,1.42,7061
전북,장수군,치과보철과,5,0,5,0,21184,2.36,4237
전북,장수군,치주과,3,0,3,0,21184,1.42,7061
전북,장수군,침구과,4,0,4,0,21184,1.89,5296
전북,장수군,피부과,4,0,4,0,21184,1.89,5296
전북,장수군,한방내과,6,0,6,0,21184,2.83,3531
전북,장수군,한방부인과,4,0,4,0,21184,1.89,5296
전북,장수군,한방소아과,3,0,3,0,21184,1.42,7061
전북,장수군,한방신경정신과,4,0,4,0,21184,1.89,5296
전북,장수군,한방안·이비인후·피부과,4,0,4,0,21184,1.89,5296
전북,장수군,한방응급,1,0,1,0,21184,0.47,21184
전북,장수군,한방재활의학과,3,0,3,0,21184,1.42,7061
전북,전주덕진구,가정의학과,83,30,53,39,306418,2.71,3692
전북,전주덕진구,결핵과,2,0,2,0,306418,0.07,153209
전북,전주덕진구,구강내과,57,2,55,6,306418,1.86,5376
전북,전주덕진구,구강병리과,25,0,25,0,306418,0.82,12257
전북,전주덕진구,구강악안면외과,60,11,49,15,306418,1.96,5107
전북,전주덕진구,내과,153,69,84,177,306418,4.99,2003
전북,전주덕진구,마취통증의학과,40,24,16,43,306418,1.31,7660
전북,전주덕진구,방사선종양학과,1,1,0,2,306418,0.03,306418
전북,전주덕진구,병리과,5,4,1,13,306418,0.16,61284
전북,전주덕진구,비뇨의학과,50,12,38,17,306418,1.63,6128
전북,전주덕진구,사상체질과,92,3,89,3,306418,3.0,3331
전북,전주덕진구,산부인과,28,22,6,45,306418,0.91,10944
전북,전주덕진구,성형외과,13,3,10,10,306418,0.42,23571
전북,전주덕진구,소아청소년과,88,25,63,53,306418,2.87,3482
전북,전주덕진구,소아치과,65,3,62,6,306418,2.12,4714
전북,전주덕진구,신경과,42,11,31,26,306418,1.37,7296
전북,전주덕진구,신경외과,51,11,40,24,306418,1.66,6008
전북,전주덕진구,심장혈관흉부외과,12,5,7,9,306418,0.39,25535
전북,전주덕진구,안과,34,12,22,28,306418,1.11,9012
전북,전주덕진구,영상의학과,22,10,12,34,306418,0.72,13928
전북,전주덕진구,영상치의학과,46,1,45,3,306418,1.5,6661
전북,전주덕진구,예방의학과,3,0,3,0,306418,0.1,102139
전북,전주덕진구,예방치과,100,0,100,0,306418,3.26,3064
전북,전주덕진구,외과,57,17,40,48,306418,1.86,5376
전북,전주덕진구,응급의학과,8,4,4,24,306418,0.26,38302
전북,전주덕진구,이비인후과,77,20,57,26,306418,2.51,3979
전북,전주덕진구,재활의학과,32,10,22,17,306418,1.04,9576
전북,전주덕진구,정신건강의학과,27,16,11,24,306418,0.88,11349
전북,전주덕진구,정형외과,66,26,40,55,306418,2.15,4643
전북,전주덕진구,직업환경의학과,2,2,0,7,306418,0.07,153209
전북,전주덕진구,진단검사의학과,10,4,6,10,306418,0.33,30642
전북,전주덕진구,치과교정과,45,7,38,9,306418,1.47,6809
전북,전주덕진구,치과보존과,64,4,60,7,306418,2.09,4788
전북,전주덕진구,치과보철과,68,6,62,11,306418,2.22,4506
전북,전주덕진구,치주과,65,3,62,6,306418,2.12,4714
전북,전주덕진구,침구과,108,6,102,6,306418,3.52,2837
전북,전주덕진구,통합치의학과,40,14,26,15,306418,1.31,7660
전북,전주덕진구,피부과,97,12,85,17,306418,3.17,3159
전북,전주덕진구,한방내과,112,12,100,13,306418,3.66,2736
전북,전주덕진구,한방부인과,100,3,97,3,306418,3.26,3064
전북,전주덕진구,한방소아과,95,1,94,1,306418,3.1,3225
전북,전주덕진구,한방신경정신과,95,3,92,3,306418,3.1,3225
전북,전주덕진구,한방안·이비인후·피부과,96,0,96,0,306418,3.13,3192
전북,전주덕진구,한방응급,2,0,2,0,306418,0.07,153209
전북,전주덕진구,한방재활의학과,101,6,95,7,306418,3.3,3034
전북,전주덕진구,핵의학과,2,2,0,5,306418,0.07,153209
전북,전주완산구,가정의학과,103,53,50,74,312490,3.3,3034
전북,전주완산구,결핵과,2,0,2,0,312490,0.06,156245
전북,전주완산구,구강내과,68,1,67,1,312490,2.18,4595
전북,전주완산구,구강병리과,26,0,26,0,312490,0.83,12019
전북,전주완산구,구강악안면외과,67,5,62,5,312490,2.14,4664
전북,전주완산구,내과,171,74,97,147,312490,5.47,1827
전북,전주완산구,마취통증의학과,65,29,36,38,312490,2.08,4808
전북,전주완산구,방사선종양학과,2,1,1,2,312490,0.06,156245
전북,전주완산구,병리과,3,2,1,4,312490,0.1,104163
전북,전주완산구,비뇨의학과,52,12,40,16,312490,1.66,6009
전북,전주완산구,사상체질과,130,5,125,6,312490,4.16,2404
전북,전주완산구,산부인과,30,22,8,36,312490,0.96,10416
전북,전주완산구,성형외과,45,18,27,19,312490,1.44,6944
전북,전주완산구,소아청소년과,78,20,58,40,312490,2.5,4006
전북,전주완산구,소아치과,65,7,58,7,312490,2.08,4808
전북,전주완산구,신경과,49,11,38,14,312490,1.57,6377
전북,전주완산구,신경외과,63,17,46,27,312490,2.02,4960
전북,전주완산구,심장혈관흉부외과,4,4,0,4,312490,0.13,78122
전북,전주완산구,안과,31,16,15,26,312490,0.99,10080
전북,전주완산구,영상의학과,26,18,8,30,312490,0.83,12019
전북,전주완산구,영상치의학과,49,0,49,0,312490,1.57,6377
전북,전주완산구,예방의학과,1,0,1,0,312490,0.03,312490
전북,전주완산구,예방치과,131,0,131,0,312490,4.19,2385
전북,전주완산구,외과,69,33,36,59,312490,2.21,4529
전북,전주완산구,응급의학과,6,5,1,26,312490,0.19,52082
전북,전주완산구,이비인후과,78,19,59,32,312490,2.5,4006
전북,전주완산구,재활의학과,54,14,40,27,312490,1.73,5787
전북,전주완산구,정신건강의학과,30,21,9,27,312490,0.96,10416
전북,전주완산구,정형외과,99,31,68,54,312490,3.17,3156
전북,전주완산구,직업환경의학과,1,1,0,2,312490,0.03,312490
전북,전주완산구,진단검사의학과,7,2,5,5,312490,0.22,44641
전북,전주완산구,치과교정과,50,11,39,12,312490,1.6,6250
전북,전주완산구,치과보존과,74,6,68,6,312490,2.37,4223
전북,전주완산구,치과보철과,76,6,70,6,312490,2.43,4112
전북,전주완산구,치주과,77,9,68,9,312490,2.46,4058
전북,전주완산구,침구과,142,8,134,11,312490,4.54,2201
전북,전주완산구,통합치의학과,45,19,26,27,312490,1.44,6944
전북,전주완산구,피부과,122,13,109,17,312490,3.9,2561
전북,전주완산구,한방내과,151,12,139,15,312490,4.83,2069
전북,전주완산구,한방부인과,138,4,134,4,312490,4.42,2264
전북,전주완산구,한방소아과,136,2,134,2,312490,4.35,2298
전북,전주완산구,한방신경정신과,134,2,132,2,312490,4.29,2332
전북,전주완산구,한방안·이비인후·피부과,138,2,136,2,312490,4.42,2264
전북,전주완산구,한방응급,5,0,5,0,312490,0.16,62498
전북,전주완산구,한방재활의학과,135,6,129,6,312490,4.32,2315
전북,전주완산구,핵의학과,1,1,0,2,312490,0.03,312490
전북,정읍시,가정의학과,24,13,11,18,100580,2.39,4191
전북,정읍시,구강내과,15,0,15,0,100580,1.49,6705
전북,정읍시,구강병리과,9,0,9,0,100580,0.89,11176
전북,정읍시,구강악안면외과,31,1,30,1,100580,3.08,3245
전북,정읍시,내과,53,16,37,26,100580,5.27,1898
전북,정읍시,마취통증의학과,16,9,7,10,100580,1.59,6286
전북,정읍시,병리과,2,1,1,1,100580,0.2,50290
전북,정읍시,비뇨의학과,24,5,19,5,100580,2.39,4191
전북,정읍시,사상체질과,13,1,12,1,100580,1.29,7737
전북,정읍시,산부인과,13,8,5,9,100580,1.29,7737
전북,정읍시,성형외과,3,0,3,0,100580,0.3,33527
전북,정읍시,소아청소년과,33,5,28,7,100580,3.28,3048
전북,정읍시,소아치과,26,0,26,0,100580,2.59,3868
전북,정읍시,신경과,13,3,10,3,100580,1.29,7737
전북,정읍시,신경외과,23,7,16,8,100580,2.29,4373
전북,정읍시,심장혈관흉부외과,3,1,2,1,100580,0.3,33527
전북,정읍시,안과,9,3,6,3,100580,0.89,11176
전북,정읍시,영상의학과,5,3,2,5,100580,0.5,20116
전북,정읍시,영상치의학과,17,0,17,0,100580,1.69,5916
전북,정읍시,예방치과,15,0,15,0,100580,1.49,6705
전북,정읍시,외과,26,8,18,12,100580,2.59,3868
전북,정읍시,응급의학과,2,0,2,0,100580,0.2,50290
전북,정읍시,이비인후과,25,5,20,5,100580,2.49,4023
전북,정읍시,재활의학과,18,5,13,5,100580,1.79,5588
전북,정읍시,정신건강의학과,10,5,5,6,100580,0.99,10058
전북,정읍시,정형외과,39,10,29,11,100580,3.88,2579
전북,정읍시,직업환경의학과,1,1,0,1,100580,0.1,100580
전북,정읍시,진단검사의학과,2,1,1,1,100580,0.2,50290
전북,정읍시,치과교정과,18,0,18,0,100580,1.79,5588
전북,정읍시,치과보존과,23,0,23,0,100580,2.29,4373
전북,정읍시,치과보철과,33,2,31,2,100580,3.28,3048
전북,정읍시,치주과,28,0,28,0,100580,2.78,3592
전북,정읍시,침구과,32,0,32,0,100580,3.18,3143
전북,정읍시,통합치의학과,9,3,6,3,100580,0.89,11176
전북,정읍시,피부과,33,2,31,2,100580,3.28,3048
전북,정읍시,한방내과,34,2,32,2,100580,3.38,2958
전북,정읍시,한방부인과,30,0,30,0,100580,2.98,3353
전북,정읍시,한방소아과,29,0,29,0,100580,2.88,3468
전북,정읍시,한방신경정신과,24,1,23,1,100580,2.39,4191
전북,정읍시,한방안·이비인후·피부과,20,0,20,0,100580,1.99,5029
전북,정읍시,한방재활의학과,18,1,17,1,100580,1.79,5588
전북,진안군,가정의학과,5,4,1,4,24930,2.01,4986
전북,진안군,구강내과,2,0,2,0,24930,0.8,12465
전북,진안군,구강병리과,2,0,2,0,24930,0.8,12465
전북,진안군,구강악안면외과,3,0,3,0,24930,1.2,8310
전북,진안군,내과,11,2,9,3,24930,4.41,2266
전북,진안군,마취통증의학과,4,1,3,2,24930,1.6,6232
전북,진안군,비뇨의학과,2,0,2,0,24930,0.8,12465
전북,진안군,사상체질과,5,0,5,0,24930,2.01,4986
전북,진안군,산부인과,3,0,3,0,24930,1.2,8310
전북,진안군,소아청소년과,7,1,6,1,24930,2.81,3561
전북,진안군,소아치과,2,0,2,0,24930,0.8,12465
전북,진안군,신경과,2,1,1,1,24930,0.8,12465
전북,진안군,신경외과,4,0,4,0,24930,1.6,6232
전북,진안군,심장혈관흉부외과,1,1,0,1,24930,0.4,24930
전북,진안군,안과,2,1,1,1,24930,0.8,12465
전북,진안군,영상의학과,2,1,1,1,24930,0.8,12465
전북,진안군,영상치의학과,2,0,2,0,24930,0.8,12465
전북,진안군,예방치과,2,0,2,0,24930,0.8,12465
전북,진안군,외과,5,3,2,4,24930,2.01,4986
전북,진안군,응급의학과,1,0,1,0,24930,0.4,24930
전북,진안군,이비인후과,3,0,3,0,24930,1.2,8310
전북,진안군,정형외과,8,2,6,2,24930,3.21,3116
전북,진안군,치과교정과,2,0,2,0,24930,0.8,12465
전북,진안군,치과보존과,3,0,3,0,24930,1.2,8310
전북,진안군,치과보철과,5,0,5,0,24930,2.01,4986
전북,진안군,치주과,3,0,3,0,24930,1.2,8310
전북,진안군,침구과,5,0,5,0,24930,2.01,4986
전북,진안군,통합치의학과,1,1,0,1,24930,0.4,24930
전북,진안군,피부과,6,0,6,0,24930,2.41,4155
전북,진안군,한방내과,6,1,5,1,24930,2.41,4155
전북,진안군,한방부인과,5,0,5,0,24930,2.01,4986
전북,진안군,한방소아과,5,0,5,0,24930,2.01,4986
전북,진안군,한방신경정신과,5,0,5,0,24930,2.01,4986
전북,진안군,한방안·이비인후·피부과,5,0,5,0,24930,2.01,4986
전북,진안군,한방재활의학과,5,0,5,0,24930,2.01,4986
제주,서귀포시,가정의학과,32,15,17,18,178532,1.79,5579
제주,서귀포시,구강내과,34,0,34,0,178532,1.9,5251
제주,서귀포시,구강병리과,19,0,19,0,178532,1.06,9396
제주,서귀포시,구강악안면외과,36,0,36,0,178532,2.02,4959
제주,서귀포시,내과,85,19,66,28,178532,4.76,2100
제주,서귀포시,마취통증의학과,37,14,23,17,178532,2.07,4825
제주,서귀포시,병리과,2,1,1,1,178532,0.11,89266
제주,서귀포시,비뇨의학과,29,6,23,6,178532,1.62,6156
제주,서귀포시,사상체질과,39,0,39,0,178532,2.18,4578
제주,서귀포시,산부인과,13,10,3,12,178532,0.73,13733
제주,서귀포시,성형외과,11,4,7,4,178532,0.62,16230
제주,서귀포시,소아청소년과,53,8,45,10,178532,2.97,3369
제주,서귀포시,소아치과,36,1,35,1,178532,2.02,4959
제주,서귀포시,신경과,35,2,33,2,178532,1.96,5101
제주,서귀포시,신경외과,37,4,33,5,178532,2.07,4825
제주,서귀포시,심장혈관흉부외과,4,1,3,1,178532,0.22,44633
제주,서귀포시,안과,20,5,15,5,178532,1.12,8927
제주,서귀포시,영상의학과,16,4,12,5,178532,0.9,11158
제주,서귀포시,영상치의학과,30,0,30,0,178532,1.68,5951
제주,서귀포시,예방의학과,4,0,4,0,178532,0.22,44633
제주,서귀포시,예방치과,36,0,36,0,178532,2.02,4959
제주,서귀포시,외과,38,8,30,10,178532,2.13,4698
제주,서귀포시,응급의학과,7,3,4,9,178532,0.39,25505
제주,서귀포시,이비인후과,48,8,40,11,178532,2.69,3719
제주,서귀포시,재활의학과,28,6,22,8,178532,1.57,6376
제주,서귀포시,정신건강의학과,17,4,13,5,178532,0.95,10502
제주,서귀포시,정형외과,54,12,42,17,178532,3.02,3306
제주,서귀포시,직업환경의학과,2,1,1,1,178532,0.11,89266
제주,서귀포시,진단검사의학과,4,1,3,1,178532,0.22,44633
제주,서귀포시,치과,1,0,1,0,178532,0.06,178532
제주,서귀포시,치과교정과,34,2,32,2,178532,1.9,5251
제주,서귀포시,치과보존과,40,1,39,1,178532,2.24,4463
제주,서귀포시,치과보철과,51,1,50,1,178532,2.86,3501
제주,서귀포시,치주과,40,1,39,1,178532,2.24,4463
제주,서귀포시,침구과,54,1,53,1,178532,3.02,3306
제주,서귀포시,통합치의학과,19,7,12,8,178532,1.06,9396
제주,서귀포시,피부과,59,2,57,2,178532,3.3,3026
제주,서귀포시,한방내과,56,3,53,3,178532,3.14,3188
제주,서귀포시,한방부인과,53,0,53,0,178532,2.97,3369
제주,서귀포시,한방소아과,53,0,53,0,178532,2.97,3369
제주,서귀포시,한방신경정신과,49,0,49,0,178532,2.74,3644
제주,서귀포시,한방안·이비인후·피부과,51,1,50,1,178532,2.86,3501
제주,서귀포시,한방재활의학과,44,0,44,0,178532,2.46,4058
제주,제주시,가정의학과,108,43,65,58,484149,2.23,4483
제주,제주시,결핵과,2,1,1,1,484149,0.04,242074
제주,제주시,구강내과,110,0,110,0,484149,2.27,4401
제주,제주시,구강병리과,43,0,43,0,484149,0.89,11259
제주,제주시,구강악안면외과,119,5,114,6,484149,2.46,4068
제주,제주시,내과,208,59,149,147,484149,4.3,2328
제주,제주시,마취통증의학과,78,25,53,39,484149,1.61,6207
제주,제주시,방사선종양학과,2,2,0,4,484149,0.04,242074
제주,제주시,병리과,5,2,3,7,484149,0.1,96830
제주,제주시,비뇨의학과,59,17,42,22,484149,1.22,8206
제주,제주시,사상체질과,107,0,107,0,484149,2.21,4525
제주,제주시,산부인과,38,30,8,48,484149,0.78,12741
제주,제주시,성형외과,46,17,29,20,484149,0.95,10525
제주,제주시,소아청소년과,142,38,104,57,484149,2.93,3410
제주,제주시,소아치과,117,7,110,7,484149,2.42,4138
제주,제주시,신경과,60,11,49,22,484149,1.24,8069
제주,제주시,신경외과,55,15,40,26,484149,1.14,8803
제주,제주시,심장혈관흉부외과,15,6,9,14,484149,0.31,32277
제주,제주시,안과,36,21,15,36,484149,0.74,13449
제주,제주시,영상의학과,19,11,8,31,484149,0.39,25482
제주,제주시,영상치의학과,97,0,97,0,484149,2.0,4991
제주,제주시,예방치과,115,0,115,0,484149,2.38,4210
제주,제주시,외과,86,31,55,62,484149,1.78,5630
제주,제주시,응급의학과,12,9,3,40,484149,0.25,40346
제주,제주시,이비인후과,120,27,93,40,484149,2.48,4035
제주,제주시,재활의학과,59,19,40,26,484149,1.22,8206
제주,제주시,정신건강의학과,44,29,15,38,484149,0.91,11003
제주,제주시,정형외과,119,43,76,61,484149,2.46,4068
제주,제주시,직업환경의학과,2,2,0,2,484149,0.04,242074
제주,제주시,진단검사의학과,11,6,5,8,484149,0.23,44014
제주,제주시,치과,35,0,35,0,484149,0.72,13833
제주,제주시,치과교정과,85,9,76,9,484149,1.76,5696
제주,제주시,치과보존과,132,2,130,2,484149,2.73,3668
제주,제주시,치과보철과,130,6,124,6,484149,2.69,3724
제주,제주시,치주과,131,5,126,5,484149,2.71,3696
제주,제주시,침구과,138,5,133,5,484149,2.85,3508
제주,제주시,통합치의학과,71,26,45,28,484149,1.47,6819
제주,제주시,피부과,150,12,138,18,484149,3.1,3228
제주,제주시,한방내과,149,6,143,6,484149,3.08,3249
제주,제주시,한방부인과,138,1,137,1,484149,2.85,3508
제주,제주시,한방소아과,133,0,133,0,484149,2.75,3640
제주,제주시,한방신경정신과,129,1,128,1,484149,2.66,3753
제주,제주시,한방안·이비인후·피부과,135,1,134,1,484149,2.79,3586
제주,제주시,한방응급,7,0,7,0,484149,0.14,69164
제주,제주시,한방재활의학과,117,0,117,0,484149,2.42,4138
제주,제주시,핵의학과,3,2,1,3,484149,0.06,161383
충남,계룡시,가정의학과,9,4,5,4,45937,1.96,5104
충남,계룡시,구강내과,9,0,9,0,45937,1.96,5104
충남,계룡시,구강병리과,5,0,5,0,45937,1.09,9187
충남,계룡시,구강악안면외과,8,1,7,1,45937,1.74,5742
충남,계룡시,내과,17,5,12,5,45937,3.7,2702
충남,계룡시,마취통증의학과,4,3,1,3,45937,0.87,11484
충남,계룡시,비뇨의학과,12,1,11,1,45937,2.61,3828
충남,계룡시,사상체질과,8,0,8,0,45937,1.74,5742
충남,계룡시,산부인과,2,1,1,1,45937,0.44,22968
충남,계룡시,성형외과,1,0,1,0,45937,0.22,45937
충남,계룡시,소아청소년과,13,2,11,2,45937,2.83,3534
충남,계룡시,소아치과,7,0,7,0,45937,1.52,6562
충남,계룡시,신경과,4,0,4,0,45937,0.87,11484
충남,계룡시,신경외과,5,1,4,2,45937,1.09,9187
충남,계룡시,안과,4,1,3,1,45937,0.87,11484
충남,계룡시,영상의학과,6,1,5,1,45937,1.31,7656
충남,계룡시,영상치의학과,7,0,7,0,45937,1.52,6562
충남,계룡시,예방의학과,1,0,1,0,45937,0.22,45937
충남,계룡시,예방치과,8,0,8,0,45937,1.74,5742
충남,계룡시,외과,6,1,5,1,45937,1.31,7656
충남,계룡시,응급의학과,1,0,1,0,45937,0.22,45937
충남,계룡시,이비인후과,13,3,10,3,45937,2.83,3534
충남,계룡시,재활의학과,7,0,7,0,45937,1.52,6562
충남,계룡시,정형외과,12,2,10,3,45937,2.61,3828
충남,계룡시,진단검사의학과,2,0,2,0,45937,0.44,22968
충남,계룡시,치과교정과,2,0,2,0,45937,0.44,22968
충남,계룡시,치과보존과,10,1,9,1,45937,2.18,4594
충남,계룡시,치과보철과,10,0,10,0,45937,2.18,4594
충남,계룡시,치주과,10,0,10,0,45937,2.18,4594
충남,계룡시,침구과,15,1,14,1,45937,3.27,3062
충남,계룡시,통합치의학과,9,1,8,1,45937,1.96,5104
충남,계룡시,피부과,16,1,15,1,45937,3.48,2871
충남,계룡시,한방내과,15,1,14,2,45937,3.27,3062
충남,계룡시,한방부인과,15,0,15,0,45937,3.27,3062
충남,계룡시,한방소아과,15,0,15,0,45937,3.27,3062
충남,계룡시,한방신경정신과,13,0,13,0,45937,2.83,3534
충남,계룡시,한방안·이비인후·피부과,15,0,15,0,45937,3.27,3062
충남,계룡시,한방응급,1,0,1,0,45937,0.22,45937
충남,계룡시,한방재활의학과,12,0,12,0,45937,2.61,3828
충남,계룡시,핵의학과,1,0,1,0,45937,0.22,45937
충남,공주시,가정의학과,14,9,5,9,99481,1.41,7106
충남,공주시,구강내과,15,0,15,0,99481,1.51,6632
충남,공주시,구강병리과,7,0,7,0,99481,0.7,14212
충남,공주시,구강악안면외과,17,0,17,0,99481,1.71,5852
충남,공주시,내과,35,17,18,25,99481,3.52,2842
충남,공주시,마취통증의학과,7,2,5,3,99481,0.7,14212
충남,공주시,비뇨의학과,11,6,5,6,99481,1.11,9044
충남,공주시,사상체질과,18,0,18,0,99481,1.81,5527
충남,공주시,산부인과,7,7,0,8,99481,0.7,14212
충남,공주시,소아청소년과,11,5,6,7,99481,1.11,9044
충남,공주시,소아치과,20,0,20,0,99481,2.01,4974
충남,공주시,신경과,11,3,8,4,99481,1.11,9044
충남,공주시,신경외과,8,4,4,6,99481,0.8,12435
충남,공주시,심장혈관흉부외과,4,3,1,3,99481,0.4,24870
충남,공주시,안과,7,4,3,5,99481,0.7,14212
충남,공주시,영상의학과,2,2,0,3,99481,0.2,49740
충남,공주시,영상치의학과,9,0,9,0,99481,0.9,11053
충남,공주시,예방치과,14,0,14,0,99481,1.41,7106
충남,공주시,외과,16,7,9,10,99481,1.61,6218
충남,공주시,응급의학과,1,0,1,0,99481,0.1,99481
충남,공주시,이비인후과,12,4,8,4,99481,1.21,8290
충남,공주시,재활의학과,7,2,5,2,99481,0.7,14212
충남,공주시,정신건강의학과,11,8,3,14,99481,1.11,9044
충남,공주시,정형외과,17,9,8,12,99481,1.71,5852
충남,공주시,진단검사의학과,1,1,0,1,99481,0.1,99481
충남,공주시,치과,2,0,2,0,99481,0.2,49740
충남,공주시,치과교정과,11,1,10,1,99481,1.11,9044
충남,공주시,치과보존과,23,0,23,0,99481,2.31,4325
충남,공주시,치과보철과,22,2,20,2,99481,2.21,4522
충남,공주시,치주과,20,0,20,0,99481,2.01,4974
충남,공주시,침구과,30,1,29,1,99481,3.02,3316
충남,공주시,통합치의학과,12,4,8,4,99481,1.21,8290
충남,공주시,피부과,17,3,14,3,99481,1.71,5852
충남,공주시,한방내과,42,1,41,1,99481,4.22,2369
충남,공주시,한방부인과,32,0,32,0,99481,3.22,3109
충남,공주시,한방소아과,32,0,32,0,99481,3.22,3109
충남,공주시,한방신경정신과,26,0,26,0,99481,2.61,3826
충남,공주시,한방안·이비인후·피부과,31,0,31,0,99481,3.12,3209
충남,공주시,한방응급,4,0,4,0,99481,0.4,24870
충남,공주시,한방재활의학과,22,0,22,0,99481,2.21,4522
충남,금산군,가정의학과,9,6,3,7,48749,1.85,5417
충남,금산군,구강내과,7,0,7,0,48749,1.44,6964
충남,금산군,구강병리과,4,0,4,0,48749,0.82,12187
충남,금산군,구강악안면외과,10,0,10,0,48749,2.05,4875
충남,금산군,내과,30,6,24,7,48749,6.15,1625
충남,금산군,마취통증의학과,11,1,10,1,48749,2.26,4432
충남,금산군,비뇨의학과,8,2,6,2,48749,1.64,6094
충남,금산군,사상체질과,12,0,12,0,48749,2.46,4062
충남,금산군,산부인과,2,0,2,0,48749,0.41,24374
충남,금산군,성형외과,1,0,1,0,48749,0.21,48749
충남,금산군,소아청소년과,17,1,16,1,48749,3.49,2868
충남,금산군,소아치과,9,0,9,0,48749,1.85,5417
충남,금산군,신경과,7,1,6,1,48749,1.44,6964
충남,금산군,신경외과,9,0,9,0,48749,1.85,5417
충남,금산군,심장혈관흉부외과,2,1,1,1,48749,0.41,24374
충남,금산군,안과,4,1,3,1,48749,0.82,12187
충남,금산군,영상의학과,2,1,1,1,48749,0.41,24374
충남,금산군,영상치의학과,7,0,7,0,48749,1.44,6964
충남,금산군,예방치과,9,0,9,0,48749,1.85,5417
충남,금산군,외과,13,4,9,4,48749,2.67,3750
충남,금산군,응급의학과,1,0,1,0,48749,0.21,48749
충남,금산군,이비인후과,16,2,14,2,48749,3.28,3047
충남,금산군,재활의학과,9,2,7,2,48749,1.85,5417
충남,금산군,정신건강의학과,4,1,3,1,48749,0.82,12187
충남,금산군,정형외과,18,2,16,2,48749,3.69,2708
충남,금산군,치과교정과,7,0,7,0,48749,1.44,6964
충남,금산군,치과보존과,10,0,10,0,48749,2.05,4875
충남,금산군,치과보철과,11,1,10,1,48749,2.26,4432
충남,금산군,치주과,9,0,9,0,48749,1.85,5417
충남,금산군,침구과,18,2,16,2,48749,3.69,2708
충남,금산군,통합치의학과,5,3,2,3,48749,1.03,9750
충남,금산군,피부과,16,0,16,0,48749,3.28,3047
충남,금산군,한방내과,20,3,17,3,48749,4.1,2437
충남,금산군,한방부인과,18,0,18,0,48749,3.69,2708
충남,금산군,한방소아과,20,0,20,0,48749,4.1,2437
충남,금산군,한방신경정신과,16,0,16,0,48749,3.28,3047
충남,금산군,한방안·이비인후·피부과,15,0,15,0,48749,3.08,3250
충남,금산군,한방재활의학과,13,0,13,0,48749,2.67,3750
충남,논산시,가정의학과,28,14,14,19,105655,2.65,3773
충남,논산시,결핵과,1,1,0,1,105655,0.09,105655
충남,논산시,구강내과,30,0,30,0,105655,2.84,3522
충남,논산시,구강병리과,13,0,13,0,105655,1.23,8127
충남,논산시,구강악안면외과,31,4,27,4,105655,2.93,3408
충남,논산시,내과,61,12,49,29,105655,5.77,1732
충남,논산시,마취통증의학과,16,4,12,6,105655,1.51,6603
충남,논산시,병리과,1,0,1,0,105655,0.09,105655
충남,논산시,비뇨의학과,28,6,22,6,105655,2.65,3773
충남,논산시,사상체질과,34,1,33,1,105655,3.22,3108
충남,논산시,산부인과,8,5,3,8,105655,0.76,13207
충남,논산시,성형외과,2,0,2,0,105655,0.19,52828
충남,논산시,소아청소년과,44,4,40,5,105655,4.16,2401
충남,논산시,소아치과,32,0,32,0,105655,3.03,3302
충남,논산시,신경과,15,3,12,5,105655,1.42,7044
충남,논산시,신경외과,18,4,14,6,105655,1.7,5870
충남,논산시,심장혈관흉부외과,3,1,2,1,105655,0.28,35218
충남,논산시,안과,8,5,3,6,105655,0.76,13207
충남,논산시,영상의학과,7,5,2,7,105655,0.66,15094
충남,논산시,영상치의학과,26,0,26,0,105655,2.46,4064
충남,논산시,예방의학과,1,1,0,1,105655,0.09,105655
충남,논산시,예방치과,30,0,30,0,105655,2.84,3522
충남,논산시,외과,34,17,17,18,105655,3.22,3108
충남,논산시,응급의학과,1,1,0,4,105655,0.09,105655
충남,논산시,이비인후과,32,6,26,6,105655,3.03,3302
충남,논산시,재활의학과,20,4,16,4,105655,1.89,5283
충남,논산시,정신건강의학과,8,5,3,7,105655,0.76,13207
충남,논산시,정형외과,42,7,35,10,105655,3.98,2516
충남,논산시,직업환경의학과,1,1,0,3,105655,0.09,105655
충남,논산시,진단검사의학과,2,1,1,1,105655,0.19,52828
충남,논산시,치과교정과,19,0,19,0,105655,1.8,5561
충남,논산시,치과보존과,35,0,35,0,105655,3.31,3019
충남,논산시,치과보철과,34,2,32,2,105655,3.22,3108
충남,논산시,치주과,34,1,33,1,105655,3.22,3108
충남,논산시,침구과,42,1,41,1,105655,3.98,2516
충남,논산시,통합치의학과,25,4,21,7,105655,2.37,4226
충남,논산시,피부과,44,1,43,1,105655,4.16,2401
충남,논산시,한방내과,48,1,47,1,105655,4.54,2201
충남,논산시,한방부인과,39,0,39,0,105655,3.69,2709
충남,논산시,한방소아과,40,0,40,0,105655,3.79,2641
충남,논산시,한방신경정신과,41,0,41,0,105655,3.88,2577
충남,논산시,한방안·이비인후·피부과,38,0,38,0,105655,3.6,2780
충남,논산시,한방재활의학과,39,1,38,1,105655,3.69,2709
충남,당진시,가정의학과,22,8,14,9,172423,1.28,7837
충남,당진시,구강내과,30,0,30,0,172423,1.74,5747
충남,당진시,구강병리과,14,0,14,0,172423,0.81,12316
충남,당진시,구강악안면외과,33,3,30,3,172423,1.91,5225
충남,당진시,내과,70,16,54,26,172423,4.06,2463
충남,당진시,마취통증의학과,15,6,9,6,172423,0.87,11495
충남,당진시,비뇨의학과,23,4,19,6,172423,1.33,7497
충남,당진시,사상체질과,25,0,25,0,172423,1.45,6897
충남,당진시,산부인과,6,4,2,8,172423,0.35,28737
충남,당진시,성형외과,3,1,2,1,172423,0.17,57474
충남,당진시,소아청소년과,36,7,29,7,172423,2.09,4790
충남,당진시,소아치과,35,3,32,3,172423,2.03,4926
충남,당진시,신경과,17,2,15,2,172423,0.99,10143
충남,당진시,신경외과,16,4,12,5,172423,0.93,10776
충남,당진시,심장혈관흉부외과,2,0,2,0,172423,0.12,86212
충남,당진시,안과,8,5,3,6,172423,0.46,21553
충남,당진시,영상의학과,4,4,0,5,172423,0.23,43106
충남,당진시,영상치의학과,28,0,28,0,172423,1.62,6158
충남,당진시,예방의학과,1,0,1,0,172423,0.06,172423
충남,당진시,예방치과,33,0,33,0,172423,1.91,5225
충남,당진시,외과,29,15,14,16,172423,1.68,5946
충남,당진시,응급의학과,3,3,0,12,172423,0.17,57474
충남,당진시,이비인후과,28,4,24,4,172423,1.62,6158
충남,당진시,재활의학과,16,3,13,3,172423,0.93,10776
충남,당진시,정신건강의학과,6,4,2,4,172423,0.35,28737
충남,당진시,정형외과,32,6,26,11,172423,1.86,5388
충남,당진시,직업환경의학과,1,1,0,3,172423,0.06,172423
충남,당진시,진단검사의학과,1,1,0,1,172423,0.06,172423
충남,당진시,치과,2,0,2,0,172423,0.12,86212
충남,당진시,치과교정과,24,3,21,3,172423,1.39,7184
충남,당진시,치과보존과,35,0,35,0,172423,2.03,4926
충남,당진시,치과보철과,35,1,34,1,172423,2.03,4926
충남,당진시,치주과,35,1,34,1,172423,2.03,4926
충남,당진시,침구과,37,1,36,1,172423,2.15,4660
충남,당진시,통합치의학과,26,12,14,16,172423,1.51,6632
충남,당진시,피부과,34,2,32,2,172423,1.97,5071
충남,당진시,한방내과,43,1,42,1,172423,2.49,4010
충남,당진시,한방부인과,36,1,35,1,172423,2.09,4790
충남,당진시,한방소아과,35,0,35,0,172423,2.03,4926
충남,당진시,한방신경정신과,34,0,34,0,172423,1.97,5071
충남,당진시,한방안·이비인후·피부과,35,0,35,0,172423,2.03,4926
충남,당진시,한방응급,5,0,5,0,172423,0.29,34485
충남,당진시,한방재활의학과,33,1,32,2,172423,1.91,5225
충남,보령시,가정의학과,14,5,9,6,91035,1.54,6502
충남,보령시,결핵과,1,0,1,0,91035,0.11,91035
충남,보령시,구강내과,27,0,27,0,91035,2.97,3372
충남,보령시,구강병리과,10,0,10,0,91035,1.1,9104
충남,보령시,구강악안면외과,20,0,20,0,91035,2.2,4552
충남,보령시,내과,58,14,44,17,91035,6.37,1570
충남,보령시,마취통증의학과,13,3,10,3,91035,1.43,7003
충남,보령시,병리과,1,0,1,0,91035,0.11,91035
충남,보령시,비뇨의학과,17,4,13,4,91035,1.87,5355
충남,보령시,사상체질과,14,0,14,0,91035,1.54,6502
충남,보령시,산부인과,10,5,5,6,91035,1.1,9104
충남,보령시,성형외과,7,0,7,0,91035,0.77,13005
충남,보령시,소아청소년과,23,4,19,6,91035,2.53,3958
충남,보령시,소아치과,21,2,19,2,91035,2.31,4335
충남,보령시,신경과,10,0,10,0,91035,1.1,9104
충남,보령시,신경외과,19,2,17,2,91035,2.09,4791
충남,보령시,심장혈관흉부외과,2,0,2,0,91035,0.22,45518
충남,보령시,안과,7,2,5,2,91035,0.77,13005
충남,보령시,영상의학과,5,2,3,2,91035,0.55,18207
충남,보령시,영상치의학과,20,0,20,0,91035,2.2,4552
충남,보령시,예방의학과,1,1,0,1,91035,0.11,91035
충남,보령시,예방치과,19,0,19,0,91035,2.09,4791
충남,보령시,외과,23,11,12,11,91035,2.53,3958
충남,보령시,응급의학과,1,0,1,0,91035,0.11,91035
충남,보령시,이비인후과,18,3,15,3,91035,1.98,5058
충남,보령시,재활의학과,14,4,10,4,91035,1.54,6502
충남,보령시,정신건강의학과,6,3,3,5,91035,0.66,15172
충남,보령시,정형외과,33,9,24,10,91035,3.62,2759
충남,보령시,진단검사의학과,2,1,1,1,91035,0.22,45518
충남,보령시,치과교정과,15,1,14,1,91035,1.65,6069
충남,보령시,치과보존과,23,0,23,0,91035,2.53,3958
충남,보령시,치과보철과,22,0,22,0,91035,2.42,4138
충남,보령시,치주과,24,1,23,1,91035,2.64,3793
충남,보령시,침구과,23,0,23,0,91035,2.53,3958
충남,보령시,통합치의학과,11,5,6,5,91035,1.21,8276
충남,보령시,피부과,29,1,28,1,91035,3.19,3139
충남,보령시,한방내과,36,0,36,0,91035,3.95,2529
충남,보령시,한방부인과,22,0,22,0,91035,2.42,4138
충남,보령시,한방소아과,22,0,22,0,91035,2.42,4138
충남,보령시,한방신경정신과,22,0,22,0,91035,2.42,4138
충남,보령시,한방안·이비인후·피부과,22,1,21,1,91035,2.42,4138
충남,보령시,한방응급,1,0,1,0,91035,0.11,91035
충남,보령시,한방재활의학과,14,1,13,1,91035,1.54,6502
충남,부여군,가정의학과,15,8,7,10,57591,2.6,3839
충남,부여군,결핵과,1,0,1,0,57591,0.17,57591
충남,부여군,구강내과,13,0,13,0,57591,2.26,4430
충남,부여군,구강병리과,7,0,7,0,57591,1.22,8227
충남,부여군,구강악안면외과,13,0,13,0,57591,2.26,4430
충남,부여군,내과,34,5,29,5,57591,5.9,1694
충남,부여군,마취통증의학과,10,1,9,1,57591,1.74,5759
충남,부여군,비뇨의학과,11,1,10,1,57591,1.91,5236
충남,부여군,사상체질과,14,0,14,0,57591,2.43,4114
충남,부여군,산부인과,4,2,2,2,57591,0.69,14398
충남,부여군,성형외과,1,0,1,0,57591,0.17,57591
충남,부여군,소아청소년과,18,1,17,1,57591,3.13,3200
충남,부여군,소아치과,14,0,14,0,57591,2.43,4114
충남,부여군,신경과,8,0,8,0,57591,1.39,7199
충남,부여군,신경외과,9,2,7,2,57591,1.56,6399
충남,부여군,심장혈관흉부외과,1,1,0,1,57591,0.17,57591
충남,부여군,안과,2,1,1,1,57591,0.35,28796
충남,부여군,영상의학과,2,1,1,1,57591,0.35,28796
충남,부여군,영상치의학과,10,0,10,0,57591,1.74,5759
충남,부여군,예방치과,13,0,13,0,57591,2.26,4430
충남,부여군,외과,12,2,10,2,57591,2.08,4799
충남,부여군,이비인후과,13,2,11,2,57591,2.26,4430
충남,부여군,재활의학과,9,0,9,0,57591,1.56,6399
충남,부여군,정신건강의학과,7,4,3,8,57591,1.22,8227
충남,부여군,정형외과,21,3,18,3,57591,3.65,2742
충남,부여군,진단검사의학과,1,0,1,0,57591,0.17,57591
충남,부여군,치과교정과,9,1,8,1,57591,1.56,6399
충남,부여군,치과보존과,15,0,15,0,57591,2.6,3839
충남,부여군,치과보철과,16,2,14,2,57591,2.78,3599
충남,부여군,치주과,14,0,14,0,57591,2.43,4114
충남,부여군,침구과,14,1,13,1,57591,2.43,4114
충남,부여군,통합치의학과,8,2,6,2,57591,1.39,7199
충남,부여군,피부과,17,0,17,0,57591,2.95,3388
충남,부여군,한방내과,23,1,22,1,57591,3.99,2504
충남,부여군,한방부인과,13,0,13,0,57591,2.26,4430
충남,부여군,한방소아과,12,0,12,0,57591,2.08,4799
충남,부여군,한방신경정신과,14,0,14,0,57591,2.43,4114
충남,부여군,한방안·이비인후·피부과,13,0,13,0,57591,2.26,4430
충남,부여군,한방재활의학과,14,0,14,0,57591,2.43,4114
충남,서산시,가정의학과,16,5,11,7,170780,0.94,10674
충남,서산시,결핵과,2,0,2,0,170780,0.12,85390
충남,서산시,구강내과,46,0,46,0,170780,2.69,3713
충남,서산시,구강병리과,29,0,29,0,170780,1.7,5889
충남,서산시,구강악안면외과,47,4,43,4,170780,2.75,3634
충남,서산시,내과,58,17,41,33,170780,3.4,2944
충남,서산시,마취통증의학과,22,6,16,7,170780,1.29,7763
충남,서산시,비뇨의학과,22,8,14,8,170780,1.29,7763
충남,서산시,사상체질과,29,0,29,0,170780,1.7,5889
충남,서산시,산부인과,12,5,7,8,170780,0.7,14232
충남,서산시,성형외과,11,1,10,1,170780,0.64,15525
충남,서산시,소아청소년과,32,6,26,9,170780,1.87,5337
충남,서산시,소아치과,49,2,47,2,170780,2.87,3485
충남,서산시,신경과,14,4,10,6,170780,0.82,12199
충남,서산시,신경외과,19,5,14,7,170780,1.11,8988
충남,서산시,심장혈관흉부외과,3,2,1,2,170780,0.18,56927
충남,서산시,안과,14,4,10,5,170780,0.82,12199
충남,서산시,영상의학과,6,4,2,7,170780,0.35,28463
충남,서산시,영상치의학과,41,0,41,0,170780,2.4,4165
충남,서산시,예방의학과,1,0,1,0,170780,0.06,170780
충남,서산시,예방치과,43,0,43,0,170780,2.52,3972
충남,서산시,외과,19,7,12,12,170780,1.11,8988
충남,서산시,응급의학과,4,2,2,10,170780,0.23,42695
충남,서산시,이비인후과,26,4,22,5,170780,1.52,6568
충남,서산시,재활의학과,14,3,11,3,170780,0.82,12199
충남,서산시,정신건강의학과,9,3,6,4,170780,0.53,18976
충남,서산시,정형외과,25,11,14,19,170780,1.46,6831
충남,서산시,진단검사의학과,5,2,3,2,170780,0.29,34156
충남,서산시,치과교정과,35,3,32,3,170780,2.05,4879
충남,서산시,치과보존과,49,0,49,0,170780,2.87,3485
충남,서산시,치과보철과,52,2,50,2,170780,3.04,3284
충남,서산시,치주과,50,0,50,0,170780,2.93,3416
충남,서산시,침구과,31,4,27,4,170780,1.82,5509
충남,서산시,통합치의학과,21,6,15,6,170780,1.23,8132
충남,서산시,피부과,26,2,24,2,170780,1.52,6568
충남,서산시,한방내과,38,4,34,4,170780,2.23,4494
충남,서산시,한방부인과,31,0,31,0,170780,1.82,5509
충남,서산시,한방소아과,31,1,30,1,170780,1.82,5509
충남,서산시,한방신경정신과,29,1,28,1,170780,1.7,5889
충남,서산시,한방안·이비인후·피부과,30,1,29,1,170780,1.76,5693
충남,서산시,한방응급,1,0,1,0,170780,0.06,170780
충남,서산시,한방재활의학과,32,1,31,1,170780,1.87,5337
충남,서천군,가정의학과,8,5,3,5,46589,1.72,5824
충남,서천군,구강내과,6,0,6,0,46589,1.29,7765
충남,서천군,구강병리과,4,0,4,0,46589,0.86,11647
충남,서천군,구강악안면외과,9,0,9,0,46589,1.93,5177
충남,서천군,내과,25,4,21,7,46589,5.37,1864
충남,서천군,마취통증의학과,2,0,2,0,46589,0.43,23294
충남,서천군,병리과,1,1,0,1,46589,0.21,46589
충남,서천군,비뇨의학과,10,0,10,0,46589,2.15,4659
충남,서천군,사상체질과,5,0,5,0,46589,1.07,9318
충남,서천군,산부인과,3,3,0,3,46589,0.64,15530
충남,서천군,성형외과,1,0,1,0,46589,0.21,46589
충남,서천군,소아청소년과,16,1,15,1,46589,3.43,2912
충남,서천군,소아치과,7,0,7,0,46589,1.5,6656
충남,서천군,신경과,6,1,5,1,46589,1.29,7765
충남,서천군,신경외과,3,0,3,0,46589,0.64,15530
충남,서천군,심장혈관흉부외과,1,0,1,0,46589,0.21,46589
충남,서천군,안과,4,2,2,2,46589,0.86,11647
충남,서천군,영상의학과,1,0,1,0,46589,0.21,46589
충남,서천군,영상치의학과,6,0,6,0,46589,1.29,7765
충남,서천군,예방치과,7,0,7,0,46589,1.5,6656
충남,서천군,외과,15,5,10,5,46589,3.22,3106
충남,서천군,이비인후과,12,1,11,1,46589,2.58,3882
충남,서천군,재활의학과,4,1,3,1,46589,0.86,11647
충남,서천군,정신건강의학과,2,2,0,3,46589,0.43,23294
충남,서천군,정형외과,15,5,10,5,46589,3.22,3106
충남,서천군,치과교정과,6,0,6,0,46589,1.29,7765
충남,서천군,치과보존과,10,0,10,0,46589,2.15,4659
충남,서천군,치과보철과,10,0,10,0,46589,2.15,4659
충남,서천군,치주과,9,0,9,0,46589,1.93,5177
충남,서천군,침구과,10,0,10,0,46589,2.15,4659
충남,서천군,통합치의학과,9,1,8,1,46589,1.93,5177
충남,서천군,피부과,17,0,17,0,46589,3.65,2741
충남,서천군,한방내과,17,0,17,0,46589,3.65,2741
충남,서천군,한방부인과,10,0,10,0,46589,2.15,4659
충남,서천군,한방소아과,10,0,10,0,46589,2.15,4659
충남,서천군,한방신경정신과,10,0,10,0,46589,2.15,4659
충남,서천군,한방안·이비인후·피부과,9,0,9,0,46589,1.93,5177
충남,서천군,한방재활의학과,8,0,8,0,46589,1.72,5824
충남,아산시,가정의학과,56,26,30,32,365299,1.53,6523
충남,아산시,결핵과,3,0,3,0,365299,0.08,121766
충남,아산시,구강내과,74,0,74,0,365299,2.03,4936
충남,아산시,구강병리과,38,0,38,0,365299,1.04,9613
충남,아산시,구강악안면외과,77,3,74,3,365299,2.11,4744
충남,아산시,내과,119,32,87,73,365299,3.26,3070
충남,아산시,마취통증의학과,40,13,27,18,365299,1.09,9132
충남,아산시,방사선종양학과,1,0,1,0,365299,0.03,365299
충남,아산시,병리과,2,0,2,0,365299,0.05,182650
충남,아산시,비뇨의학과,38,7,31,8,365299,1.04,9613
충남,아산시,사상체질과,49,1,48,1,365299,1.34,7455
충남,아산시,산부인과,22,9,13,27,365299,0.6,16604
충남,아산시,성형외과,13,2,11,2,365299,0.36,28100
충남,아산시,소아청소년과,82,16,66,32,365299,2.24,4455
충남,아산시,소아치과,80,5,75,5,365299,2.19,4566
충남,아산시,신경과,31,4,27,4,365299,0.85,11784
충남,아산시,신경외과,30,9,21,14,365299,0.82,12177
충남,아산시,심장혈관흉부외과,6,2,4,2,365299,0.16,60883
충남,아산시,안과,22,9,13,15,365299,0.6,16604
충남,아산시,영상의학과,24,12,12,14,365299,0.66,15221
충남,아산시,영상치의학과,60,0,60,0,365299,1.64,6088
충남,아산시,예방의학과,3,1,2,1,365299,0.08,121766
충남,아산시,예방치과,76,0,76,0,365299,2.08,4807
충남,아산시,외과,59,15,44,26,365299,1.62,6192
충남,아산시,응급의학과,6,2,4,10,365299,0.16,60883
충남,아산시,이비인후과,57,10,47,18,365299,1.56,6409
충남,아산시,재활의학과,34,10,24,10,365299,0.93,10744
충남,아산시,정신건강의학과,25,16,9,20,365299,0.68,14612
충남,아산시,정형외과,67,18,49,31,365299,1.83,5452
충남,아산시,직업환경의학과,7,2,5,2,365299,0.19,52186
충남,아산시,진단검사의학과,5,1,4,2,365299,0.14,73060
충남,아산시,치과교정과,56,3,53,3,365299,1.53,6523
충남,아산시,치과보존과,88,2,86,2,365299,2.41,4151
충남,아산시,치과보철과,91,8,83,10,365299,2.49,4014
충남,아산시,치주과,87,2,85,2,365299,2.38,4199
충남,아산시,침구과,72,4,68,5,365299,1.97,5074
충남,아산시,통합치의학과,59,27,32,32,365299,1.62,6192
충남,아산시,피부과,77,6,71,8,365299,2.11,4744
충남,아산시,한방내과,74,6,68,7,365299,2.03,4936
충남,아산시,한방부인과,69,2,67,2,365299,1.89,5294
충남,아산시,한방소아과,66,0,66,0,365299,1.81,5535
충남,아산시,한방신경정신과,61,2,59,2,365299,1.67,5989
충남,아산시,한방안·이비인후·피부과,65,4,61,4,365299,1.78,5620
충남,아산시,한방응급,4,0,4,0,365299,0.11,91325
충남,아산시,한방재활의학과,60,4,56,4,365299,1.64,6088
충남,아산시,핵의학과,1,0,1,0,365299,0.03,365299
충남,예산군,가정의학과,6,4,2,5,78133,0.77,13022
충남,예산군,구강내과,6,0,6,0,78133,0.77,13022
충남,예산군,구강병리과,1,0,1,0,78133,0.13,78133
충남,예산군,구강악안면외과,9,2,7,2,78133,1.15,8681
충남,예산군,내과,28,9,19,10,78133,3.58,2790
충남,예산군,마취통증의학과,7,4,3,4,78133,0.9,11162
충남,예산군,병리과,1,0,1,0,78133,0.13,78133
충남,예산군,비뇨의학과,5,2,3,2,78133,0.64,15627
충남,예산군,사상체질과,6,0,6,0,78133,0.77,13022
충남,예산군,산부인과,5,3,2,3,78133,0.64,15627
충남,예산군,성형외과,1,0,1,0,78133,0.13,78133
충남,예산군,소아청소년과,13,2,11,2,78133,1.66,6010
충남,예산군,소아치과,9,0,9,0,78133,1.15,8681
충남,예산군,신경과,4,0,4,0,78133,0.51,19533
충남,예산군,신경외과,10,3,7,3,78133,1.28,7813
충남,예산군,심장혈관흉부외과,2,1,1,1,78133,0.26,39066
충남,예산군,안과,4,2,2,2,78133,0.51,19533
충남,예산군,영상의학과,6,4,2,4,78133,0.77,13022
충남,예산군,영상치의학과,5,0,5,0,78133,0.64,15627
충남,예산군,예방의학과,1,0,1,0,78133,0.13,78133
충남,예산군,예방치과,6,0,6,0,78133,0.77,13022
충남,예산군,외과,15,7,8,7,78133,1.92,5209
충남,예산군,응급의학과,2,1,1,1,78133,0.26,39066
충남,예산군,이비인후과,10,2,8,2,78133,1.28,7813
충남,예산군,재활의학과,5,0,5,0,78133,0.64,15627
충남,예산군,정신건강의학과,3,1,2,1,78133,0.38,26044
충남,예산군,정형외과,13,5,8,6,78133,1.66,6010
충남,예산군,직업환경의학과,2,2,0,2,78133,0.26,39066
충남,예산군,진단검사의학과,1,1,0,1,78133,0.13,78133
충남,예산군,치과,6,0,6,0,78133,0.77,13022
충남,예산군,치과교정과,6,1,5,1,78133,0.77,13022
충남,예산군,치과보존과,9,0,9,0,78133,1.15,8681
충남,예산군,치과보철과,11,0,11,0,78133,1.41,7103
충남,예산군,치주과,10,0,10,0,78133,1.28,7813
충남,예산군,침구과,11,0,11,0,78133,1.41,7103
충남,예산군,통합치의학과,8,1,7,1,78133,1.02,9767
충남,예산군,피부과,13,0,13,0,78133,1.66,6010
충남,예산군,한방내과,18,1,17,1,78133,2.3,4341
충남,예산군,한방부인과,11,0,11,0,78133,1.41,7103
충남,예산군,한방소아과,11,0,11,0,78133,1.41,7103
충남,예산군,한방신경정신과,9,0,9,0,78133,1.15,8681
충남,예산군,한방안·이비인후·피부과,12,0,12,0,78133,1.54,6511
충남,예산군,한방응급,1,0,1,0,78133,0.13,78133
충남,예산군,한방재활의학과,10,0,10,0,78133,1.28,7813
충남,천안동남구,가정의학과,50,26,24,41,263872,1.89,5277
충남,천안동남구,구강내과,50,1,49,4,263872,1.89,5277
충남,천안동남구,구강병리과,32,0,32,0,263872,1.21,8246
충남,천안동남구,구강악안면외과,64,6,58,11,263872,2.43,4123
충남,천안동남구,내과,103,31,72,164,263872,3.9,2562
충남,천안동남구,마취통증의학과,36,15,21,39,263872,1.36,7330
충남,천안동남구,방사선종양학과,3,3,0,7,263872,0.11,87957
충남,천안동남구,병리과,4,2,2,3,263872,0.15,65968
충남,천안동남구,비뇨의학과,42,10,32,16,263872,1.59,6283
충남,천안동남구,사상체질과,59,0,59,0,263872,2.24,4472
충남,천안동남구,산부인과,19,13,6,29,263872,0.72,13888
충남,천안동남구,성형외과,24,7,17,15,263872,0.91,10995
충남,천안동남구,소아청소년과,73,12,61,45,263872,2.77,3615
충남,천안동남구,소아치과,61,1,60,4,263872,2.31,4326
충남,천안동남구,신경과,27,9,18,20,263872,1.02,9773
충남,천안동남구,신경외과,34,6,28,21,263872,1.29,7761
충남,천안동남구,심장혈관흉부외과,8,5,3,14,263872,0.3,32984
충남,천안동남구,안과,22,9,13,26,263872,0.83,11994
충남,천안동남구,영상의학과,21,7,14,27,263872,0.8,12565
충남,천안동남구,영상치의학과,49,1,48,3,263872,1.86,5385
충남,천안동남구,예방의학과,2,1,1,3,263872,0.08,131936
충남,천안동남구,예방치과,59,1,58,2,263872,2.24,4472
충남,천안동남구,외과,56,15,41,58,263872,2.12,4712
충남,천안동남구,응급의학과,6,3,3,25,263872,0.23,43979
충남,천안동남구,이비인후과,58,10,48,22,263872,2.2,4550
충남,천안동남구,재활의학과,40,9,31,14,263872,1.52,6597
충남,천안동남구,정신건강의학과,19,13,6,26,263872,0.72,13888
충남,천안동남구,정형외과,61,21,40,47,263872,2.31,4326
충남,천안동남구,직업환경의학과,5,4,1,14,263872,0.19,52774
충남,천안동남구,진단검사의학과,10,3,7,8,263872,0.38,26387
충남,천안동남구,치과,5,0,5,0,263872,0.19,52774
충남,천안동남구,치과교정과,40,4,36,7,263872,1.52,6597
충남,천안동남구,치과보존과,64,1,63,4,263872,2.43,4123
충남,천안동남구,치과보철과,65,4,61,10,263872,2.46,4060
충남,천안동남구,치주과,65,3,62,8,263872,2.46,4060
충남,천안동남구,침구과,72,3,69,3,263872,2.73,3665
충남,천안동남구,통합치의학과,46,10,36,16,263872,1.74,5736
충남,천안동남구,피부과,78,5,73,11,263872,2.96,3383
충남,천안동남구,한방내과,76,2,74,2,263872,2.88,3472
충남,천안동남구,한방부인과,71,0,71,0,263872,2.69,3717
충남,천안동남구,한방소아과,71,0,71,0,263872,2.69,3717
충남,천안동남구,한방신경정신과,69,0,69,0,263872,2.61,3824
충남,천안동남구,한방안·이비인후·피부과,68,1,67,1,263872,2.58,3880
충남,천안동남구,한방재활의학과,62,2,60,2,263872,2.35,4256
충남,천안동남구,핵의학과,2,2,0,6,263872,0.08,131936
충남,천안서북구,가정의학과,86,34,52,36,402712,2.14,4683
충남,천안서북구,결핵과,3,0,3,0,402712,0.07,134237
충남,천안서북구,구강내과,91,0,91,0,402712,2.26,4425
충남,천안서북구,구강병리과,50,0,50,0,402712,1.24,8054
충남,천안서북구,구강악안면외과,106,9,97,10,402712,2.63,3799
충남,천안서북구,내과,172,47,125,79,402712,4.27,2341
충남,천안서북구,마취통증의학과,58,19,39,26,402712,1.44,6943
충남,천안서북구,방사선종양학과,2,0,2,0,402712,0.05,201356
충남,천안서북구,병리과,4,1,3,2,402712,0.1,100678
충남,천안서북구,비뇨의학과,52,9,43,11,402712,1.29,7744
충남,천안서북구,사상체질과,93,4,89,4,402712,2.31,4330
충남,천안서북구,산부인과,39,24,15,50,402712,0.97,10326
충남,천안서북구,성형외과,40,7,33,8,402712,0.99,10068
충남,천안서북구,소아청소년과,116,24,92,39,402712,2.88,3472
충남,천안서북구,소아치과,105,6,99,7,402712,2.61,3835
충남,천안서북구,신경과,46,7,39,12,402712,1.14,8755
충남,천안서북구,신경외과,55,8,47,15,402712,1.37,7322
충남,천안서북구,심장혈관흉부외과,8,2,6,2,402712,0.2,50339
충남,천안서북구,안과,24,10,14,18,402712,0.6,16780
충남,천안서북구,영상의학과,30,16,14,22,402712,0.74,13424
충남,천안서북구,영상치의학과,76,0,76,0,402712,1.89,5299
충남,천안서북구,예방의학과,5,1,4,2,402712,0.12,80542
충남,천안서북구,예방치과,95,1,94,1,402712,2.36,4239
충남,천안서북구,외과,68,24,44,32,402712,1.69,5922
충남,천안서북구,응급의학과,10,5,5,13,402712,0.25,40271
충남,천안서북구,이비인후과,92,14,78,26,402712,2.28,4377
충남,천안서북구,재활의학과,59,10,49,14,402712,1.47,6826
충남,천안서북구,정신건강의학과,22,13,9,21,402712,0.55,18305
충남,천안서북구,정형외과,82,26,56,43,402712,2.04,4911
충남,천안서북구,직업환경의학과,5,3,2,8,402712,0.12,80542
충남,천안서북구,진단검사의학과,9,1,8,2,402712,0.22,44746
충남,천안서북구,치과,7,0,7,0,402712,0.17,57530
충남,천안서북구,치과교정과,76,8,68,8,402712,1.89,5299
충남,천안서북구,치과보존과,110,5,105,5,402712,2.73,3661
충남,천안서북구,치과보철과,112,5,107,8,402712,2.78,3596
충남,천안서북구,치주과,112,8,104,8,402712,2.78,3596
충남,천안서북구,침구과,119,5,114,8,402712,2.95,3384
충남,천안서북구,통합치의학과,72,28,44,31,402712,1.79,5593
충남,천안서북구,피부과,136,8,128,12,402712,3.38,2961
충남,천안서북구,한방내과,121,9,112,12,402712,3.0,3328
충남,천안서북구,한방부인과,115,1,114,1,402712,2.86,3502
충남,천안서북구,한방소아과,115,3,112,3,402712,2.86,3502
충남,천안서북구,한방신경정신과,108,2,106,3,402712,2.68,3729
충남,천안서북구,한방안·이비인후·피부과,114,2,112,2,402712,2.83,3533
충남,천안서북구,한방응급,2,0,2,0,402712,0.05,201356
충남,천안서북구,한방재활의학과,103,6,97,7,402712,2.56,3910
충남,천안서북구,핵의학과,2,0,2,0,402712,0.05,201356
충남,청양군,가정의학과,2,1,1,1,30010,0.67,15005
충남,청양군,구강내과,4,0,4,0,30010,1.33,7502
충남,청양군,구강병리과,5,0,5,0,30010,1.67,6002
충남,청양군,구강악안면외과,6,0,6,0,30010,2.0,5002
충남,청양군,내과,11,2,9,3,30010,3.67,2728
충남,청양군,마취통증의학과,2,1,1,1,30010,0.67,15005
충남,청양군,비뇨의학과,4,0,4,0,30010,1.33,7502
충남,청양군,사상체질과,3,0,3,0,30010,1.0,10003
충남,청양군,산부인과,2,2,0,2,30010,0.67,15005
충남,청양군,소아청소년과,8,1,7,1,30010,2.67,3751
충남,청양군,소아치과,6,0,6,0,30010,2.0,5002
충남,청양군,신경과,2,0,2,0,30010,0.67,15005
충남,청양군,신경외과,1,0,1,0,30010,0.33,30010
충남,청양군,심장혈관흉부외과,1,1,0,1,30010,0.33,30010
충남,청양군,안과,1,0,1,0,30010,0.33,30010
충남,청양군,영상의학과,1,0,1,0,30010,0.33,30010
충남,청양군,영상치의학과,4,0,4,0,30010,1.33,7502
충남,청양군,예방치과,6,0,6,0,30010,2.0,5002
충남,청양군,외과,7,3,4,3,30010,2.33,4287
충남,청양군,응급의학과,1,0,1,0,30010,0.33,30010
충남,청양군,정신건강의학과,1,1,0,1,30010,0.33,30010
충남,청양군,정형외과,7,1,6,1,30010,2.33,4287
충남,청양군,치과교정과,5,0,5,0,30010,1.67,6002
충남,청양군,치과보존과,5,0,5,0,30010,1.67,6002
충남,청양군,치과보철과,6,0,6,0,30010,2.0,5002
충남,청양군,치주과,5,0,5,0,30010,1.67,6002
충남,청양군,침구과,9,0,9,0,30010,3.0,3334
충남,청양군,통합치의학과,4,2,2,2,30010,1.33,7502
충남,청양군,피부과,6,0,6,0,30010,2.0,5002
충남,청양군,한방내과,10,0,10,0,30010,3.33,3001
충남,청양군,한방부인과,8,0,8,0,30010,2.67,3751
충남,청양군,한방소아과,8,0,8,0,30010,2.67,3751
충남,청양군,한방신경정신과,5,0,5,0,30010,1.67,6002
충남,청양군,한방안·이비인후·피부과,4,0,4,0,30010,1.33,7502
충남,청양군,한방재활의학과,4,0,4,0,30010,1.33,7502
충남,태안군,가정의학과,4,2,2,3,58858,0.68,14714
충남,태안군,결핵과,1,0,1,0,58858,0.17,58858
충남,태안군,구강내과,10,0,10,0,58858,1.7,5886
충남,태안군,구강병리과,5,0,5,0,58858,0.85,11772
충남,태안군,구강악안면외과,9,1,8,1,58858,1.53,6540
충남,태안군,내과,31,5,26,6,58858,5.27,1899
충남,태안군,마취통증의학과,7,1,6,1,58858,1.19,8408
충남,태안군,비뇨의학과,8,1,7,1,58858,1.36,7357
충남,태안군,사상체질과,7,0,7,0,58858,1.19,8408
충남,태안군,산부인과,2,1,1,1,58858,0.34,29429
충남,태안군,성형외과,2,0,2,0,58858,0.34,29429
충남,태안군,소아청소년과,16,1,15,1,58858,2.72,3679
충남,태안군,소아치과,12,0,12,0,58858,2.04,4905
충남,태안군,신경과,4,0,4,0,58858,0.68,14714
충남,태안군,신경외과,7,1,6,1,58858,1.19,8408
충남,태안군,안과,3,1,2,3,58858,0.51,19619
충남,태안군,영상의학과,2,1,1,1,58858,0.34,29429
충남,태안군,영상치의학과,9,0,9,0,58858,1.53,6540
충남,태안군,예방치과,10,0,10,0,58858,1.7,5886
충남,태안군,외과,18,4,14,4,58858,3.06,3270
충남,태안군,이비인후과,11,1,10,1,58858,1.87,5351
충남,태안군,재활의학과,5,0,5,0,58858,0.85,11772
충남,태안군,정신건강의학과,3,1,2,1,58858,0.51,19619
충남,태안군,정형외과,14,2,12,2,58858,2.38,4204
충남,태안군,치과,1,0,1,0,58858,0.17,58858
충남,태안군,치과교정과,9,0,9,0,58858,1.53,6540
충남,태안군,치과보존과,14,1,13,1,58858,2.38,4204
충남,태안군,치과보철과,14,0,14,0,58858,2.38,4204
충남,태안군,치주과,14,0,14,0,58858,2.38,4204
충남,태안군,침구과,13,0,13,0,58858,2.21,4528
충남,태안군,통합치의학과,6,1,5,1,58858,1.02,9810
충남,태안군,피부과,13,0,13,0,58858,2.21,4528
충남,태안군,한방내과,14,0,14,0,58858,2.38,4204
충남,태안군,한방부인과,12,0,12,0,58858,2.04,4905
충남,태안군,한방소아과,10,0,10,0,58858,1.7,5886
충남,태안군,한방신경정신과,10,0,10,0,58858,1.7,5886
충남,태안군,한방안·이비인후·피부과,11,0,11,0,58858,1.87,5351
충남,태안군,한방재활의학과,7,0,7,0,58858,1.19,8408
충남,홍성군,가정의학과,9,6,3,12,101814,0.88,11313
충남,홍성군,구강내과,21,0,21,0,101814,2.06,4848
충남,홍성군,구강병리과,11,0,11,0,101814,1.08,9256
충남,홍성군,구강악안면외과,22,1,21,1,101814,2.16,4628
충남,홍성군,내과,40,11,29,16,101814,3.93,2545
충남,홍성군,마취통증의학과,12,3,9,6,101814,1.18,8484
충남,홍성군,병리과,1,0,1,0,101814,0.1,101814
충남,홍성군,비뇨의학과,11,1,10,1,101814,1.08,9256
충남,홍성군,사상체질과,18,0,18,0,101814,1.77,5656
충남,홍성군,산부인과,4,4,0,6,101814,0.39,25454
충남,홍성군,성형외과,4,1,3,1,101814,0.39,25454
충남,홍성군,소아청소년과,28,5,23,9,101814,2.75,3636
충남,홍성군,소아치과,23,1,22,1,101814,2.26,4427
충남,홍성군,신경과,10,2,8,3,101814,0.98,10181
충남,홍성군,신경외과,11,3,8,4,101814,1.08,9256
충남,홍성군,심장혈관흉부외과,1,0,1,0,101814,0.1,101814
충남,홍성군,안과,9,4,5,4,101814,0.88,11313
충남,홍성군,영상의학과,5,2,3,3,101814,0.49,20363
충남,홍성군,영상치의학과,22,0,22,0,101814,2.16,4628
충남,홍성군,예방치과,21,0,21,0,101814,2.06,4848
충남,홍성군,외과,19,9,10,12,101814,1.87,5359
충남,홍성군,응급의학과,2,1,1,9,101814,0.2,50907
충남,홍성군,이비인후과,25,5,20,5,101814,2.46,4073
충남,홍성군,재활의학과,7,1,6,1,101814,0.69,14545
충남,홍성군,정신건강의학과,4,3,1,7,101814,0.39,25454
충남,홍성군,정형외과,19,4,15,6,101814,1.87,5359
충남,홍성군,직업환경의학과,1,0,1,0,101814,0.1,101814
충남,홍성군,진단검사의학과,1,1,0,1,101814,0.1,101814
충남,홍성군,치과교정과,14,0,14,0,101814,1.38,7272
충남,홍성군,치과보존과,23,0,23,0,101814,2.26,4427
충남,홍성군,치과보철과,23,1,22,1,101814,2.26,4427
충남,홍성군,치주과,25,1,24,1,101814,2.46,4073
충남,홍성군,침구과,25,1,24,1,101814,2.46,4073
충남,홍성군,통합치의학과,16,5,11,10,101814,1.57,6363
충남,홍성군,피부과,25,1,24,1,101814,2.46,4073
충남,홍성군,한방내과,30,2,28,2,101814,2.95,3394
충남,홍성군,한방부인과,25,0,25,0,101814,2.46,4073
충남,홍성군,한방소아과,24,0,24,0,101814,2.36,4242
충남,홍성군,한방신경정신과,24,0,24,0,101814,2.36,4242
충남,홍성군,한방안·이비인후·피부과,23,0,23,0,101814,2.26,4427
충남,홍성군,한방재활의학과,18,0,18,0,101814,1.77,5656
충북,괴산군,가정의학과,3,1,2,1,37174,0.81,12391
충북,괴산군,구강내과,4,0,4,0,37174,1.08,9294
충북,괴산군,구강병리과,2,0,2,0,37174,0.54,18587
충북,괴산군,구강악안면외과,4,0,4,0,37174,1.08,9294
충북,괴산군,내과,20,4,16,5,37174,5.38,1859
충북,괴산군,마취통증의학과,1,1,0,2,37174,0.27,37174
충북,괴산군,비뇨의학과,2,0,2,0,37174,0.54,18587
충북,괴산군,사상체질과,3,0,3,0,37174,0.81,12391
충북,괴산군,산부인과,3,1,2,2,37174,0.81,12391
충북,괴산군,소아청소년과,7,1,6,1,37174,1.88,5311
충북,괴산군,소아치과,4,0,4,0,37174,1.08,9294
충북,괴산군,신경과,1,0,1,0,37174,0.27,37174
충북,괴산군,신경외과,2,1,1,1,37174,0.54,18587
충북,괴산군,심장혈관흉부외과,1,1,0,1,37174,0.27,37174
충북,괴산군,영상의학과,1,1,0,1,37174,0.27,37174
충북,괴산군,영상치의학과,3,0,3,0,37174,0.81,12391
충북,괴산군,예방치과,2,0,2,0,37174,0.54,18587
충북,괴산군,외과,6,4,2,4,37174,1.61,6196
충북,괴산군,이비인후과,4,0,4,0,37174,1.08,9294
충북,괴산군,정신건강의학과,3,1,2,1,37174,0.81,12391
충북,괴산군,정형외과,7,5,2,5,37174,1.88,5311
충북,괴산군,치과교정과,3,0,3,0,37174,0.81,12391
충북,괴산군,치과보존과,3,0,3,0,37174,0.81,12391
충북,괴산군,치과보철과,6,1,5,1,37174,1.61,6196
충북,괴산군,치주과,4,0,4,0,37174,1.08,9294
충북,괴산군,침구과,6,0,6,0,37174,1.61,6196
충북,괴산군,통합치의학과,7,2,5,3,37174,1.88,5311
충북,괴산군,피부과,4,0,4,0,37174,1.08,9294
충북,괴산군,한방내과,11,0,11,0,37174,2.96,3379
충북,괴산군,한방부인과,5,0,5,0,37174,1.35,7435
충북,괴산군,한방소아과,5,0,5,0,37174,1.35,7435
충북,괴산군,한방신경정신과,4,0,4,0,37174,1.08,9294
충북,괴산군,한방안·이비인후·피부과,5,0,5,0,37174,1.35,7435
충북,괴산군,한방재활의학과,4,0,4,0,37174,1.08,9294
충북,단양군,가정의학과,2,1,1,1,26481,0.76,13240
충북,단양군,구강내과,5,0,5,0,26481,1.89,5296
충북,단양군,구강병리과,4,0,4,0,26481,1.51,6620
충북,단양군,구강악안면외과,6,0,6,0,26481,2.27,4414
충북,단양군,내과,8,2,6,2,26481,3.02,3310
충북,단양군,마취통증의학과,1,0,1,0,26481,0.38,26481
충북,단양군,비뇨의학과,6,0,6,0,26481,2.27,4414
충북,단양군,사상체질과,4,0,4,0,26481,1.51,6620
충북,단양군,산부인과,2,0,2,0,26481,0.76,13240
충북,단양군,소아청소년과,6,0,6,0,26481,2.27,4414
충북,단양군,소아치과,5,0,5,0,26481,1.89,5296
충북,단양군,신경과,3,0,3,0,26481,1.13,8827
충북,단양군,신경외과,5,1,4,1,26481,1.89,5296
충북,단양군,안과,1,0,1,0,26481,0.38,26481
충북,단양군,영상치의학과,5,0,5,0,26481,1.89,5296
충북,단양군,예방치과,6,0,6,0,26481,2.27,4414
충북,단양군,외과,6,3,3,3,26481,2.27,4414
충북,단양군,응급의학과,1,0,1,0,26481,0.38,26481
충북,단양군,이비인후과,5,0,5,0,26481,1.89,5296
충북,단양군,재활의학과,4,0,4,0,26481,1.51,6620
충북,단양군,정신건강의학과,1,1,0,1,26481,0.38,26481
충북,단양군,정형외과,6,1,5,1,26481,2.27,4414
충북,단양군,치과교정과,3,0,3,0,26481,1.13,8827
충북,단양군,치과보존과,6,0,6,0,26481,2.27,4414
충북,단양군,치과보철과,6,0,6,0,26481,2.27,4414
충북,단양군,치주과,6,0,6,0,26481,2.27,4414
충북,단양군,침구과,4,1,3,1,26481,1.51,6620
충북,단양군,통합치의학과,2,0,2,0,26481,0.76,13240
충북,단양군,피부과,6,0,6,0,26481,2.27,4414
충북,단양군,한방내과,6,0,6,0,26481,2.27,4414
충북,단양군,한방부인과,4,0,4,0,26481,1.51,6620
충북,단양군,한방소아과,4,0,4,0,26481,1.51,6620
충북,단양군,한방신경정신과,4,0,4,0,26481,1.51,6620
충북,단양군,한방안·이비인후·피부과,4,0,4,0,26481,1.51,6620
충북,단양군,한방응급,1,0,1,0,26481,0.38,26481
충북,단양군,한방재활의학과,4,0,4,0,26481,1.51,6620
충북,보은군,가정의학과,6,2,4,2,31549,1.9,5258
충북,보은군,구강내과,7,0,7,0,31549,2.22,4507
충북,보은군,구강병리과,5,0,5,0,31549,1.58,6310
충북,보은군,구강악안면외과,6,0,6,0,31549,1.9,5258
충북,보은군,내과,19,3,16,4,31549,6.02,1660
충북,보은군,마취통증의학과,3,0,3,0,31549,0.95,10516
충북,보은군,비뇨의학과,3,0,3,0,31549,0.95,10516
충북,보은군,사상체질과,3,0,3,0,31549,0.95,10516
충북,보은군,산부인과,2,1,1,1,31549,0.63,15774
충북,보은군,성형외과,1,0,1,0,31549,0.32,31549
충북,보은군,소아청소년과,12,1,11,1,31549,3.8,2629
충북,보은군,소아치과,7,0,7,0,31549,2.22,4507
충북,보은군,신경과,3,0,3,0,31549,0.95,10516
충북,보은군,신경외과,5,2,3,2,31549,1.58,6310
충북,보은군,안과,8,1,7,1,31549,2.54,3944
충북,보은군,영상치의학과,6,0,6,0,31549,1.9,5258
충북,보은군,예방치과,6,0,6,0,31549,1.9,5258
충북,보은군,외과,13,4,9,4,31549,4.12,2427
충북,보은군,이비인후과,5,0,5,0,31549,1.58,6310
충북,보은군,재활의학과,1,0,1,0,31549,0.32,31549
충북,보은군,정신건강의학과,1,1,0,4,31549,0.32,31549
충북,보은군,정형외과,15,2,13,2,31549,4.75,2103
충북,보은군,치과교정과,7,0,7,0,31549,2.22,4507
충북,보은군,치과보존과,6,0,6,0,31549,1.9,5258
충북,보은군,치과보철과,7,0,7,0,31549,2.22,4507
충북,보은군,치주과,7,1,6,1,31549,2.22,4507
충북,보은군,침구과,6,0,6,0,31549,1.9,5258
충북,보은군,통합치의학과,6,2,4,3,31549,1.9,5258
충북,보은군,피부과,6,0,6,0,31549,1.9,5258
충북,보은군,한방내과,13,1,12,1,31549,4.12,2427
충북,보은군,한방부인과,7,0,7,0,31549,2.22,4507
충북,보은군,한방소아과,7,0,7,0,31549,2.22,4507
충북,보은군,한방신경정신과,3,0,3,0,31549,0.95,10516
충북,보은군,한방안·이비인후·피부과,4,1,3,1,31549,1.27,7887
충북,보은군,한방재활의학과,3,0,3,0,31549,0.95,10516
충북,영동군,가정의학과,7,5,2,7,43089,1.62,6156
충북,영동군,구강내과,5,0,5,0,43089,1.16,8618
충북,영동군,구강병리과,2,0,2,0,43089,0.46,21544
충북,영동군,구강악안면외과,6,0,6,0,43089,1.39,7182
충북,영동군,내과,28,6,22,8,43089,6.5,1539
충북,영동군,마취통증의학과,7,3,4,3,43089,1.62,6156
충북,영동군,비뇨의학과,3,2,1,2,43089,0.7,14363
충북,영동군,사상체질과,4,0,4,0,43089,0.93,10772
충북,영동군,산부인과,2,1,1,1,43089,0.46,21544
충북,영동군,소아청소년과,14,1,13,1,43089,3.25,3078
충북,영동군,소아치과,7,0,7,0,43089,1.62,6156
충북,영동군,신경과,6,0,6,0,43089,1.39,7182
충북,영동군,신경외과,3,1,2,2,43089,0.7,14363
충북,영동군,안과,1,1,0,1,43089,0.23,43089
충북,영동군,영상의학과,3,1,2,1,43089,0.7,14363
충북,영동군,영상치의학과,6,0,6,0,43089,1.39,7182
충북,영동군,예방치과,8,0,8,0,43089,1.86,5386
충북,영동군,외과,5,2,3,3,43089,1.16,8618
충북,영동군,이비인후과,6,1,5,1,43089,1.39,7182
충북,영동군,재활의학과,3,1,2,1,43089,0.7,14363
충북,영동군,정신건강의학과,3,2,1,4,43089,0.7,14363
충북,영동군,정형외과,6,4,2,4,43089,1.39,7182
충북,영동군,진단검사의학과,1,0,1,0,43089,0.23,43089
충북,영동군,치과교정과,4,0,4,0,43089,0.93,10772
충북,영동군,치과보존과,7,0,7,0,43089,1.62,6156
충북,영동군,치과보철과,8,0,8,0,43089,1.86,5386
충북,영동군,치주과,8,0,8,0,43089,1.86,5386
충북,영동군,침구과,9,0,9,0,43089,2.09,4788
충북,영동군,통합치의학과,8,3,5,4,43089,1.86,5386
충북,영동군,피부과,6,0,6,0,43089,1.39,7182
충북,영동군,한방내과,16,0,16,0,43089,3.71,2693
충북,영동군,한방부인과,12,0,12,0,43089,2.78,3591
충북,영동군,한방소아과,9,0,9,0,43089,2.09,4788
충북,영동군,한방신경정신과,8,0,8,0,43089,1.86,5386
충북,영동군,한방안·이비인후·피부과,9,0,9,0,43089,2.09,4788
충북,영동군,한방재활의학과,6,0,6,0,43089,1.39,7182
충북,옥천군,가정의학과,7,3,4,4,50730,1.38,7247
충북,옥천군,구강내과,12,0,12,0,50730,2.37,4228
충북,옥천군,구강병리과,6,0,6,0,50730,1.18,8455
충북,옥천군,구강악안면외과,11,0,11,0,50730,2.17,4612
충북,옥천군,내과,24,8,16,10,50730,4.73,2114
충북,옥천군,마취통증의학과,8,3,5,3,50730,1.58,6341
충북,옥천군,비뇨의학과,8,2,6,2,50730,1.58,6341
충북,옥천군,사상체질과,5,0,5,0,50730,0.99,10146
충북,옥천군,산부인과,4,2,2,2,50730,0.79,12682
충북,옥천군,성형외과,1,1,0,1,50730,0.2,50730
충북,옥천군,소아청소년과,19,1,18,1,50730,3.75,2670
충북,옥천군,소아치과,13,0,13,0,50730,2.56,3902
충북,옥천군,신경과,8,3,5,3,50730,1.58,6341
충북,옥천군,신경외과,9,2,7,2,50730,1.77,5637
충북,옥천군,안과,4,1,3,1,50730,0.79,12682
충북,옥천군,영상의학과,1,1,0,1,50730,0.2,50730
충북,옥천군,영상치의학과,12,0,12,0,50730,2.37,4228
충북,옥천군,예방치과,11,0,11,0,50730,2.17,4612
충북,옥천군,외과,10,5,5,5,50730,1.97,5073
충북,옥천군,응급의학과,1,0,1,0,50730,0.2,50730
충북,옥천군,이비인후과,10,1,9,1,50730,1.97,5073
충북,옥천군,재활의학과,6,2,4,2,50730,1.18,8455
충북,옥천군,정신건강의학과,4,2,2,2,50730,0.79,12682
충북,옥천군,정형외과,12,2,10,3,50730,2.37,4228
충북,옥천군,진단검사의학과,1,1,0,1,50730,0.2,50730
충북,옥천군,치과교정과,6,0,6,0,50730,1.18,8455
충북,옥천군,치과보존과,14,0,14,0,50730,2.76,3624
충북,옥천군,치과보철과,14,1,13,1,50730,2.76,3624
충북,옥천군,치주과,13,0,13,0,50730,2.56,3902
충북,옥천군,침구과,9,0,9,0,50730,1.77,5637
충북,옥천군,통합치의학과,10,4,6,4,50730,1.97,5073
충북,옥천군,피부과,17,0,17,0,50730,3.35,2984
충북,옥천군,한방내과,15,0,15,0,50730,2.96,3382
충북,옥천군,한방부인과,9,0,9,0,50730,1.77,5637
충북,옥천군,한방소아과,9,0,9,0,50730,1.77,5637
충북,옥천군,한방신경정신과,7,0,7,0,50730,1.38,7247
충북,옥천군,한방안·이비인후·피부과,8,0,8,0,50730,1.58,6341
충북,옥천군,한방응급,2,0,2,0,50730,0.39,25365
충북,옥천군,한방재활의학과,7,0,7,0,50730,1.38,7247
충북,음성군,가정의학과,20,8,12,9,96114,2.08,4806
충북,음성군,구강내과,20,0,20,0,96114,2.08,4806
충북,음성군,구강병리과,9,0,9,0,96114,0.94,10679
충북,음성군,구강악안면외과,22,0,22,0,96114,2.29,4369
충북,음성군,내과,38,12,26,14,96114,3.95,2529
충북,음성군,마취통증의학과,15,4,11,5,96114,1.56,6408
충북,음성군,병리과,1,0,1,0,96114,0.1,96114
충북,음성군,비뇨의학과,12,1,11,1,96114,1.25,8010
충북,음성군,사상체질과,7,0,7,0,96114,0.73,13731
충북,음성군,산부인과,2,2,0,2,96114,0.21,48057
충북,음성군,성형외과,6,1,5,1,96114,0.62,16019
충북,음성군,소아청소년과,31,5,26,6,96114,3.23,3100
충북,음성군,소아치과,22,0,22,0,96114,2.29,4369
충북,음성군,신경과,5,1,4,1,96114,0.52,19223
충북,음성군,신경외과,17,2,15,3,96114,1.77,5654
충북,음성군,심장혈관흉부외과,3,1,2,1,96114,0.31,32038
충북,음성군,안과,5,3,2,3,96114,0.52,19223
충북,음성군,영상의학과,7,3,4,3,96114,0.73,13731
충북,음성군,영상치의학과,17,0,17,0,96114,1.77,5654
충북,음성군,예방치과,20,0,20,0,96114,2.08,4806
충북,음성군,외과,13,5,8,7,96114,1.35,7393
충북,음성군,응급의학과,3,1,2,3,96114,0.31,32038
충북,음성군,이비인후과,24,4,20,4,96114,2.5,4005
충북,음성군,재활의학과,8,1,7,2,96114,0.83,12014
충북,음성군,정신건강의학과,5,4,1,16,96114,0.52,19223
충북,음성군,정형외과,26,9,17,11,96114,2.71,3697
충북,음성군,직업환경의학과,2,1,1,1,96114,0.21,48057
충북,음성군,진단검사의학과,2,1,1,1,96114,0.21,48057
충북,음성군,치과교정과,10,1,9,1,96114,1.04,9611
충북,음성군,치과보존과,22,1,21,1,96114,2.29,4369
충북,음성군,치과보철과,23,0,23,0,96114,2.39,4179
충북,음성군,치주과,23,0,23,0,96114,2.39,4179
충북,음성군,침구과,19,0,19,0,96114,1.98,5059
충북,음성군,통합치의학과,20,8,12,11,96114,2.08,4806
충북,음성군,피부과,21,0,21,0,96114,2.18,4577
충북,음성군,한방내과,24,1,23,1,96114,2.5,4005
충북,음성군,한방부인과,21,0,21,0,96114,2.18,4577
충북,음성군,한방소아과,11,0,11,0,96114,1.14,8738
충북,음성군,한방신경정신과,19,0,19,0,96114,1.98,5059
충북,음성군,한방안·이비인후·피부과,9,0,9,0,96114,0.94,10679
충북,음성군,한방응급,1,0,1,0,96114,0.1,96114
충북,음성군,한방재활의학과,9,0,9,0,96114,0.94,10679
충북,제천시,가정의학과,15,3,12,3,127898,1.17,8527
충북,제천시,결핵과,1,0,1,0,127898,0.08,127898
충북,제천시,구강내과,34,0,34,0,127898,2.66,3762
충북,제천시,구강병리과,14,0,14,0,127898,1.09,9136
충북,제천시,구강악안면외과,34,3,31,3,127898,2.66,3762
충북,제천시,내과,58,17,41,30,127898,4.53,2205
충북,제천시,마취통증의학과,21,8,13,9,127898,1.64,6090
충북,제천시,병리과,4,0,4,0,127898,0.31,31974
충북,제천시,비뇨의학과,21,4,17,4,127898,1.64,6090
충북,제천시,사상체질과,19,0,19,0,127898,1.49,6731
충북,제천시,산부인과,12,9,3,9,127898,0.94,10658
충북,제천시,성형외과,4,0,4,0,127898,0.31,31974
충북,제천시,소아청소년과,36,6,30,6,127898,2.81,3553
충북,제천시,소아치과,33,0,33,0,127898,2.58,3876
충북,제천시,신경과,14,3,11,5,127898,1.09,9136
충북,제천시,신경외과,26,6,20,6,127898,2.03,4919
충북,제천시,심장혈관흉부외과,1,1,0,1,127898,0.08,127898
충북,제천시,안과,10,5,5,6,127898,0.78,12790
충북,제천시,영상의학과,10,5,5,8,127898,0.78,12790
충북,제천시,영상치의학과,31,0,31,0,127898,2.42,4126
충북,제천시,예방치과,32,0,32,0,127898,2.5,3997
충북,제천시,외과,24,7,17,7,127898,1.88,5329
충북,제천시,응급의학과,2,2,0,13,127898,0.16,63949
충북,제천시,이비인후과,27,6,21,6,127898,2.11,4737
충북,제천시,재활의학과,19,3,16,3,127898,1.49,6731
충북,제천시,정신건강의학과,4,2,2,8,127898,0.31,31974
충북,제천시,정형외과,32,12,20,14,127898,2.5,3997
충북,제천시,직업환경의학과,2,1,1,1,127898,0.16,63949
충북,제천시,진단검사의학과,3,2,1,2,127898,0.23,42633
충북,제천시,치과교정과,26,2,24,2,127898,2.03,4919
충북,제천시,치과보존과,35,0,35,0,127898,2.74,3654
충북,제천시,치과보철과,37,1,36,1,127898,2.89,3457
충북,제천시,치주과,35,2,33,2,127898,2.74,3654
충북,제천시,침구과,31,1,30,2,127898,2.42,4126
충북,제천시,통합치의학과,22,8,14,8,127898,1.72,5814
충북,제천시,피부과,30,2,28,2,127898,2.35,4263
충북,제천시,한방내과,42,2,40,4,127898,3.28,3045
충북,제천시,한방부인과,29,2,27,2,127898,2.27,4410
충북,제천시,한방소아과,28,0,28,0,127898,2.19,4568
충북,제천시,한방신경정신과,24,0,24,0,127898,1.88,5329
충북,제천시,한방안·이비인후·피부과,27,1,26,1,127898,2.11,4737
충북,제천시,한방응급,1,0,1,0,127898,0.08,127898
충북,제천시,한방재활의학과,26,1,25,1,127898,2.03,4919
충북,증평군,가정의학과,7,1,6,1,36777,1.9,5254
충북,증평군,구강내과,5,0,5,0,36777,1.36,7355
충북,증평군,구강병리과,3,0,3,0,36777,0.82,12259
충북,증평군,구강악안면외과,6,1,5,1,36777,1.63,6130
충북,증평군,내과,18,4,14,4,36777,4.89,2043
충북,증평군,마취통증의학과,5,2,3,2,36777,1.36,7355
충북,증평군,병리과,1,0,1,0,36777,0.27,36777
충북,증평군,비뇨의학과,4,1,3,1,36777,1.09,9194
충북,증평군,사상체질과,6,0,6,0,36777,1.63,6130
충북,증평군,산부인과,1,1,0,1,36777,0.27,36777
충북,증평군,소아청소년과,6,1,5,1,36777,1.63,6130
충북,증평군,소아치과,6,0,6,0,36777,1.63,6130
충북,증평군,신경과,4,1,3,1,36777,1.09,9194
충북,증평군,신경외과,5,0,5,0,36777,1.36,7355
충북,증평군,안과,2,1,1,1,36777,0.54,18388
충북,증평군,영상의학과,1,1,0,1,36777,0.27,36777
충북,증평군,영상치의학과,4,0,4,0,36777,1.09,9194
충북,증평군,예방치과,4,0,4,0,36777,1.09,9194
충북,증평군,외과,8,1,7,1,36777,2.18,4597
충북,증평군,이비인후과,6,1,5,1,36777,1.63,6130
충북,증평군,재활의학과,5,1,4,4,36777,1.36,7355
충북,증평군,정신건강의학과,1,0,1,0,36777,0.27,36777
충북,증평군,정형외과,10,1,9,1,36777,2.72,3678
충북,증평군,치과교정과,3,0,3,0,36777,0.82,12259
충북,증평군,치과보존과,6,0,6,0,36777,1.63,6130
충북,증평군,치과보철과,6,0,6,0,36777,1.63,6130
충북,증평군,치주과,7,1,6,1,36777,1.9,5254
충북,증평군,침구과,9,0,9,0,36777,2.45,4086
충북,증평군,통합치의학과,10,3,7,3,36777,2.72,3678
충북,증평군,피부과,3,0,3,0,36777,0.82,12259
충북,증평군,한방내과,12,0,12,0,36777,3.26,3065
충북,증평군,한방부인과,10,0,10,0,36777,2.72,3678
충북,증평군,한방소아과,10,0,10,0,36777,2.72,3678
충북,증평군,한방신경정신과,9,1,8,1,36777,2.45,4086
충북,증평군,한방안·이비인후·피부과,9,0,9,0,36777,2.45,4086
충북,증평군,한방재활의학과,9,0,9,0,36777,2.45,4086
충북,진천군,가정의학과,12,6,6,6,85649,1.4,7137
충북,진천군,구강내과,23,0,23,0,85649,2.69,3724
충북,진천군,구강병리과,12,0,12,0,85649,1.4,7137
충북,진천군,구강악안면외과,25,4,21,4,85649,2.92,3426
충북,진천군,내과,35,11,24,16,85649,4.09,2447
충북,진천군,마취통증의학과,10,4,6,4,85649,1.17,8565
충북,진천군,병리과,1,0,1,0,85649,0.12,85649
충북,진천군,비뇨의학과,11,3,8,4,85649,1.28,7786
충북,진천군,사상체질과,16,0,16,0,85649,1.87,5353
충북,진천군,산부인과,5,2,3,3,85649,0.58,17130
충북,진천군,성형외과,5,0,5,0,85649,0.58,17130
충북,진천군,소아청소년과,29,5,24,5,85649,3.39,2953
충북,진천군,소아치과,24,0,24,0,85649,2.8,3569
충북,진천군,신경과,9,1,8,1,85649,1.05,9517
충북,진천군,신경외과,9,2,7,2,85649,1.05,9517
충북,진천군,심장혈관흉부외과,3,1,2,1,85649,0.35,28550
충북,진천군,안과,4,2,2,2,85649,0.47,21412
충북,진천군,영상의학과,3,1,2,2,85649,0.35,28550
충북,진천군,영상치의학과,19,0,19,0,85649,2.22,4508
충북,진천군,예방의학과,1,0,1,0,85649,0.12,85649
충북,진천군,예방치과,20,0,20,0,85649,2.34,4282
충북,진천군,외과,19,2,17,6,85649,2.22,4508
충북,진천군,응급의학과,2,0,2,0,85649,0.23,42824
충북,진천군,이비인후과,21,2,19,2,85649,2.45,4079
충북,진천군,재활의학과,11,2,9,2,85649,1.28,7786
충북,진천군,정신건강의학과,5,2,3,5,85649,0.58,17130
충북,진천군,정형외과,20,6,14,8,85649,2.34,4282
충북,진천군,직업환경의학과,1,1,0,1,85649,0.12,85649
충북,진천군,진단검사의학과,1,1,0,1,85649,0.12,85649
충북,진천군,치과교정과,17,0,17,0,85649,1.98,5038
충북,진천군,치과보존과,25,0,25,0,85649,2.92,3426
충북,진천군,치과보철과,25,0,25,0,85649,2.92,3426
충북,진천군,치주과,25,2,23,2,85649,2.92,3426
충북,진천군,침구과,16,1,15,1,85649,1.87,5353
충북,진천군,통합치의학과,15,7,8,7,85649,1.75,5710
충북,진천군,피부과,24,1,23,1,85649,2.8,3569
충북,진천군,한방내과,19,0,19,0,85649,2.22,4508
충북,진천군,한방부인과,18,0,18,0,85649,2.1,4758
충북,진천군,한방소아과,17,0,17,0,85649,1.98,5038
충북,진천군,한방신경정신과,18,0,18,0,85649,2.1,4758
충북,진천군,한방안·이비인후·피부과,18,0,18,0,85649,2.1,4758
충북,진천군,한방응급,2,0,2,0,85649,0.23,42824
충북,진천군,한방재활의학과,16,0,16,0,85649,1.87,5353
충북,청주상당구,가정의학과,32,19,13,32,192578,1.66,6018
충북,청주상당구,결핵과,2,0,2,0,192578,0.1,96289
충북,청주상당구,구강내과,34,0,34,0,192578,1.77,5664
충북,청주상당구,구강병리과,20,0,20,0,192578,1.04,9629
충북,청주상당구,구강악안면외과,38,7,31,8,192578,1.97,5068
충북,청주상당구,내과,77,25,52,49,192578,4.0,2501
충북,청주상당구,마취통증의학과,26,8,18,13,192578,1.35,7407
충북,청주상당구,병리과,2,1,1,1,192578,0.1,96289
충북,청주상당구,비뇨의학과,30,8,22,10,192578,1.56,6419
충북,청주상당구,사상체질과,42,1,41,1,192578,2.18,4585
충북,청주상당구,산부인과,15,12,3,17,192578,0.78,12839
충북,청주상당구,성형외과,13,7,6,8,192578,0.68,14814
충북,청주상당구,소아청소년과,51,14,37,23,192578,2.65,3776
충북,청주상당구,소아치과,56,1,55,1,192578,2.91,3439
충북,청주상당구,신경과,16,5,11,6,192578,0.83,12036
충북,청주상당구,신경외과,21,8,13,20,192578,1.09,9170
충북,청주상당구,심장혈관흉부외과,3,1,2,3,192578,0.16,64193
충북,청주상당구,안과,15,8,7,13,192578,0.78,12839
충북,청주상당구,영상의학과,13,7,6,20,192578,0.68,14814
충북,청주상당구,영상치의학과,29,0,29,0,192578,1.51,6641
충북,청주상당구,예방의학과,1,0,1,0,192578,0.05,192578
충북,청주상당구,예방치과,57,0,57,0,192578,2.96,3379
충북,청주상당구,외과,24,5,19,9,192578,1.25,8024
충북,청주상당구,응급의학과,5,3,2,11,192578,0.26,38516
충북,청주상당구,이비인후과,46,10,36,10,192578,2.39,4186
충북,청주상당구,재활의학과,21,7,14,10,192578,1.09,9170
충북,청주상당구,정신건강의학과,19,13,6,20,192578,0.99,10136
충북,청주상당구,정형외과,40,14,26,23,192578,2.08,4814
충북,청주상당구,직업환경의학과,3,3,0,6,192578,0.16,64193
충북,청주상당구,진단검사의학과,5,3,2,3,192578,0.26,38516
충북,청주상당구,치과교정과,37,3,34,3,192578,1.92,5205
충북,청주상당구,치과보존과,65,1,64,2,192578,3.38,2963
충북,청주상당구,치과보철과,65,2,63,2,192578,3.38,2963
충북,청주상당구,치주과,66,1,65,1,192578,3.43,2918
충북,청주상당구,침구과,59,3,56,4,192578,3.06,3264
충북,청주상당구,통합치의학과,30,21,9,24,192578,1.56,6419
충북,청주상당구,피부과,55,6,49,9,192578,2.86,3501
충북,청주상당구,한방내과,62,4,58,8,192578,3.22,3106
충북,청주상당구,한방부인과,58,1,57,1,192578,3.01,3320
충북,청주상당구,한방소아과,58,0,58,0,192578,3.01,3320
충북,청주상당구,한방신경정신과,57,0,57,0,192578,2.96,3379
충북,청주상당구,한방안·이비인후·피부과,58,0,58,0,192578,3.01,3320
충북,청주상당구,한방응급,1,0,1,0,192578,0.05,192578
충북,청주상당구,한방재활의학과,47,4,43,7,192578,2.44,4097
충북,청주서원구,가정의학과,41,22,19,32,187612,2.19,4576
충북,청주서원구,결핵과,1,0,1,0,187612,0.05,187612
충북,청주서원구,구강내과,45,0,45,0,187612,2.4,4169
충북,청주서원구,구강병리과,20,0,20,0,187612,1.07,9381
충북,청주서원구,구강악안면외과,47,3,44,4,187612,2.51,3992
충북,청주서원구,내과,86,27,59,78,187612,4.58,2182
충북,청주서원구,마취통증의학과,26,8,18,17,187612,1.39,7216
충북,청주서원구,방사선종양학과,2,1,1,3,187612,0.11,93806
충북,청주서원구,병리과,5,2,3,5,187612,0.27,37522
충북,청주서원구,비뇨의학과,27,7,20,11,187612,1.44,6949
충북,청주서원구,사상체질과,45,0,45,0,187612,2.4,4169
충북,청주서원구,산부인과,20,14,6,32,187612,1.07,9381
충북,청주서원구,성형외과,10,1,9,1,187612,0.53,18761
충북,청주서원구,소아청소년과,58,11,47,31,187612,3.09,3235
충북,청주서원구,소아치과,47,1,46,1,187612,2.51,3992
충북,청주서원구,신경과,22,5,17,14,187612,1.17,8528
충북,청주서원구,신경외과,21,7,14,15,187612,1.12,8934
충북,청주서원구,심장혈관흉부외과,6,1,5,6,187612,0.32,31269
충북,청주서원구,안과,15,3,12,13,187612,0.8,12507
충북,청주서원구,영상의학과,10,3,7,14,187612,0.53,18761
충북,청주서원구,영상치의학과,42,0,42,0,187612,2.24,4467
충북,청주서원구,예방의학과,2,0,2,0,187612,0.11,93806
충북,청주서원구,예방치과,42,0,42,0,187612,2.24,4467
충북,청주서원구,외과,38,13,25,27,187612,2.03,4937
충북,청주서원구,응급의학과,4,2,2,7,187612,0.21,46903
충북,청주서원구,이비인후과,51,11,40,21,187612,2.72,3679
충북,청주서원구,재활의학과,28,6,22,13,187612,1.49,6700
충북,청주서원구,정신건강의학과,12,7,5,18,187612,0.64,15634
충북,청주서원구,정형외과,41,11,30,20,187612,2.19,4576
충북,청주서원구,직업환경의학과,3,2,1,6,187612,0.16,62537
충북,청주서원구,진단검사의학과,4,2,2,6,187612,0.21,46903
충북,청주서원구,치과교정과,31,2,29,2,187612,1.65,6052
충북,청주서원구,치과보존과,50,1,49,1,187612,2.67,3752
충북,청주서원구,치과보철과,50,3,47,4,187612,2.67,3752
충북,청주서원구,치주과,50,2,48,2,187612,2.67,3752
충북,청주서원구,침구과,53,3,50,3,187612,2.82,3540
충북,청주서원구,통합치의학과,30,7,23,10,187612,1.6,6254
충북,청주서원구,피부과,53,6,47,7,187612,2.82,3540
충북,청주서원구,한방내과,56,0,56,0,187612,2.98,3350
충북,청주서원구,한방부인과,52,0,52,0,187612,2.77,3608
충북,청주서원구,한방소아과,52,1,51,1,187612,2.77,3608
충북,청주서원구,한방신경정신과,50,0,50,0,187612,2.67,3752
충북,청주서원구,한방안·이비인후·피부과,52,0,52,0,187612,2.77,3608
충북,청주서원구,한방응급,4,0,4,0,187612,0.21,46903
충북,청주서원구,한방재활의학과,50,2,48,2,187612,2.67,3752
충북,청주서원구,핵의학과,2,1,1,2,187612,0.11,93806
충북,청주청원구,가정의학과,27,16,11,16,185725,1.45,6879
충북,청주청원구,구강내과,43,0,43,0,185725,2.32,4319
충북,청주청원구,구강병리과,22,0,22,0,185725,1.18,8442
충북,청주청원구,구강악안면외과,45,3,42,3,185725,2.42,4127
충북,청주청원구,내과,58,20,38,50,185725,3.12,3202
충북,청주청원구,마취통증의학과,17,7,10,11,185725,0.92,10925
충북,청주청원구,병리과,1,1,0,1,185725,0.05,185725
충북,청주청원구,비뇨의학과,25,6,19,8,185725,1.35,7429
충북,청주청원구,사상체질과,35,1,34,1,185725,1.88,5306
충북,청주청원구,산부인과,7,6,1,14,185725,0.38,26532
충북,청주청원구,성형외과,4,1,3,1,185725,0.22,46431
충북,청주청원구,소아청소년과,41,6,35,18,185725,2.21,4530
충북,청주청원구,소아치과,45,1,44,1,185725,2.42,4127
충북,청주청원구,신경과,16,2,14,6,185725,0.86,11608
충북,청주청원구,신경외과,18,4,14,11,185725,0.97,10318
충북,청주청원구,심장혈관흉부외과,4,1,3,1,185725,0.22,46431
충북,청주청원구,안과,12,6,6,8,185725,0.65,15477
충북,청주청원구,영상의학과,6,3,3,8,185725,0.32,30954
충북,청주청원구,영상치의학과,35,0,35,0,185725,1.88,5306
충북,청주청원구,예방치과,41,0,41,0,185725,2.21,4530
충북,청주청원구,외과,24,8,16,13,185725,1.29,7739
충북,청주청원구,응급의학과,1,1,0,5,185725,0.05,185725
충북,청주청원구,이비인후과,36,10,26,14,185725,1.94,5159
충북,청주청원구,재활의학과,17,7,10,12,185725,0.92,10925
충북,청주청원구,정신건강의학과,9,6,3,9,185725,0.48,20636
충북,청주청원구,정형외과,38,13,25,21,185725,2.05,4888
충북,청주청원구,진단검사의학과,2,1,1,2,185725,0.11,92862
충북,청주청원구,치과교정과,35,0,35,0,185725,1.88,5306
충북,청주청원구,치과보존과,53,1,52,1,185725,2.85,3504
충북,청주청원구,치과보철과,52,0,52,0,185725,2.8,3572
충북,청주청원구,치주과,50,1,49,1,185725,2.69,3714
충북,청주청원구,침구과,44,3,41,3,185725,2.37,4221
충북,청주청원구,통합치의학과,28,14,14,15,185725,1.51,6633
충북,청주청원구,피부과,40,4,36,4,185725,2.15,4643
충북,청주청원구,한방내과,47,1,46,1,185725,2.53,3952
충북,청주청원구,한방부인과,43,0,43,0,185725,2.32,4319
충북,청주청원구,한방소아과,43,0,43,0,185725,2.32,4319
충북,청주청원구,한방신경정신과,41,0,41,0,185725,2.21,4530
충북,청주청원구,한방안·이비인후·피부과,44,0,44,0,185725,2.37,4221
충북,청주청원구,한방응급,1,0,1,0,185725,0.05,185725
충북,청주청원구,한방재활의학과,36,2,34,2,185725,1.94,5159
충북,청주흥덕구,가정의학과,49,22,27,33,294300,1.66,6006
충북,청주흥덕구,결핵과,2,0,2,0,294300,0.07,147150
충북,청주흥덕구,구강내과,75,0,75,0,294300,2.55,3924
충북,청주흥덕구,구강병리과,36,0,36,0,294300,1.22,8175
충북,청주흥덕구,구강악안면외과,78,7,71,9,294300,2.65,3773
충북,청주흥덕구,내과,96,33,63,60,294300,3.26,3066
충북,청주흥덕구,마취통증의학과,34,13,21,21,294300,1.16,8656
충북,청주흥덕구,방사선종양학과,1,0,1,0,294300,0.03,294300
충북,청주흥덕구,병리과,2,1,1,2,294300,0.07,147150
충북,청주흥덕구,비뇨의학과,28,7,21,8,294300,0.95,10511
충북,청주흥덕구,사상체질과,69,0,69,0,294300,2.34,4265
충북,청주흥덕구,산부인과,19,13,6,17,294300,0.65,15489
충북,청주흥덕구,성형외과,25,8,17,8,294300,0.85,11772
충북,청주흥덕구,소아청소년과,65,17,48,30,294300,2.21,4528
충북,청주흥덕구,소아치과,81,4,77,4,294300,2.75,3633
충북,청주흥덕구,신경과,23,9,14,13,294300,0.78,12796
충북,청주흥덕구,신경외과,25,10,15,18,294300,0.85,11772
충북,청주흥덕구,심장혈관흉부외과,6,2,4,2,294300,0.2,49050
충북,청주흥덕구,안과,15,7,8,15,294300,0.51,19620
충북,청주흥덕구,영상의학과,17,13,4,21,294300,0.58,17312
충북,청주흥덕구,영상치의학과,71,0,71,0,294300,2.41,4145
충북,청주흥덕구,예방의학과,4,0,4,0,294300,0.14,73575
충북,청주흥덕구,예방치과,78,0,78,0,294300,2.65,3773
충북,청주흥덕구,외과,35,14,21,18,294300,1.19,8409
충북,청주흥덕구,응급의학과,5,2,3,6,294300,0.17,58860
충북,청주흥덕구,이비인후과,57,13,44,13,294300,1.94,5163
충북,청주흥덕구,재활의학과,27,10,17,16,294300,0.92,10900
충북,청주흥덕구,정신건강의학과,17,12,5,16,294300,0.58,17312
충북,청주흥덕구,정형외과,49,17,32,32,294300,1.66,6006
충북,청주흥덕구,직업환경의학과,5,2,3,10,294300,0.17,58860
충북,청주흥덕구,진단검사의학과,8,3,5,3,294300,0.27,36788
충북,청주흥덕구,치과교정과,62,8,54,8,294300,2.11,4747
충북,청주흥덕구,치과보존과,88,2,86,2,294300,2.99,3344
충북,청주흥덕구,치과보철과,89,4,85,6,294300,3.02,3307
충북,청주흥덕구,치주과,88,6,82,6,294300,2.99,3344
충북,청주흥덕구,침구과,78,3,75,3,294300,2.65,3773
충북,청주흥덕구,통합치의학과,64,26,38,33,294300,2.17,4598
충북,청주흥덕구,피부과,81,6,75,7,294300,2.75,3633
충북,청주흥덕구,한방내과,79,4,75,4,294300,2.68,3725
충북,청주흥덕구,한방부인과,76,2,74,2,294300,2.58,3872
충북,청주흥덕구,한방소아과,76,0,76,0,294300,2.58,3872
충북,청주흥덕구,한방신경정신과,75,1,74,1,294300,2.55,3924
충북,청주흥덕구,한방안·이비인후·피부과,77,0,77,0,294300,2.62,3822
충북,청주흥덕구,한방재활의학과,78,6,72,9,294300,2.65,3773
충북,충주시,가정의학과,44,20,24,25,205691,2.14,4675
충북,충주시,결핵과,2,0,2,0,205691,0.1,102846
충북,충주시,구강내과,31,0,31,0,205691,1.51,6635
충북,충주시,구강병리과,17,0,17,0,205691,0.83,12099
충북,충주시,구강악안면외과,36,2,34,3,205691,1.75,5714
충북,충주시,내과,126,29,97,47,205691,6.13,1632
충북,충주시,마취통증의학과,38,12,26,15,205691,1.85,5413
충북,충주시,병리과,1,1,0,1,205691,0.05,205691
충북,충주시,비뇨의학과,36,7,29,11,205691,1.75,5714
충북,충주시,사상체질과,26,1,25,1,205691,1.26,7911
충북,충주시,산부인과,13,11,2,17,205691,0.63,15822
충북,충주시,성형외과,12,4,8,4,205691,0.58,17141
충북,충주시,소아청소년과,60,10,50,13,205691,2.92,3428
충북,충주시,소아치과,33,1,32,2,205691,1.6,6233
충북,충주시,신경과,20,4,16,5,205691,0.97,10285
충북,충주시,신경외과,35,7,28,11,205691,1.7,5877
충북,충주시,심장혈관흉부외과,5,1,4,1,205691,0.24,41138
충북,충주시,안과,11,4,7,16,205691,0.53,18699
충북,충주시,영상의학과,12,5,7,8,205691,0.58,17141
충북,충주시,영상치의학과,27,0,27,0,205691,1.31,7618
충북,충주시,예방의학과,1,0,1,0,205691,0.05,205691
충북,충주시,예방치과,36,0,36,0,205691,1.75,5714
충북,충주시,외과,41,13,28,21,205691,1.99,5017
충북,충주시,응급의학과,4,2,2,8,205691,0.19,51423
충북,충주시,이비인후과,52,8,44,9,205691,2.53,3956
충북,충주시,재활의학과,28,8,20,8,205691,1.36,7346
충북,충주시,정신건강의학과,11,6,5,7,205691,0.53,18699
충북,충주시,정형외과,57,18,39,23,205691,2.77,3609
충북,충주시,직업환경의학과,2,1,1,2,205691,0.1,102846
충북,충주시,진단검사의학과,4,2,2,2,205691,0.19,51423
충북,충주시,치과,6,0,6,0,205691,0.29,34282
충북,충주시,치과교정과,26,3,23,3,205691,1.26,7911
충북,충주시,치과보존과,41,0,41,0,205691,1.99,5017
충북,충주시,치과보철과,40,4,36,4,205691,1.94,5142
충북,충주시,치주과,39,2,37,2,205691,1.9,5274
충북,충주시,침구과,44,1,43,2,205691,2.14,4675
충북,충주시,통합치의학과,35,13,22,14,205691,1.7,5877
충북,충주시,피부과,56,2,54,2,205691,2.72,3673
충북,충주시,한방내과,67,6,61,7,205691,3.26,3070
충북,충주시,한방부인과,41,2,39,2,205691,1.99,5017
충북,충주시,한방소아과,42,1,41,1,205691,2.04,4897
충북,충주시,한방신경정신과,37,2,35,2,205691,1.8,5559
충북,충주시,한방안·이비인후·피부과,40,0,40,0,205691,1.94,5142
충북,충주시,한방응급,3,0,3,0,205691,0.15,68564
충북,충주시,한방재활의학과,33,3,30,4,205691,1.6,6233
