id,category,badge_label,korean_term,english_term,acronym,short_definition,detailed_definition,example,related_terms,source_1_name,source_1_url,source_2_name,source_2_url,verification_note,confidence,audit_status
DEV-001,백엔드·API,백엔드·API,권한 관리,Authorization,,인증된 사용자가 어떤 리소스와 기능을 사용할 수 있는지 허용 범위를 정하는 것.,"권한 관리(Authorization) 용어는 인증된 사용자가 어떤 리소스와 기능을 사용할 수 있는지 허용 범위를 정하는 것. 자세히 보기에서는 이 용어를 백엔드·API 관점에서 이해하면 좋다. 실무에서는 요구사항 확인, 구현 방식 선택, 운영 리스크 점검에 함께 쓰이며, 예: 관리자만 예약 데이터 다운로드를 허용. 관련해서는 인증, OAuth 2.0, 최소 권한 항목을 함께 보면 개념 간 차이를 더 명확히 구분할 수 있다.",관리자만 예약 데이터 다운로드를 허용.,인증;OAuth 2.0;최소 권한,OAuth.net - OAuth 2.0,https://oauth.net/2/,OWASP Top 10,https://owasp.org/www-project-top-ten/,"첨부 마크다운의 기존 개발 용어와 공식 문서의 정의·사용 맥락을 대조했고, 중복 정규화 검사 후 사이트 카드와 자세히 보기 양쪽에 쓸 수 있도록 한국어로 재정리함.",high,verified
DEV-002,인프라·배포,인프라·배포,깃,Git,,코드 변경 이력을 기록하고 여러 개발자가 분산 협업할 수 있게 하는 버전 관리 시스템.,"깃(Git) 용어는 코드 변경 이력을 기록하고 여러 개발자가 분산 협업할 수 있게 하는 버전 관리 시스템. 자세히 보기에서는 이 용어를 인프라·배포 관점에서 이해하면 좋다. 실무에서는 요구사항 확인, 구현 방식 선택, 운영 리스크 점검에 함께 쓰이며, 예: 기능 작업 전 브랜치를 만들고 커밋으로 변경점을 남김. 관련해서는 버전 관리, 브랜치, 커밋 항목을 함께 보면 개념 간 차이를 더 명확히 구분할 수 있다.",기능 작업 전 브랜치를 만들고 커밋으로 변경점을 남김.,버전 관리;브랜치;커밋,Git Documentation,https://git-scm.com/docs,Git Glossary,https://git-scm.com/docs/gitglossary,"첨부 마크다운의 기존 개발 용어와 공식 문서의 정의·사용 맥락을 대조했고, 중복 정규화 검사 후 사이트 카드와 자세히 보기 양쪽에 쓸 수 있도록 한국어로 재정리함.",high,verified
DEV-003,인프라·배포,인프라·배포,깃허브,GitHub,,"Git 저장소를 클라우드에서 호스팅하고 코드 리뷰, 이슈, 자동화를 함께 관리하는 협업 플랫폼.","깃허브(GitHub) 용어는 Git 저장소를 클라우드에서 호스팅하고 코드 리뷰, 이슈, 자동화를 함께 관리하는 협업 플랫폼. 자세히 보기에서는 이 용어를 인프라·배포 관점에서 이해하면 좋다. 실무에서는 요구사항 확인, 구현 방식 선택, 운영 리스크 점검에 함께 쓰이며, 예: 풀 리퀘스트로 코드 변경을 검토하고 병합. 관련해서는 저장소, 풀 리퀘스트, GitHub Actions 항목을 함께 보면 개념 간 차이를 더 명확히 구분할 수 있다.",풀 리퀘스트로 코드 변경을 검토하고 병합.,저장소;풀 리퀘스트;GitHub Actions,GitHub Docs - Repositories,https://docs.github.com/en/repositories,GitHub Docs - GitHub Actions,https://docs.github.com/en/actions,"첨부 마크다운의 기존 개발 용어와 공식 문서의 정의·사용 맥락을 대조했고, 중복 정규화 검사 후 사이트 카드와 자세히 보기 양쪽에 쓸 수 있도록 한국어로 재정리함.",high,verified
DEV-004,데이터베이스,백엔드·API,데이터베이스,Database,,"데이터를 체계적으로 저장, 검색, 수정, 관리하는 시스템.","데이터베이스(Database) 용어는 데이터를 체계적으로 저장, 검색, 수정, 관리하는 시스템. 자세히 보기에서는 이 용어를 데이터베이스 관점에서 이해하면 좋다. 실무에서는 요구사항 확인, 구현 방식 선택, 운영 리스크 점검에 함께 쓰이며, 예: 환자 상담 신청 데이터를 테이블에 저장. 관련해서는 SQL, 스키마, 트랜잭션 항목을 함께 보면 개념 간 차이를 더 명확히 구분할 수 있다.",환자 상담 신청 데이터를 테이블에 저장.,SQL;스키마;트랜잭션,PostgreSQL Documentation - What Is PostgreSQL?,https://www.postgresql.org/docs/current/intro-whatis.html,MySQL Documentation,https://dev.mysql.com/doc/,"첨부 마크다운의 기존 개발 용어와 공식 문서의 정의·사용 맥락을 대조했고, 중복 정규화 검사 후 사이트 카드와 자세히 보기 양쪽에 쓸 수 있도록 한국어로 재정리함.",high,verified
DEV-005,인프라·배포,인프라·배포,도메인,Domain,,웹사이트 주소로 쓰이는 사람이 읽기 쉬운 인터넷 이름.,"도메인(Domain) 용어는 웹사이트 주소로 쓰이는 사람이 읽기 쉬운 인터넷 이름. 자세히 보기에서는 이 용어를 인프라·배포 관점에서 이해하면 좋다. 실무에서는 요구사항 확인, 구현 방식 선택, 운영 리스크 점검에 함께 쓰이며, 예: example.com을 병원 홈페이지 주소로 연결. 관련해서는 DNS, URL, HTTPS 항목을 함께 보면 개념 간 차이를 더 명확히 구분할 수 있다.",example.com을 병원 홈페이지 주소로 연결.,DNS;URL;HTTPS,MDN Web Docs - URL API,https://developer.mozilla.org/en-US/docs/Web/API/URL_API,MDN Web Docs - HTTP,https://developer.mozilla.org/en-US/docs/Web/HTTP,"첨부 마크다운의 기존 개발 용어와 공식 문서의 정의·사용 맥락을 대조했고, 중복 정규화 검사 후 사이트 카드와 자세히 보기 양쪽에 쓸 수 있도록 한국어로 재정리함.",high,verified
DEV-006,개발 일반,개발 일반,디버깅,Debugging,,버그의 원인을 찾아 재현하고 수정하는 과정.,"디버깅(Debugging) 용어는 버그의 원인을 찾아 재현하고 수정하는 과정. 자세히 보기에서는 이 용어를 개발 일반 관점에서 이해하면 좋다. 실무에서는 요구사항 확인, 구현 방식 선택, 운영 리스크 점검에 함께 쓰이며, 예: 문의 폼 제출 실패 로그를 따라 원인을 찾음. 관련해서는 버그, 로그, 테스트 항목을 함께 보면 개념 간 차이를 더 명확히 구분할 수 있다.",문의 폼 제출 실패 로그를 따라 원인을 찾음.,버그;로그;테스트,Git Documentation,https://git-scm.com/docs,MDN Web Docs - JavaScript,https://developer.mozilla.org/en-US/docs/Web/JavaScript,"첨부 마크다운의 기존 개발 용어와 공식 문서의 정의·사용 맥락을 대조했고, 중복 정규화 검사 후 사이트 카드와 자세히 보기 양쪽에 쓸 수 있도록 한국어로 재정리함.",high,verified
DEV-007,프론트엔드,프론트엔드,라이브러리,Library,,특정 기능을 미리 구현해 필요할 때 가져다 쓰는 재사용 코드 모음.,"라이브러리(Library) 용어는 특정 기능을 미리 구현해 필요할 때 가져다 쓰는 재사용 코드 모음. 자세히 보기에서는 이 용어를 프론트엔드 관점에서 이해하면 좋다. 실무에서는 요구사항 확인, 구현 방식 선택, 운영 리스크 점검에 함께 쓰이며, 예: 날짜 선택 UI 라이브러리를 설치해 예약 폼에 사용. 관련해서는 프레임워크, 의존성, 패키지 항목을 함께 보면 개념 간 차이를 더 명확히 구분할 수 있다.",날짜 선택 UI 라이브러리를 설치해 예약 폼에 사용.,프레임워크;의존성;패키지,npm Docs - About npm,https://docs.npmjs.com/about-npm,React Docs - Learn React,https://react.dev/learn,"첨부 마크다운의 기존 개발 용어와 공식 문서의 정의·사용 맥락을 대조했고, 중복 정규화 검사 후 사이트 카드와 자세히 보기 양쪽에 쓸 수 있도록 한국어로 재정리함.",high,verified
DEV-008,성능·운영,개발 일반,레이턴시,Latency,,요청을 보낸 뒤 응답이 돌아오기까지 걸리는 지연 시간.,"레이턴시(Latency) 용어는 요청을 보낸 뒤 응답이 돌아오기까지 걸리는 지연 시간. 자세히 보기에서는 이 용어를 성능·운영 관점에서 이해하면 좋다. 실무에서는 요구사항 확인, 구현 방식 선택, 운영 리스크 점검에 함께 쓰이며, 예: 서버 응답 레이턴시가 높아 상담 페이지가 늦게 열림. 관련해서는 성능, 캐시, 모니터링 항목을 함께 보면 개념 간 차이를 더 명확히 구분할 수 있다.",서버 응답 레이턴시가 높아 상담 페이지가 늦게 열림.,성능;캐시;모니터링,MDN Web Docs - HTTP,https://developer.mozilla.org/en-US/docs/Web/HTTP,web.dev - Core Web Vitals,https://web.dev/articles/vitals,"첨부 마크다운의 기존 개발 용어와 공식 문서의 정의·사용 맥락을 대조했고, 중복 정규화 검사 후 사이트 카드와 자세히 보기 양쪽에 쓸 수 있도록 한국어로 재정리함.",high,verified
DEV-009,프론트엔드,프론트엔드,리액트,React,,컴포넌트 단위로 사용자 인터페이스를 구성하는 JavaScript 라이브러리.,"리액트(React) 용어는 컴포넌트 단위로 사용자 인터페이스를 구성하는 JavaScript 라이브러리. 자세히 보기에서는 이 용어를 프론트엔드 관점에서 이해하면 좋다. 실무에서는 요구사항 확인, 구현 방식 선택, 운영 리스크 점검에 함께 쓰이며, 예: 진료과 카드와 상담 폼을 컴포넌트로 분리. 관련해서는 컴포넌트, 상태, Next.js 항목을 함께 보면 개념 간 차이를 더 명확히 구분할 수 있다.",진료과 카드와 상담 폼을 컴포넌트로 분리.,컴포넌트;상태;Next.js,React Docs - Learn React,https://react.dev/learn,Next.js Docs,https://nextjs.org/docs,"첨부 마크다운의 기존 개발 용어와 공식 문서의 정의·사용 맥락을 대조했고, 중복 정규화 검사 후 사이트 카드와 자세히 보기 양쪽에 쓸 수 있도록 한국어로 재정리함.",high,verified
DEV-010,개발 일반,개발 일반,리팩터링,Refactoring,,겉으로 보이는 동작은 유지하면서 코드 구조와 가독성을 개선하는 작업.,"리팩터링(Refactoring) 용어는 겉으로 보이는 동작은 유지하면서 코드 구조와 가독성을 개선하는 작업. 자세히 보기에서는 이 용어를 개발 일반 관점에서 이해하면 좋다. 실무에서는 요구사항 확인, 구현 방식 선택, 운영 리스크 점검에 함께 쓰이며, 예: 중복된 폼 검증 코드를 공통 함수로 정리. 관련해서는 유지보수, 테스트, 코드 리뷰 항목을 함께 보면 개념 간 차이를 더 명확히 구분할 수 있다.",중복된 폼 검증 코드를 공통 함수로 정리.,유지보수;테스트;코드 리뷰,Git Documentation,https://git-scm.com/docs,GitHub Docs - Repositories,https://docs.github.com/en/repositories,"첨부 마크다운의 기존 개발 용어와 공식 문서의 정의·사용 맥락을 대조했고, 중복 정규화 검사 후 사이트 카드와 자세히 보기 양쪽에 쓸 수 있도록 한국어로 재정리함.",high,verified
DEV-011,프론트엔드,프론트엔드,반응형,Responsive Design,,화면 크기와 기기 특성에 따라 레이아웃이 자연스럽게 조정되는 설계 방식.,"반응형(Responsive Design) 용어는 화면 크기와 기기 특성에 따라 레이아웃이 자연스럽게 조정되는 설계 방식. 자세히 보기에서는 이 용어를 프론트엔드 관점에서 이해하면 좋다. 실무에서는 요구사항 확인, 구현 방식 선택, 운영 리스크 점검에 함께 쓰이며, 예: 모바일에서는 1열, 데스크톱에서는 3열 카드로 표시. 관련해서는 CSS, 미디어 쿼리, 접근성 항목을 함께 보면 개념 간 차이를 더 명확히 구분할 수 있다.","모바일에서는 1열, 데스크톱에서는 3열 카드로 표시.",CSS;미디어 쿼리;접근성,MDN Web Docs - CSS,https://developer.mozilla.org/en-US/docs/Web/CSS,MDN Web Docs - HTML,https://developer.mozilla.org/en-US/docs/Web/HTML,"첨부 마크다운의 기존 개발 용어와 공식 문서의 정의·사용 맥락을 대조했고, 중복 정규화 검사 후 사이트 카드와 자세히 보기 양쪽에 쓸 수 있도록 한국어로 재정리함.",high,verified
DEV-012,인프라·배포,인프라·배포,배포,Deployment,,완성된 코드를 실제 사용자가 접근하는 서비스 환경에 올리는 작업.,"배포(Deployment) 용어는 완성된 코드를 실제 사용자가 접근하는 서비스 환경에 올리는 작업. 자세히 보기에서는 이 용어를 인프라·배포 관점에서 이해하면 좋다. 실무에서는 요구사항 확인, 구현 방식 선택, 운영 리스크 점검에 함께 쓰이며, 예: 수정된 병원 소개 페이지를 운영 서버에 반영. 관련해서는 CI/CD, 릴리스, 롤백 항목을 함께 보면 개념 간 차이를 더 명확히 구분할 수 있다.",수정된 병원 소개 페이지를 운영 서버에 반영.,CI/CD;릴리스;롤백,GitHub Docs - GitHub Actions,https://docs.github.com/en/actions,Docker Docs - What is a container?,https://docs.docker.com/get-started/docker-concepts/the-basics/what-is-a-container/,"첨부 마크다운의 기존 개발 용어와 공식 문서의 정의·사용 맥락을 대조했고, 중복 정규화 검사 후 사이트 카드와 자세히 보기 양쪽에 쓸 수 있도록 한국어로 재정리함.",high,verified
DEV-013,백엔드·API,백엔드·API,백엔드,Backend,,"사용자 화면 뒤에서 데이터 처리, 비즈니스 로직, 인증, 서버 응답을 담당하는 영역.","백엔드(Backend) 용어는 사용자 화면 뒤에서 데이터 처리, 비즈니스 로직, 인증, 서버 응답을 담당하는 영역. 자세히 보기에서는 이 용어를 백엔드·API 관점에서 이해하면 좋다. 실무에서는 요구사항 확인, 구현 방식 선택, 운영 리스크 점검에 함께 쓰이며, 예: 상담 신청을 저장하고 관리자에게 알림을 보냄. 관련해서는 서버, API, 데이터베이스 항목을 함께 보면 개념 간 차이를 더 명확히 구분할 수 있다.",상담 신청을 저장하고 관리자에게 알림을 보냄.,서버;API;데이터베이스,Node.js Docs - Introduction to Node.js,https://nodejs.org/learn/getting-started/introduction-to-nodejs,PostgreSQL Documentation - What Is PostgreSQL?,https://www.postgresql.org/docs/current/intro-whatis.html,"첨부 마크다운의 기존 개발 용어와 공식 문서의 정의·사용 맥락을 대조했고, 중복 정규화 검사 후 사이트 카드와 자세히 보기 양쪽에 쓸 수 있도록 한국어로 재정리함.",high,verified
DEV-014,개발 일반,개발 일반,버그,Bug,,프로그램이 의도와 다르게 동작하게 만드는 결함이나 오류.,"버그(Bug) 용어는 프로그램이 의도와 다르게 동작하게 만드는 결함이나 오류. 자세히 보기에서는 이 용어를 개발 일반 관점에서 이해하면 좋다. 실무에서는 요구사항 확인, 구현 방식 선택, 운영 리스크 점검에 함께 쓰이며, 예: 전화번호 입력 시 저장이 되지 않는 문제. 관련해서는 디버깅, 테스트, 회귀 테스트 항목을 함께 보면 개념 간 차이를 더 명확히 구분할 수 있다.",전화번호 입력 시 저장이 되지 않는 문제.,디버깅;테스트;회귀 테스트,GitHub Docs - Repositories,https://docs.github.com/en/repositories,MDN Web Docs - JavaScript,https://developer.mozilla.org/en-US/docs/Web/JavaScript,"첨부 마크다운의 기존 개발 용어와 공식 문서의 정의·사용 맥락을 대조했고, 중복 정규화 검사 후 사이트 카드와 자세히 보기 양쪽에 쓸 수 있도록 한국어로 재정리함.",high,verified
DEV-015,개발 일반,개발 일반,버전 관리,Version Control,,"코드와 문서의 변경 이력을 기록해 추적, 비교, 복구, 협업을 가능하게 하는 관리 방식.","버전 관리(Version Control) 용어는 코드와 문서의 변경 이력을 기록해 추적, 비교, 복구, 협업을 가능하게 하는 관리 방식. 자세히 보기에서는 이 용어를 개발 일반 관점에서 이해하면 좋다. 실무에서는 요구사항 확인, 구현 방식 선택, 운영 리스크 점검에 함께 쓰이며, 예: 이전 배포 버전과 현재 버전의 차이를 비교. 관련해서는 Git, 커밋, 브랜치 항목을 함께 보면 개념 간 차이를 더 명확히 구분할 수 있다.",이전 배포 버전과 현재 버전의 차이를 비교.,Git;커밋;브랜치,Git Documentation,https://git-scm.com/docs,Git Glossary,https://git-scm.com/docs/gitglossary,"첨부 마크다운의 기존 개발 용어와 공식 문서의 정의·사용 맥락을 대조했고, 중복 정규화 검사 후 사이트 카드와 자세히 보기 양쪽에 쓸 수 있도록 한국어로 재정리함.",high,verified
DEV-016,인프라·배포,인프라·배포,브랜치,Branch,,기준 코드에서 갈라져 독립적으로 작업할 수 있는 개발 흐름.,"브랜치(Branch) 용어는 기준 코드에서 갈라져 독립적으로 작업할 수 있는 개발 흐름. 자세히 보기에서는 이 용어를 인프라·배포 관점에서 이해하면 좋다. 실무에서는 요구사항 확인, 구현 방식 선택, 운영 리스크 점검에 함께 쓰이며, 예: 새 랜딩 페이지 작업을 feature/landing 브랜치에서 진행. 관련해서는 Git, 머지, 풀 리퀘스트 항목을 함께 보면 개념 간 차이를 더 명확히 구분할 수 있다.",새 랜딩 페이지 작업을 feature/landing 브랜치에서 진행.,Git;머지;풀 리퀘스트,Git Documentation,https://git-scm.com/docs,GitHub Docs - Repositories,https://docs.github.com/en/repositories,"첨부 마크다운의 기존 개발 용어와 공식 문서의 정의·사용 맥락을 대조했고, 중복 정규화 검사 후 사이트 카드와 자세히 보기 양쪽에 쓸 수 있도록 한국어로 재정리함.",high,verified
DEV-017,백엔드·API,백엔드·API,서버,Server,,클라이언트 요청을 받아 처리하고 응답을 돌려주는 컴퓨터나 프로그램.,"서버(Server) 용어는 클라이언트 요청을 받아 처리하고 응답을 돌려주는 컴퓨터나 프로그램. 자세히 보기에서는 이 용어를 백엔드·API 관점에서 이해하면 좋다. 실무에서는 요구사항 확인, 구현 방식 선택, 운영 리스크 점검에 함께 쓰이며, 예: 예약 가능 시간을 조회해 JSON으로 응답. 관련해서는 클라이언트, HTTP, API 항목을 함께 보면 개념 간 차이를 더 명확히 구분할 수 있다.",예약 가능 시간을 조회해 JSON으로 응답.,클라이언트;HTTP;API,Node.js Docs - Introduction to Node.js,https://nodejs.org/learn/getting-started/introduction-to-nodejs,RFC 9110 - HTTP Semantics,https://www.rfc-editor.org/rfc/rfc9110,"첨부 마크다운의 기존 개발 용어와 공식 문서의 정의·사용 맥락을 대조했고, 중복 정규화 검사 후 사이트 카드와 자세히 보기 양쪽에 쓸 수 있도록 한국어로 재정리함.",high,verified
DEV-018,인프라·배포,인프라·배포,서버리스,Serverless,,서버 운영을 직접 관리하지 않고 함수나 관리형 서비스 단위로 코드를 실행하는 방식.,"서버리스(Serverless) 용어는 서버 운영을 직접 관리하지 않고 함수나 관리형 서비스 단위로 코드를 실행하는 방식. 자세히 보기에서는 이 용어를 인프라·배포 관점에서 이해하면 좋다. 실무에서는 요구사항 확인, 구현 방식 선택, 운영 리스크 점검에 함께 쓰이며, 예: 문의 접수 알림을 서버리스 함수로 처리. 관련해서는 클라우드, 함수, 배포 항목을 함께 보면 개념 간 차이를 더 명확히 구분할 수 있다.",문의 접수 알림을 서버리스 함수로 처리.,클라우드;함수;배포,Docker Docs - What is a container?,https://docs.docker.com/get-started/docker-concepts/the-basics/what-is-a-container/,Kubernetes Docs - Overview,https://kubernetes.io/docs/concepts/overview/,"첨부 마크다운의 기존 개발 용어와 공식 문서의 정의·사용 맥락을 대조했고, 중복 정규화 검사 후 사이트 카드와 자세히 보기 양쪽에 쓸 수 있도록 한국어로 재정리함.",high,verified
DEV-019,백엔드·API,백엔드·API,엔드포인트,Endpoint,,API가 요청을 받는 개별 주소와 진입점.,"엔드포인트(Endpoint) 용어는 API가 요청을 받는 개별 주소와 진입점. 자세히 보기에서는 이 용어를 백엔드·API 관점에서 이해하면 좋다. 실무에서는 요구사항 확인, 구현 방식 선택, 운영 리스크 점검에 함께 쓰이며, 예: POST /api/contact로 상담 신청을 전송. 관련해서는 API, 라우팅, HTTP 메서드 항목을 함께 보면 개념 간 차이를 더 명확히 구분할 수 있다.",POST /api/contact로 상담 신청을 전송.,API;라우팅;HTTP 메서드,OpenAPI Specification,https://spec.openapis.org/oas/latest.html,RFC 9110 - HTTP Semantics,https://www.rfc-editor.org/rfc/rfc9110,"첨부 마크다운의 기존 개발 용어와 공식 문서의 정의·사용 맥락을 대조했고, 중복 정규화 검사 후 사이트 카드와 자세히 보기 양쪽에 쓸 수 있도록 한국어로 재정리함.",high,verified
DEV-020,백엔드·API,개발 일반,오픈 API,Open API,,외부 개발자가 정해진 규격에 따라 사용할 수 있도록 공개된 API.,"오픈 API(Open API) 용어는 외부 개발자가 정해진 규격에 따라 사용할 수 있도록 공개된 API. 자세히 보기에서는 이 용어를 백엔드·API 관점에서 이해하면 좋다. 실무에서는 요구사항 확인, 구현 방식 선택, 운영 리스크 점검에 함께 쓰이며, 예: 지도 서비스 API로 병원 위치를 표시. 관련해서는 API, SDK, 인증 항목을 함께 보면 개념 간 차이를 더 명확히 구분할 수 있다.",지도 서비스 API로 병원 위치를 표시.,API;SDK;인증,OpenAPI Specification,https://spec.openapis.org/oas/latest.html,MDN Web Docs - Fetch API,https://developer.mozilla.org/en-US/docs/Web/API/Fetch_API,"첨부 마크다운의 기존 개발 용어와 공식 문서의 정의·사용 맥락을 대조했고, 중복 정규화 검사 후 사이트 카드와 자세히 보기 양쪽에 쓸 수 있도록 한국어로 재정리함.",high,verified
DEV-021,개발 일반,개발 일반,오픈소스,Open Source,,"소스코드가 공개되어 누구나 사용, 검토, 수정, 기여할 수 있는 소프트웨어.","오픈소스(Open Source) 용어는 소스코드가 공개되어 누구나 사용, 검토, 수정, 기여할 수 있는 소프트웨어. 자세히 보기에서는 이 용어를 개발 일반 관점에서 이해하면 좋다. 실무에서는 요구사항 확인, 구현 방식 선택, 운영 리스크 점검에 함께 쓰이며, 예: React나 PostgreSQL 같은 오픈소스 기술을 활용. 관련해서는 라이선스, GitHub, 라이브러리 항목을 함께 보면 개념 간 차이를 더 명확히 구분할 수 있다.",React나 PostgreSQL 같은 오픈소스 기술을 활용.,라이선스;GitHub;라이브러리,GitHub Docs - Repositories,https://docs.github.com/en/repositories,PostgreSQL Documentation - What Is PostgreSQL?,https://www.postgresql.org/docs/current/intro-whatis.html,"첨부 마크다운의 기존 개발 용어와 공식 문서의 정의·사용 맥락을 대조했고, 중복 정규화 검사 후 사이트 카드와 자세히 보기 양쪽에 쓸 수 있도록 한국어로 재정리함.",high,verified
DEV-022,프론트엔드,프론트엔드,웹 접근성,Accessibility,,장애 여부나 사용 환경과 관계없이 누구나 웹 콘텐츠와 기능을 이용할 수 있게 하는 원칙.,"웹 접근성(Accessibility) 용어는 장애 여부나 사용 환경과 관계없이 누구나 웹 콘텐츠와 기능을 이용할 수 있게 하는 원칙. 자세히 보기에서는 이 용어를 프론트엔드 관점에서 이해하면 좋다. 실무에서는 요구사항 확인, 구현 방식 선택, 운영 리스크 점검에 함께 쓰이며, 예: 키보드만으로 상담 폼을 제출할 수 있게 설계. 관련해서는 WCAG, ARIA, 시맨틱 HTML 항목을 함께 보면 개념 간 차이를 더 명확히 구분할 수 있다.",키보드만으로 상담 폼을 제출할 수 있게 설계.,WCAG;ARIA;시맨틱 HTML,MDN Web Docs - Accessibility,https://developer.mozilla.org/en-US/docs/Web/Accessibility,W3C - WCAG 2.2,https://www.w3.org/TR/WCAG22/,"첨부 마크다운의 기존 개발 용어와 공식 문서의 정의·사용 맥락을 대조했고, 중복 정규화 검사 후 사이트 카드와 자세히 보기 양쪽에 쓸 수 있도록 한국어로 재정리함.",high,verified
DEV-023,백엔드·API,백엔드·API,웹훅,Webhook,,특정 이벤트가 발생했을 때 미리 지정한 URL로 자동 알림을 보내는 방식.,"웹훅(Webhook) 용어는 특정 이벤트가 발생했을 때 미리 지정한 URL로 자동 알림을 보내는 방식. 자세히 보기에서는 이 용어를 백엔드·API 관점에서 이해하면 좋다. 실무에서는 요구사항 확인, 구현 방식 선택, 운영 리스크 점검에 함께 쓰이며, 예: 결제 완료 시 CRM으로 상담 상태를 전송. 관련해서는 API, 이벤트, 엔드포인트 항목을 함께 보면 개념 간 차이를 더 명확히 구분할 수 있다.",결제 완료 시 CRM으로 상담 상태를 전송.,API;이벤트;엔드포인트,OpenAPI Specification,https://spec.openapis.org/oas/latest.html,MDN Web Docs - HTTP,https://developer.mozilla.org/en-US/docs/Web/HTTP,"첨부 마크다운의 기존 개발 용어와 공식 문서의 정의·사용 맥락을 대조했고, 중복 정규화 검사 후 사이트 카드와 자세히 보기 양쪽에 쓸 수 있도록 한국어로 재정리함.",high,verified
DEV-024,보안·인증,백엔드·API,인증,Authentication,,사용자가 누구인지 확인하는 절차.,"인증(Authentication) 용어는 사용자가 누구인지 확인하는 절차. 자세히 보기에서는 이 용어를 보안·인증 관점에서 이해하면 좋다. 실무에서는 요구사항 확인, 구현 방식 선택, 운영 리스크 점검에 함께 쓰이며, 예: 관리자가 아이디와 비밀번호로 로그인. 관련해서는 권한 관리, 세션, OpenID Connect 항목을 함께 보면 개념 간 차이를 더 명확히 구분할 수 있다.",관리자가 아이디와 비밀번호로 로그인.,권한 관리;세션;OpenID Connect,OpenID Foundation - How OpenID Connect Works,https://openid.net/developers/how-connect-works/,OWASP Top 10,https://owasp.org/www-project-top-ten/,"첨부 마크다운의 기존 개발 용어와 공식 문서의 정의·사용 맥락을 대조했고, 중복 정규화 검사 후 사이트 카드와 자세히 보기 양쪽에 쓸 수 있도록 한국어로 재정리함.",high,verified
DEV-025,프론트엔드,프론트엔드,자바스크립트,JavaScript,,웹 페이지에 동작과 상호작용을 추가하는 프로그래밍 언어.,"자바스크립트(JavaScript) 용어는 웹 페이지에 동작과 상호작용을 추가하는 프로그래밍 언어. 자세히 보기에서는 이 용어를 프론트엔드 관점에서 이해하면 좋다. 실무에서는 요구사항 확인, 구현 방식 선택, 운영 리스크 점검에 함께 쓰이며, 예: 버튼 클릭 시 상담 폼 유효성을 검사. 관련해서는 HTML, CSS, DOM 항목을 함께 보면 개념 간 차이를 더 명확히 구분할 수 있다.",버튼 클릭 시 상담 폼 유효성을 검사.,HTML;CSS;DOM,MDN Web Docs - JavaScript,https://developer.mozilla.org/en-US/docs/Web/JavaScript,MDN Web Docs - Document Object Model,https://developer.mozilla.org/en-US/docs/Web/API/Document_Object_Model,"첨부 마크다운의 기존 개발 용어와 공식 문서의 정의·사용 맥락을 대조했고, 중복 정규화 검사 후 사이트 카드와 자세히 보기 양쪽에 쓸 수 있도록 한국어로 재정리함.",high,verified
DEV-026,인프라·배포,인프라·배포,저장소,Repository,,"프로젝트 코드, 문서, 설정, 변경 이력이 저장되는 공간.","저장소(Repository) 용어는 프로젝트 코드, 문서, 설정, 변경 이력이 저장되는 공간. 자세히 보기에서는 이 용어를 인프라·배포 관점에서 이해하면 좋다. 실무에서는 요구사항 확인, 구현 방식 선택, 운영 리스크 점검에 함께 쓰이며, 예: 홈페이지 프로젝트를 GitHub 저장소에서 관리. 관련해서는 Git, 브랜치, 커밋 항목을 함께 보면 개념 간 차이를 더 명확히 구분할 수 있다.",홈페이지 프로젝트를 GitHub 저장소에서 관리.,Git;브랜치;커밋,GitHub Docs - Repositories,https://docs.github.com/en/repositories,Git Documentation,https://git-scm.com/docs,"첨부 마크다운의 기존 개발 용어와 공식 문서의 정의·사용 맥락을 대조했고, 중복 정규화 검사 후 사이트 카드와 자세히 보기 양쪽에 쓸 수 있도록 한국어로 재정리함.",high,verified
DEV-027,성능·운영,백엔드·API,캐시,Cache,,자주 쓰는 데이터를 임시 저장해 반복 요청의 응답 속도와 비용을 줄이는 기술.,"캐시(Cache) 용어는 자주 쓰는 데이터를 임시 저장해 반복 요청의 응답 속도와 비용을 줄이는 기술. 자세히 보기에서는 이 용어를 성능·운영 관점에서 이해하면 좋다. 실무에서는 요구사항 확인, 구현 방식 선택, 운영 리스크 점검에 함께 쓰이며, 예: 진료과 목록을 캐시에 저장해 페이지 로딩을 단축. 관련해서는 Redis, CDN, 성능 항목을 함께 보면 개념 간 차이를 더 명확히 구분할 수 있다.",진료과 목록을 캐시에 저장해 페이지 로딩을 단축.,Redis;CDN;성능,MDN Web Docs - HTTP,https://developer.mozilla.org/en-US/docs/Web/HTTP,Redis Docs - Using Redis commands,https://redis.io/docs/latest/develop/using-commands/,"첨부 마크다운의 기존 개발 용어와 공식 문서의 정의·사용 맥락을 대조했고, 중복 정규화 검사 후 사이트 카드와 자세히 보기 양쪽에 쓸 수 있도록 한국어로 재정리함.",high,verified
DEV-028,프론트엔드,프론트엔드,컴포넌트,Component,,독립적으로 재사용할 수 있는 UI 또는 기능 단위.,"컴포넌트(Component) 용어는 독립적으로 재사용할 수 있는 UI 또는 기능 단위. 자세히 보기에서는 이 용어를 프론트엔드 관점에서 이해하면 좋다. 실무에서는 요구사항 확인, 구현 방식 선택, 운영 리스크 점검에 함께 쓰이며, 예: 상담 버튼을 여러 페이지에서 같은 컴포넌트로 사용. 관련해서는 React, Props, 상태 항목을 함께 보면 개념 간 차이를 더 명확히 구분할 수 있다.",상담 버튼을 여러 페이지에서 같은 컴포넌트로 사용.,React;Props;상태,React Docs - Learn React,https://react.dev/learn,Next.js Docs,https://nextjs.org/docs,"첨부 마크다운의 기존 개발 용어와 공식 문서의 정의·사용 맥락을 대조했고, 중복 정규화 검사 후 사이트 카드와 자세히 보기 양쪽에 쓸 수 있도록 한국어로 재정리함.",high,verified
DEV-029,데이터베이스,백엔드·API,쿼리,Query,,데이터베이스나 API에서 원하는 데이터를 요청하는 명령이나 질의.,"쿼리(Query) 용어는 데이터베이스나 API에서 원하는 데이터를 요청하는 명령이나 질의. 자세히 보기에서는 이 용어를 데이터베이스 관점에서 이해하면 좋다. 실무에서는 요구사항 확인, 구현 방식 선택, 운영 리스크 점검에 함께 쓰이며, 예: 최근 30일 상담 신청 목록을 조회. 관련해서는 SQL, 인덱스, 데이터베이스 항목을 함께 보면 개념 간 차이를 더 명확히 구분할 수 있다.",최근 30일 상담 신청 목록을 조회.,SQL;인덱스;데이터베이스,PostgreSQL Documentation - What Is PostgreSQL?,https://www.postgresql.org/docs/current/intro-whatis.html,Redis Docs - Using Redis commands,https://redis.io/docs/latest/develop/using-commands/,"첨부 마크다운의 기존 개발 용어와 공식 문서의 정의·사용 맥락을 대조했고, 중복 정규화 검사 후 사이트 카드와 자세히 보기 양쪽에 쓸 수 있도록 한국어로 재정리함.",high,verified
DEV-030,인프라·배포,인프라·배포,클라우드,Cloud,,"서버, 저장소, 네트워크 같은 컴퓨팅 자원을 인터넷을 통해 빌려 쓰는 방식.","클라우드(Cloud) 용어는 서버, 저장소, 네트워크 같은 컴퓨팅 자원을 인터넷을 통해 빌려 쓰는 방식. 자세히 보기에서는 이 용어를 인프라·배포 관점에서 이해하면 좋다. 실무에서는 요구사항 확인, 구현 방식 선택, 운영 리스크 점검에 함께 쓰이며, 예: 병원 홈페이지 이미지를 클라우드 스토리지에 저장. 관련해서는 서버리스, 컨테이너, CDN 항목을 함께 보면 개념 간 차이를 더 명확히 구분할 수 있다.",병원 홈페이지 이미지를 클라우드 스토리지에 저장.,서버리스;컨테이너;CDN,Kubernetes Docs - Overview,https://kubernetes.io/docs/concepts/overview/,Docker Docs - What is a container?,https://docs.docker.com/get-started/docker-concepts/the-basics/what-is-a-container/,"첨부 마크다운의 기존 개발 용어와 공식 문서의 정의·사용 맥락을 대조했고, 중복 정규화 검사 후 사이트 카드와 자세히 보기 양쪽에 쓸 수 있도록 한국어로 재정리함.",high,verified
DEV-031,테스트·품질,개발 일반,테스트,Test,,코드나 서비스가 의도대로 동작하는지 확인하는 절차.,"테스트(Test) 용어는 코드나 서비스가 의도대로 동작하는지 확인하는 절차. 자세히 보기에서는 이 용어를 테스트·품질 관점에서 이해하면 좋다. 실무에서는 요구사항 확인, 구현 방식 선택, 운영 리스크 점검에 함께 쓰이며, 예: 상담 폼 제출 후 저장과 알림이 되는지 검증. 관련해서는 단위 테스트, 통합 테스트, E2E 테스트 항목을 함께 보면 개념 간 차이를 더 명확히 구분할 수 있다.",상담 폼 제출 후 저장과 알림이 되는지 검증.,단위 테스트;통합 테스트;E2E 테스트,GitHub Docs - GitHub Actions,https://docs.github.com/en/actions,MDN Web Docs - JavaScript,https://developer.mozilla.org/en-US/docs/Web/JavaScript,"첨부 마크다운의 기존 개발 용어와 공식 문서의 정의·사용 맥락을 대조했고, 중복 정규화 검사 후 사이트 카드와 자세히 보기 양쪽에 쓸 수 있도록 한국어로 재정리함.",high,verified
DEV-032,프론트엔드,프론트엔드,프레임워크,Framework,,애플리케이션 구조와 반복 작업 방식을 제공하는 개발 뼈대.,"프레임워크(Framework) 용어는 애플리케이션 구조와 반복 작업 방식을 제공하는 개발 뼈대. 자세히 보기에서는 이 용어를 프론트엔드 관점에서 이해하면 좋다. 실무에서는 요구사항 확인, 구현 방식 선택, 운영 리스크 점검에 함께 쓰이며, 예: Next.js로 라우팅과 렌더링 구조를 구성. 관련해서는 라이브러리, Next.js, 라우팅 항목을 함께 보면 개념 간 차이를 더 명확히 구분할 수 있다.",Next.js로 라우팅과 렌더링 구조를 구성.,라이브러리;Next.js;라우팅,Next.js Docs,https://nextjs.org/docs,React Docs - Learn React,https://react.dev/learn,"첨부 마크다운의 기존 개발 용어와 공식 문서의 정의·사용 맥락을 대조했고, 중복 정규화 검사 후 사이트 카드와 자세히 보기 양쪽에 쓸 수 있도록 한국어로 재정리함.",high,verified
DEV-033,프론트엔드,프론트엔드,프론트엔드,Frontend,,사용자가 직접 보고 조작하는 화면과 상호작용을 구현하는 영역.,"프론트엔드(Frontend) 용어는 사용자가 직접 보고 조작하는 화면과 상호작용을 구현하는 영역. 자세히 보기에서는 이 용어를 프론트엔드 관점에서 이해하면 좋다. 실무에서는 요구사항 확인, 구현 방식 선택, 운영 리스크 점검에 함께 쓰이며, 예: 랜딩 페이지, 상담 폼, 관리자 화면을 구현. 관련해서는 HTML, CSS, JavaScript 항목을 함께 보면 개념 간 차이를 더 명확히 구분할 수 있다.","랜딩 페이지, 상담 폼, 관리자 화면을 구현.",HTML;CSS;JavaScript,MDN Web Docs - HTML,https://developer.mozilla.org/en-US/docs/Web/HTML,MDN Web Docs - JavaScript,https://developer.mozilla.org/en-US/docs/Web/JavaScript,"첨부 마크다운의 기존 개발 용어와 공식 문서의 정의·사용 맥락을 대조했고, 중복 정규화 검사 후 사이트 카드와 자세히 보기 양쪽에 쓸 수 있도록 한국어로 재정리함.",high,verified
DEV-034,인프라·배포,인프라·배포,환경변수,Environment Variable,,API 키나 실행 환경별 설정을 코드 밖에서 주입하는 변수.,"환경변수(Environment Variable) 용어는 API 키나 실행 환경별 설정을 코드 밖에서 주입하는 변수. 자세히 보기에서는 이 용어를 인프라·배포 관점에서 이해하면 좋다. 실무에서는 요구사항 확인, 구현 방식 선택, 운영 리스크 점검에 함께 쓰이며, 예: 운영 서버와 개발 서버의 API 주소를 다르게 설정. 관련해서는 시크릿, 배포, 환경 항목을 함께 보면 개념 간 차이를 더 명확히 구분할 수 있다.",운영 서버와 개발 서버의 API 주소를 다르게 설정.,시크릿;배포;환경,Node.js Docs - Introduction to Node.js,https://nodejs.org/learn/getting-started/introduction-to-nodejs,Docker Docs - What is a container?,https://docs.docker.com/get-started/docker-concepts/the-basics/what-is-a-container/,"첨부 마크다운의 기존 개발 용어와 공식 문서의 정의·사용 맥락을 대조했고, 중복 정규화 검사 후 사이트 카드와 자세히 보기 양쪽에 쓸 수 있도록 한국어로 재정리함.",high,verified
DEV-035,백엔드·API,백엔드·API,API,Application Programming Interface,API,프로그램끼리 기능이나 데이터를 주고받기 위해 정한 규약과 접점.,"API(Application Programming Interface) 용어는 프로그램끼리 기능이나 데이터를 주고받기 위해 정한 규약과 접점. 자세히 보기에서는 이 용어를 백엔드·API 관점에서 이해하면 좋다. 실무에서는 요구사항 확인, 구현 방식 선택, 운영 리스크 점검에 함께 쓰이며, 예: 홈페이지가 예약 시스템 API에서 가능한 시간을 가져옴. 관련해서는 REST API, 엔드포인트, JSON 항목을 함께 보면 개념 간 차이를 더 명확히 구분할 수 있다.",홈페이지가 예약 시스템 API에서 가능한 시간을 가져옴.,REST API;엔드포인트;JSON,OpenAPI Specification,https://spec.openapis.org/oas/latest.html,MDN Web Docs - Fetch API,https://developer.mozilla.org/en-US/docs/Web/API/Fetch_API,"첨부 마크다운의 기존 개발 용어와 공식 문서의 정의·사용 맥락을 대조했고, 중복 정규화 검사 후 사이트 카드와 자세히 보기 양쪽에 쓸 수 있도록 한국어로 재정리함.",high,verified
DEV-036,인프라·배포,인프라·배포,CDN,Content Delivery Network,CDN,콘텐츠를 사용자와 가까운 서버에서 전달해 속도와 안정성을 높이는 네트워크.,"CDN(Content Delivery Network) 용어는 콘텐츠를 사용자와 가까운 서버에서 전달해 속도와 안정성을 높이는 네트워크. 자세히 보기에서는 이 용어를 인프라·배포 관점에서 이해하면 좋다. 실무에서는 요구사항 확인, 구현 방식 선택, 운영 리스크 점검에 함께 쓰이며, 예: 이미지와 CSS 파일을 CDN으로 배포. 관련해서는 캐시, 성능, 정적 파일 항목을 함께 보면 개념 간 차이를 더 명확히 구분할 수 있다.",이미지와 CSS 파일을 CDN으로 배포.,캐시;성능;정적 파일,MDN Web Docs - HTTP,https://developer.mozilla.org/en-US/docs/Web/HTTP,web.dev - Core Web Vitals,https://web.dev/articles/vitals,"첨부 마크다운의 기존 개발 용어와 공식 문서의 정의·사용 맥락을 대조했고, 중복 정규화 검사 후 사이트 카드와 자세히 보기 양쪽에 쓸 수 있도록 한국어로 재정리함.",high,verified
DEV-037,인프라·배포,인프라·배포,CI/CD,Continuous Integration and Continuous Delivery,CI/CD,"코드 통합, 테스트, 빌드, 배포를 자동화하는 개발 파이프라인.","CI/CD(Continuous Integration and Continuous Delivery) 용어는 코드 통합, 테스트, 빌드, 배포를 자동화하는 개발 파이프라인. 자세히 보기에서는 이 용어를 인프라·배포 관점에서 이해하면 좋다. 실무에서는 요구사항 확인, 구현 방식 선택, 운영 리스크 점검에 함께 쓰이며, 예: main 브랜치 병합 시 테스트 후 자동 배포. 관련해서는 GitHub Actions, 배포, 파이프라인 항목을 함께 보면 개념 간 차이를 더 명확히 구분할 수 있다.",main 브랜치 병합 시 테스트 후 자동 배포.,GitHub Actions;배포;파이프라인,GitHub Docs - GitHub Actions,https://docs.github.com/en/actions,Git Documentation,https://git-scm.com/docs,"첨부 마크다운의 기존 개발 용어와 공식 문서의 정의·사용 맥락을 대조했고, 중복 정규화 검사 후 사이트 카드와 자세히 보기 양쪽에 쓸 수 있도록 한국어로 재정리함.",high,verified
DEV-038,프론트엔드,프론트엔드,CSS,Cascading Style Sheets,CSS,"웹 페이지의 색, 간격, 글꼴, 레이아웃 등 표현을 지정하는 스타일 언어.","CSS(Cascading Style Sheets) 용어는 웹 페이지의 색, 간격, 글꼴, 레이아웃 등 표현을 지정하는 스타일 언어. 자세히 보기에서는 이 용어를 프론트엔드 관점에서 이해하면 좋다. 실무에서는 요구사항 확인, 구현 방식 선택, 운영 리스크 점검에 함께 쓰이며, 예: 버튼 색상과 카드 그리드를 CSS로 지정. 관련해서는 HTML, 반응형, 레이아웃 항목을 함께 보면 개념 간 차이를 더 명확히 구분할 수 있다.",버튼 색상과 카드 그리드를 CSS로 지정.,HTML;반응형;레이아웃,MDN Web Docs - CSS,https://developer.mozilla.org/en-US/docs/Web/CSS,MDN Web Docs - HTML,https://developer.mozilla.org/en-US/docs/Web/HTML,"첨부 마크다운의 기존 개발 용어와 공식 문서의 정의·사용 맥락을 대조했고, 중복 정규화 검사 후 사이트 카드와 자세히 보기 양쪽에 쓸 수 있도록 한국어로 재정리함.",high,verified
DEV-039,프론트엔드,프론트엔드,DOM,Document Object Model,DOM,브라우저가 HTML 문서를 객체 구조로 표현해 스크립트가 조작할 수 있게 한 모델.,"DOM(Document Object Model) 용어는 브라우저가 HTML 문서를 객체 구조로 표현해 스크립트가 조작할 수 있게 한 모델. 자세히 보기에서는 이 용어를 프론트엔드 관점에서 이해하면 좋다. 실무에서는 요구사항 확인, 구현 방식 선택, 운영 리스크 점검에 함께 쓰이며, 예: JavaScript로 오류 메시지 요소를 화면에 표시. 관련해서는 HTML, JavaScript, 이벤트 항목을 함께 보면 개념 간 차이를 더 명확히 구분할 수 있다.",JavaScript로 오류 메시지 요소를 화면에 표시.,HTML;JavaScript;이벤트,MDN Web Docs - Document Object Model,https://developer.mozilla.org/en-US/docs/Web/API/Document_Object_Model,MDN Web Docs - JavaScript,https://developer.mozilla.org/en-US/docs/Web/JavaScript,"첨부 마크다운의 기존 개발 용어와 공식 문서의 정의·사용 맥락을 대조했고, 중복 정규화 검사 후 사이트 카드와 자세히 보기 양쪽에 쓸 수 있도록 한국어로 재정리함.",high,verified
DEV-040,프론트엔드,프론트엔드,HTML,HyperText Markup Language,HTML,웹 페이지의 구조와 의미를 정의하는 마크업 언어.,"HTML(HyperText Markup Language) 용어는 웹 페이지의 구조와 의미를 정의하는 마크업 언어. 자세히 보기에서는 이 용어를 프론트엔드 관점에서 이해하면 좋다. 실무에서는 요구사항 확인, 구현 방식 선택, 운영 리스크 점검에 함께 쓰이며, 예: 제목, 문단, 이미지, 폼을 HTML 요소로 작성. 관련해서는 CSS, 시맨틱 HTML, 접근성 항목을 함께 보면 개념 간 차이를 더 명확히 구분할 수 있다.","제목, 문단, 이미지, 폼을 HTML 요소로 작성.",CSS;시맨틱 HTML;접근성,MDN Web Docs - HTML,https://developer.mozilla.org/en-US/docs/Web/HTML,MDN Web Docs - Accessibility,https://developer.mozilla.org/en-US/docs/Web/Accessibility,"첨부 마크다운의 기존 개발 용어와 공식 문서의 정의·사용 맥락을 대조했고, 중복 정규화 검사 후 사이트 카드와 자세히 보기 양쪽에 쓸 수 있도록 한국어로 재정리함.",high,verified
DEV-041,백엔드·API,백엔드·API,JSON,JavaScript Object Notation,JSON,사람이 읽기 쉬운 텍스트 기반 데이터 교환 형식.,"JSON(JavaScript Object Notation) 용어는 사람이 읽기 쉬운 텍스트 기반 데이터 교환 형식. 자세히 보기에서는 이 용어를 백엔드·API 관점에서 이해하면 좋다. 실무에서는 요구사항 확인, 구현 방식 선택, 운영 리스크 점검에 함께 쓰이며, 예: API가 상담 신청 결과를 JSON으로 반환. 관련해서는 API, 응답 본문, REST API 항목을 함께 보면 개념 간 차이를 더 명확히 구분할 수 있다.",API가 상담 신청 결과를 JSON으로 반환.,API;응답 본문;REST API,MDN Web Docs - JavaScript,https://developer.mozilla.org/en-US/docs/Web/JavaScript,RFC 7519 - JSON Web Token,https://www.rfc-editor.org/rfc/rfc7519,"첨부 마크다운의 기존 개발 용어와 공식 문서의 정의·사용 맥락을 대조했고, 중복 정규화 검사 후 사이트 카드와 자세히 보기 양쪽에 쓸 수 있도록 한국어로 재정리함.",high,verified
DEV-042,백엔드·API,백엔드·API,REST API,Representational State Transfer API,REST API,HTTP 메서드와 URL로 자원을 표현하고 조작하는 API 설계 방식.,"REST API(Representational State Transfer API) 용어는 HTTP 메서드와 URL로 자원을 표현하고 조작하는 API 설계 방식. 자세히 보기에서는 이 용어를 백엔드·API 관점에서 이해하면 좋다. 실무에서는 요구사항 확인, 구현 방식 선택, 운영 리스크 점검에 함께 쓰이며, 예: GET /doctors로 의료진 목록을 조회. 관련해서는 HTTP, 엔드포인트, JSON 항목을 함께 보면 개념 간 차이를 더 명확히 구분할 수 있다.",GET /doctors로 의료진 목록을 조회.,HTTP;엔드포인트;JSON,RFC 9110 - HTTP Semantics,https://www.rfc-editor.org/rfc/rfc9110,OpenAPI Specification,https://spec.openapis.org/oas/latest.html,"첨부 마크다운의 기존 개발 용어와 공식 문서의 정의·사용 맥락을 대조했고, 중복 정규화 검사 후 사이트 카드와 자세히 보기 양쪽에 쓸 수 있도록 한국어로 재정리함.",high,verified
DEV-043,백엔드·API,백엔드·API,SDK,Software Development Kit,SDK,"특정 플랫폼이나 서비스 개발을 돕는 도구, 라이브러리, 예제 코드 묶음.","SDK(Software Development Kit) 용어는 특정 플랫폼이나 서비스 개발을 돕는 도구, 라이브러리, 예제 코드 묶음. 자세히 보기에서는 이 용어를 백엔드·API 관점에서 이해하면 좋다. 실무에서는 요구사항 확인, 구현 방식 선택, 운영 리스크 점검에 함께 쓰이며, 예: 결제사 SDK로 결제창을 연동. 관련해서는 API, 라이브러리, 오픈 API 항목을 함께 보면 개념 간 차이를 더 명확히 구분할 수 있다.",결제사 SDK로 결제창을 연동.,API;라이브러리;오픈 API,OpenAPI Specification,https://spec.openapis.org/oas/latest.html,npm Docs - About npm,https://docs.npmjs.com/about-npm,"첨부 마크다운의 기존 개발 용어와 공식 문서의 정의·사용 맥락을 대조했고, 중복 정규화 검사 후 사이트 카드와 자세히 보기 양쪽에 쓸 수 있도록 한국어로 재정리함.",high,verified
DEV-044,프론트엔드,프론트엔드,SPA,Single Page Application,SPA,페이지 전체 새로고침 없이 필요한 화면만 갱신하는 웹 애플리케이션 방식.,"SPA(Single Page Application) 용어는 페이지 전체 새로고침 없이 필요한 화면만 갱신하는 웹 애플리케이션 방식. 자세히 보기에서는 이 용어를 프론트엔드 관점에서 이해하면 좋다. 실무에서는 요구사항 확인, 구현 방식 선택, 운영 리스크 점검에 함께 쓰이며, 예: 관리자 대시보드에서 메뉴 이동 시 화면만 전환. 관련해서는 CSR, 라우팅, React 항목을 함께 보면 개념 간 차이를 더 명확히 구분할 수 있다.",관리자 대시보드에서 메뉴 이동 시 화면만 전환.,CSR;라우팅;React,MDN Web Docs - Progressive web apps,https://developer.mozilla.org/en-US/docs/Web/Progressive_web_apps,React Docs - Learn React,https://react.dev/learn,"첨부 마크다운의 기존 개발 용어와 공식 문서의 정의·사용 맥락을 대조했고, 중복 정규화 검사 후 사이트 카드와 자세히 보기 양쪽에 쓸 수 있도록 한국어로 재정리함.",high,verified
DEV-045,프론트엔드,프론트엔드,타입스크립트,TypeScript,,JavaScript에 정적 타입 문법을 더해 오류를 개발 단계에서 줄이는 언어.,"타입스크립트(TypeScript) 용어는 JavaScript에 정적 타입 문법을 더해 오류를 개발 단계에서 줄이는 언어. 자세히 보기에서는 이 용어를 프론트엔드 관점에서 이해하면 좋다. 실무에서는 요구사항 확인, 구현 방식 선택, 운영 리스크 점검에 함께 쓰이며, 예: 상담 데이터 타입을 정의해 잘못된 필드 사용을 방지. 관련해서는 JavaScript, 타입, 빌드 항목을 함께 보면 개념 간 차이를 더 명확히 구분할 수 있다.",상담 데이터 타입을 정의해 잘못된 필드 사용을 방지.,JavaScript;타입;빌드,TypeScript Documentation,https://www.typescriptlang.org/docs/,MDN Web Docs - JavaScript,https://developer.mozilla.org/en-US/docs/Web/JavaScript,"첨부 마크다운의 기존 개발 용어와 공식 문서의 정의·사용 맥락을 대조했고, 중복 정규화 검사 후 사이트 카드와 자세히 보기 양쪽에 쓸 수 있도록 한국어로 재정리함.",high,verified
DEV-046,백엔드·API,백엔드·API,노드.js,Node.js,,브라우저 밖에서 JavaScript를 실행할 수 있게 하는 서버 런타임.,"노드.js(Node.js) 용어는 브라우저 밖에서 JavaScript를 실행할 수 있게 하는 서버 런타임. 자세히 보기에서는 이 용어를 백엔드·API 관점에서 이해하면 좋다. 실무에서는 요구사항 확인, 구현 방식 선택, 운영 리스크 점검에 함께 쓰이며, 예: API 서버와 빌드 도구를 Node.js로 실행. 관련해서는 JavaScript, npm, 백엔드 항목을 함께 보면 개념 간 차이를 더 명확히 구분할 수 있다.",API 서버와 빌드 도구를 Node.js로 실행.,JavaScript;npm;백엔드,Node.js Docs - Introduction to Node.js,https://nodejs.org/learn/getting-started/introduction-to-nodejs,npm Docs - About npm,https://docs.npmjs.com/about-npm,"첨부 마크다운의 기존 개발 용어와 공식 문서의 정의·사용 맥락을 대조했고, 중복 정규화 검사 후 사이트 카드와 자세히 보기 양쪽에 쓸 수 있도록 한국어로 재정리함.",high,verified
DEV-047,개발 일반,개발 일반,패키지 매니저,Package Manager,,"라이브러리 설치, 버전 관리, 스크립트 실행을 도와주는 도구.","패키지 매니저(Package Manager) 용어는 라이브러리 설치, 버전 관리, 스크립트 실행을 도와주는 도구. 자세히 보기에서는 이 용어를 개발 일반 관점에서 이해하면 좋다. 실무에서는 요구사항 확인, 구현 방식 선택, 운영 리스크 점검에 함께 쓰이며, 예: npm으로 React와 빌드 도구를 설치. 관련해서는 npm, 의존성, 라이브러리 항목을 함께 보면 개념 간 차이를 더 명확히 구분할 수 있다.",npm으로 React와 빌드 도구를 설치.,npm;의존성;라이브러리,npm Docs - About npm,https://docs.npmjs.com/about-npm,Node.js Docs - Introduction to Node.js,https://nodejs.org/learn/getting-started/introduction-to-nodejs,"첨부 마크다운의 기존 개발 용어와 공식 문서의 정의·사용 맥락을 대조했고, 중복 정규화 검사 후 사이트 카드와 자세히 보기 양쪽에 쓸 수 있도록 한국어로 재정리함.",high,verified
DEV-048,개발 일반,개발 일반,npm,npm,npm,"Node.js 생태계에서 패키지를 배포, 설치, 관리하는 대표 도구와 레지스트리.","npm(npm) 용어는 Node.js 생태계에서 패키지를 배포, 설치, 관리하는 대표 도구와 레지스트리. 자세히 보기에서는 이 용어를 개발 일반 관점에서 이해하면 좋다. 실무에서는 요구사항 확인, 구현 방식 선택, 운영 리스크 점검에 함께 쓰이며, 예: npm install로 프로젝트 의존성을 설치. 관련해서는 패키지 매니저, 의존성, Node.js 항목을 함께 보면 개념 간 차이를 더 명확히 구분할 수 있다.",npm install로 프로젝트 의존성을 설치.,패키지 매니저;의존성;Node.js,npm Docs - About npm,https://docs.npmjs.com/about-npm,Node.js Docs - Introduction to Node.js,https://nodejs.org/learn/getting-started/introduction-to-nodejs,"첨부 마크다운의 기존 개발 용어와 공식 문서의 정의·사용 맥락을 대조했고, 중복 정규화 검사 후 사이트 카드와 자세히 보기 양쪽에 쓸 수 있도록 한국어로 재정리함.",high,verified
DEV-049,개발 일반,개발 일반,모듈,Module,,코드를 기능 단위로 나누어 가져오고 내보낼 수 있게 한 단위.,"모듈(Module) 용어는 코드를 기능 단위로 나누어 가져오고 내보낼 수 있게 한 단위. 자세히 보기에서는 이 용어를 개발 일반 관점에서 이해하면 좋다. 실무에서는 요구사항 확인, 구현 방식 선택, 운영 리스크 점검에 함께 쓰이며, 예: 폼 검증 로직을 별도 모듈로 분리. 관련해서는 의존성, 번들러, 라이브러리 항목을 함께 보면 개념 간 차이를 더 명확히 구분할 수 있다.",폼 검증 로직을 별도 모듈로 분리.,의존성;번들러;라이브러리,MDN Web Docs - JavaScript,https://developer.mozilla.org/en-US/docs/Web/JavaScript,Node.js Docs - Introduction to Node.js,https://nodejs.org/learn/getting-started/introduction-to-nodejs,"첨부 마크다운의 기존 개발 용어와 공식 문서의 정의·사용 맥락을 대조했고, 중복 정규화 검사 후 사이트 카드와 자세히 보기 양쪽에 쓸 수 있도록 한국어로 재정리함.",high,verified
DEV-050,개발 일반,개발 일반,의존성,Dependency,,프로젝트가 실행되거나 빌드되기 위해 필요로 하는 외부 패키지나 코드.,"의존성(Dependency) 용어는 프로젝트가 실행되거나 빌드되기 위해 필요로 하는 외부 패키지나 코드. 자세히 보기에서는 이 용어를 개발 일반 관점에서 이해하면 좋다. 실무에서는 요구사항 확인, 구현 방식 선택, 운영 리스크 점검에 함께 쓰이며, 예: 날짜 라이브러리가 보안 업데이트 대상인지 확인. 관련해서는 패키지, 버전, 취약점 스캔 항목을 함께 보면 개념 간 차이를 더 명확히 구분할 수 있다.",날짜 라이브러리가 보안 업데이트 대상인지 확인.,패키지;버전;취약점 스캔,npm Docs - About npm,https://docs.npmjs.com/about-npm,OWASP Top 10,https://owasp.org/www-project-top-ten/,"첨부 마크다운의 기존 개발 용어와 공식 문서의 정의·사용 맥락을 대조했고, 중복 정규화 검사 후 사이트 카드와 자세히 보기 양쪽에 쓸 수 있도록 한국어로 재정리함.",high,verified
DEV-051,개발 일반,개발 일반,빌드,Build,,소스코드를 실행·배포 가능한 결과물로 변환하는 과정.,"빌드(Build) 용어는 소스코드를 실행·배포 가능한 결과물로 변환하는 과정. 자세히 보기에서는 이 용어를 개발 일반 관점에서 이해하면 좋다. 실무에서는 요구사항 확인, 구현 방식 선택, 운영 리스크 점검에 함께 쓰이며, 예: TypeScript와 CSS를 배포용 파일로 변환. 관련해서는 번들러, 배포, CI/CD 항목을 함께 보면 개념 간 차이를 더 명확히 구분할 수 있다.",TypeScript와 CSS를 배포용 파일로 변환.,번들러;배포;CI/CD,Next.js Docs,https://nextjs.org/docs,TypeScript Documentation,https://www.typescriptlang.org/docs/,"첨부 마크다운의 기존 개발 용어와 공식 문서의 정의·사용 맥락을 대조했고, 중복 정규화 검사 후 사이트 카드와 자세히 보기 양쪽에 쓸 수 있도록 한국어로 재정리함.",high,verified
DEV-052,프론트엔드,프론트엔드,번들러,Bundler,,여러 모듈과 자산을 브라우저가 효율적으로 받을 수 있는 파일 묶음으로 만드는 도구.,"번들러(Bundler) 용어는 여러 모듈과 자산을 브라우저가 효율적으로 받을 수 있는 파일 묶음으로 만드는 도구. 자세히 보기에서는 이 용어를 프론트엔드 관점에서 이해하면 좋다. 실무에서는 요구사항 확인, 구현 방식 선택, 운영 리스크 점검에 함께 쓰이며, 예: 페이지별 JavaScript 번들을 생성해 로딩을 줄임. 관련해서는 빌드, 코드 스플리팅, 모듈 항목을 함께 보면 개념 간 차이를 더 명확히 구분할 수 있다.",페이지별 JavaScript 번들을 생성해 로딩을 줄임.,빌드;코드 스플리팅;모듈,Next.js Docs,https://nextjs.org/docs,npm Docs - About npm,https://docs.npmjs.com/about-npm,"첨부 마크다운의 기존 개발 용어와 공식 문서의 정의·사용 맥락을 대조했고, 중복 정규화 검사 후 사이트 카드와 자세히 보기 양쪽에 쓸 수 있도록 한국어로 재정리함.",high,verified
DEV-053,개발 일반,개발 일반,트랜스파일러,Transpiler,,한 언어나 문법으로 작성한 코드를 다른 실행 가능한 코드로 변환하는 도구.,"트랜스파일러(Transpiler) 용어는 한 언어나 문법으로 작성한 코드를 다른 실행 가능한 코드로 변환하는 도구. 자세히 보기에서는 이 용어를 개발 일반 관점에서 이해하면 좋다. 실무에서는 요구사항 확인, 구현 방식 선택, 운영 리스크 점검에 함께 쓰이며, 예: TypeScript를 JavaScript로 변환. 관련해서는 TypeScript, 빌드, 번들러 항목을 함께 보면 개념 간 차이를 더 명확히 구분할 수 있다.",TypeScript를 JavaScript로 변환.,TypeScript;빌드;번들러,TypeScript Documentation,https://www.typescriptlang.org/docs/,Next.js Docs,https://nextjs.org/docs,"첨부 마크다운의 기존 개발 용어와 공식 문서의 정의·사용 맥락을 대조했고, 중복 정규화 검사 후 사이트 카드와 자세히 보기 양쪽에 쓸 수 있도록 한국어로 재정리함.",high,verified
DEV-054,테스트·품질,개발 일반,린팅,Linting,,코드 스타일과 잠재 오류를 규칙 기반으로 자동 검사하는 과정.,"린팅(Linting) 용어는 코드 스타일과 잠재 오류를 규칙 기반으로 자동 검사하는 과정. 자세히 보기에서는 이 용어를 테스트·품질 관점에서 이해하면 좋다. 실무에서는 요구사항 확인, 구현 방식 선택, 운영 리스크 점검에 함께 쓰이며, 예: 사용하지 않는 변수를 배포 전에 발견. 관련해서는 ESLint, 코드 품질, CI 항목을 함께 보면 개념 간 차이를 더 명확히 구분할 수 있다.",사용하지 않는 변수를 배포 전에 발견.,ESLint;코드 품질;CI,GitHub Docs - GitHub Actions,https://docs.github.com/en/actions,TypeScript Documentation,https://www.typescriptlang.org/docs/,"첨부 마크다운의 기존 개발 용어와 공식 문서의 정의·사용 맥락을 대조했고, 중복 정규화 검사 후 사이트 카드와 자세히 보기 양쪽에 쓸 수 있도록 한국어로 재정리함.",high,verified
DEV-055,테스트·품질,개발 일반,포매팅,Formatting,,"코드 줄바꿈, 들여쓰기, 따옴표 같은 표현 형식을 일관되게 맞추는 작업.","포매팅(Formatting) 용어는 코드 줄바꿈, 들여쓰기, 따옴표 같은 표현 형식을 일관되게 맞추는 작업. 자세히 보기에서는 이 용어를 테스트·품질 관점에서 이해하면 좋다. 실무에서는 요구사항 확인, 구현 방식 선택, 운영 리스크 점검에 함께 쓰이며, 예: 팀 전체가 같은 코드 스타일로 저장. 관련해서는 린팅, 코드 리뷰, 유지보수 항목을 함께 보면 개념 간 차이를 더 명확히 구분할 수 있다.",팀 전체가 같은 코드 스타일로 저장.,린팅;코드 리뷰;유지보수,GitHub Docs - Repositories,https://docs.github.com/en/repositories,GitHub Docs - GitHub Actions,https://docs.github.com/en/actions,"첨부 마크다운의 기존 개발 용어와 공식 문서의 정의·사용 맥락을 대조했고, 중복 정규화 검사 후 사이트 카드와 자세히 보기 양쪽에 쓸 수 있도록 한국어로 재정리함.",high,verified
DEV-056,프론트엔드,프론트엔드,시맨틱 HTML,Semantic HTML,,콘텐츠의 의미에 맞는 HTML 요소를 사용해 구조와 접근성을 높이는 작성 방식.,"시맨틱 HTML(Semantic HTML) 용어는 콘텐츠의 의미에 맞는 HTML 요소를 사용해 구조와 접근성을 높이는 작성 방식. 자세히 보기에서는 이 용어를 프론트엔드 관점에서 이해하면 좋다. 실무에서는 요구사항 확인, 구현 방식 선택, 운영 리스크 점검에 함께 쓰이며, 예: 버튼 기능에는 div 대신 button 요소를 사용. 관련해서는 HTML, 접근성, ARIA 항목을 함께 보면 개념 간 차이를 더 명확히 구분할 수 있다.",버튼 기능에는 div 대신 button 요소를 사용.,HTML;접근성;ARIA,MDN Web Docs - HTML,https://developer.mozilla.org/en-US/docs/Web/HTML,MDN Web Docs - Accessibility,https://developer.mozilla.org/en-US/docs/Web/Accessibility,"첨부 마크다운의 기존 개발 용어와 공식 문서의 정의·사용 맥락을 대조했고, 중복 정규화 검사 후 사이트 카드와 자세히 보기 양쪽에 쓸 수 있도록 한국어로 재정리함.",high,verified
DEV-057,프론트엔드,프론트엔드,ARIA,Accessible Rich Internet Applications,ARIA,보조기술이 동적 UI의 역할과 상태를 이해하도록 보완하는 접근성 속성 체계.,"ARIA(Accessible Rich Internet Applications) 용어는 보조기술이 동적 UI의 역할과 상태를 이해하도록 보완하는 접근성 속성 체계. 자세히 보기에서는 이 용어를 프론트엔드 관점에서 이해하면 좋다. 실무에서는 요구사항 확인, 구현 방식 선택, 운영 리스크 점검에 함께 쓰이며, 예: 탭 UI에 role과 aria-selected를 지정. 관련해서는 접근성, 시맨틱 HTML, WCAG 항목을 함께 보면 개념 간 차이를 더 명확히 구분할 수 있다.",탭 UI에 role과 aria-selected를 지정.,접근성;시맨틱 HTML;WCAG,W3C - WAI-ARIA 1.2,https://www.w3.org/TR/wai-aria-1.2/,MDN Web Docs - Accessibility,https://developer.mozilla.org/en-US/docs/Web/Accessibility,"첨부 마크다운의 기존 개발 용어와 공식 문서의 정의·사용 맥락을 대조했고, 중복 정규화 검사 후 사이트 카드와 자세히 보기 양쪽에 쓸 수 있도록 한국어로 재정리함.",high,verified
DEV-058,프론트엔드,프론트엔드,폼 검증,Form Validation,,사용자가 입력한 값이 형식과 조건에 맞는지 확인하는 절차.,"폼 검증(Form Validation) 용어는 사용자가 입력한 값이 형식과 조건에 맞는지 확인하는 절차. 자세히 보기에서는 이 용어를 프론트엔드 관점에서 이해하면 좋다. 실무에서는 요구사항 확인, 구현 방식 선택, 운영 리스크 점검에 함께 쓰이며, 예: 전화번호 형식이 맞지 않으면 제출을 막음. 관련해서는 HTML, JavaScript, 입력 검증 항목을 함께 보면 개념 간 차이를 더 명확히 구분할 수 있다.",전화번호 형식이 맞지 않으면 제출을 막음.,HTML;JavaScript;입력 검증,MDN Web Docs - HTML,https://developer.mozilla.org/en-US/docs/Web/HTML,MDN Web Docs - JavaScript,https://developer.mozilla.org/en-US/docs/Web/JavaScript,"첨부 마크다운의 기존 개발 용어와 공식 문서의 정의·사용 맥락을 대조했고, 중복 정규화 검사 후 사이트 카드와 자세히 보기 양쪽에 쓸 수 있도록 한국어로 재정리함.",high,verified
DEV-059,백엔드·API,백엔드·API,Fetch API,Fetch API,,브라우저에서 HTTP 요청을 보내고 응답을 처리하는 JavaScript API.,"Fetch API(Fetch API) 용어는 브라우저에서 HTTP 요청을 보내고 응답을 처리하는 JavaScript API. 자세히 보기에서는 이 용어를 백엔드·API 관점에서 이해하면 좋다. 실무에서는 요구사항 확인, 구현 방식 선택, 운영 리스크 점검에 함께 쓰이며, 예: 상담 폼 제출 시 서버 API로 데이터를 전송. 관련해서는 AJAX, HTTP, JSON 항목을 함께 보면 개념 간 차이를 더 명확히 구분할 수 있다.",상담 폼 제출 시 서버 API로 데이터를 전송.,AJAX;HTTP;JSON,MDN Web Docs - Fetch API,https://developer.mozilla.org/en-US/docs/Web/API/Fetch_API,MDN Web Docs - HTTP,https://developer.mozilla.org/en-US/docs/Web/HTTP,"첨부 마크다운의 기존 개발 용어와 공식 문서의 정의·사용 맥락을 대조했고, 중복 정규화 검사 후 사이트 카드와 자세히 보기 양쪽에 쓸 수 있도록 한국어로 재정리함.",high,verified
DEV-060,백엔드·API,백엔드·API,AJAX,Asynchronous JavaScript and XML,AJAX,페이지 전체를 새로고침하지 않고 비동기로 서버와 데이터를 주고받는 방식.,"AJAX(Asynchronous JavaScript and XML) 용어는 페이지 전체를 새로고침하지 않고 비동기로 서버와 데이터를 주고받는 방식. 자세히 보기에서는 이 용어를 백엔드·API 관점에서 이해하면 좋다. 실무에서는 요구사항 확인, 구현 방식 선택, 운영 리스크 점검에 함께 쓰이며, 예: 검색어 입력 중 추천 키워드를 즉시 불러옴. 관련해서는 Fetch API, SPA, JSON 항목을 함께 보면 개념 간 차이를 더 명확히 구분할 수 있다.",검색어 입력 중 추천 키워드를 즉시 불러옴.,Fetch API;SPA;JSON,MDN Web Docs - Fetch API,https://developer.mozilla.org/en-US/docs/Web/API/Fetch_API,MDN Web Docs - JavaScript,https://developer.mozilla.org/en-US/docs/Web/JavaScript,"첨부 마크다운의 기존 개발 용어와 공식 문서의 정의·사용 맥락을 대조했고, 중복 정규화 검사 후 사이트 카드와 자세히 보기 양쪽에 쓸 수 있도록 한국어로 재정리함.",high,verified
DEV-061,백엔드·API,백엔드·API,웹소켓,WebSocket,,클라이언트와 서버가 하나의 연결로 양방향 실시간 통신을 하는 기술.,"웹소켓(WebSocket) 용어는 클라이언트와 서버가 하나의 연결로 양방향 실시간 통신을 하는 기술. 자세히 보기에서는 이 용어를 백엔드·API 관점에서 이해하면 좋다. 실무에서는 요구사항 확인, 구현 방식 선택, 운영 리스크 점검에 함께 쓰이며, 예: 관리자 화면에 새 상담 알림을 실시간 표시. 관련해서는 실시간, 이벤트, SSE 항목을 함께 보면 개념 간 차이를 더 명확히 구분할 수 있다.",관리자 화면에 새 상담 알림을 실시간 표시.,실시간;이벤트;SSE,MDN Web Docs - WebSocket API,https://developer.mozilla.org/en-US/docs/Web/API/WebSockets_API,MDN Web Docs - HTTP,https://developer.mozilla.org/en-US/docs/Web/HTTP,"첨부 마크다운의 기존 개발 용어와 공식 문서의 정의·사용 맥락을 대조했고, 중복 정규화 검사 후 사이트 카드와 자세히 보기 양쪽에 쓸 수 있도록 한국어로 재정리함.",high,verified
DEV-062,백엔드·API,백엔드·API,서버 센트 이벤트,Server-Sent Events,SSE,서버가 브라우저로 단방향 실시간 이벤트를 지속 전송하는 방식.,"서버 센트 이벤트(Server-Sent Events) 용어는 서버가 브라우저로 단방향 실시간 이벤트를 지속 전송하는 방식. 자세히 보기에서는 이 용어를 백엔드·API 관점에서 이해하면 좋다. 실무에서는 요구사항 확인, 구현 방식 선택, 운영 리스크 점검에 함께 쓰이며, 예: 상담 현황 변경을 관리자 화면에 스트리밍. 관련해서는 WebSocket, HTTP, 실시간 항목을 함께 보면 개념 간 차이를 더 명확히 구분할 수 있다.",상담 현황 변경을 관리자 화면에 스트리밍.,WebSocket;HTTP;실시간,MDN Web Docs - Server-sent events,https://developer.mozilla.org/en-US/docs/Web/API/Server-sent_events,MDN Web Docs - HTTP,https://developer.mozilla.org/en-US/docs/Web/HTTP,"첨부 마크다운의 기존 개발 용어와 공식 문서의 정의·사용 맥락을 대조했고, 중복 정규화 검사 후 사이트 카드와 자세히 보기 양쪽에 쓸 수 있도록 한국어로 재정리함.",high,verified
DEV-063,프론트엔드,프론트엔드,서비스 워커,Service Worker,,"브라우저와 네트워크 사이에서 캐시, 오프라인, 푸시 같은 기능을 처리하는 스크립트.","서비스 워커(Service Worker) 용어는 브라우저와 네트워크 사이에서 캐시, 오프라인, 푸시 같은 기능을 처리하는 스크립트. 자세히 보기에서는 이 용어를 프론트엔드 관점에서 이해하면 좋다. 실무에서는 요구사항 확인, 구현 방식 선택, 운영 리스크 점검에 함께 쓰이며, 예: 재방문 시 주요 페이지를 캐시에서 빠르게 표시. 관련해서는 PWA, 캐시, 오프라인 항목을 함께 보면 개념 간 차이를 더 명확히 구분할 수 있다.",재방문 시 주요 페이지를 캐시에서 빠르게 표시.,PWA;캐시;오프라인,MDN Web Docs - Service Worker API,https://developer.mozilla.org/en-US/docs/Web/API/Service_Worker_API,MDN Web Docs - Progressive web apps,https://developer.mozilla.org/en-US/docs/Web/Progressive_web_apps,"첨부 마크다운의 기존 개발 용어와 공식 문서의 정의·사용 맥락을 대조했고, 중복 정규화 검사 후 사이트 카드와 자세히 보기 양쪽에 쓸 수 있도록 한국어로 재정리함.",high,verified
DEV-064,프론트엔드,프론트엔드,프로그레시브 웹앱,Progressive Web App,PWA,웹 기술로 앱처럼 설치 가능하고 안정적인 사용자 경험을 제공하는 방식.,"프로그레시브 웹앱(Progressive Web App) 용어는 웹 기술로 앱처럼 설치 가능하고 안정적인 사용자 경험을 제공하는 방식. 자세히 보기에서는 이 용어를 프론트엔드 관점에서 이해하면 좋다. 실무에서는 요구사항 확인, 구현 방식 선택, 운영 리스크 점검에 함께 쓰이며, 예: 홈 화면에 추가 가능한 병원 예약 웹앱을 구성. 관련해서는 서비스 워커, 매니페스트, 오프라인 항목을 함께 보면 개념 간 차이를 더 명확히 구분할 수 있다.",홈 화면에 추가 가능한 병원 예약 웹앱을 구성.,서비스 워커;매니페스트;오프라인,MDN Web Docs - Progressive web apps,https://developer.mozilla.org/en-US/docs/Web/Progressive_web_apps,MDN Web Docs - Service Worker API,https://developer.mozilla.org/en-US/docs/Web/API/Service_Worker_API,"첨부 마크다운의 기존 개발 용어와 공식 문서의 정의·사용 맥락을 대조했고, 중복 정규화 검사 후 사이트 카드와 자세히 보기 양쪽에 쓸 수 있도록 한국어로 재정리함.",high,verified
DEV-065,보안·인증,백엔드·API,쿠키,Cookie,,서버가 브라우저에 저장시키고 이후 요청에 함께 보낼 수 있는 작은 데이터.,"쿠키(Cookie) 용어는 서버가 브라우저에 저장시키고 이후 요청에 함께 보낼 수 있는 작은 데이터. 자세히 보기에서는 이 용어를 보안·인증 관점에서 이해하면 좋다. 실무에서는 요구사항 확인, 구현 방식 선택, 운영 리스크 점검에 함께 쓰이며, 예: 로그인 세션 식별자를 보안 쿠키에 저장. 관련해서는 세션, SameSite, 인증 항목을 함께 보면 개념 간 차이를 더 명확히 구분할 수 있다.",로그인 세션 식별자를 보안 쿠키에 저장.,세션;SameSite;인증,MDN Web Docs - HTTP cookies,https://developer.mozilla.org/en-US/docs/Web/HTTP/Guides/Cookies,MDN Web Docs - HTTP,https://developer.mozilla.org/en-US/docs/Web/HTTP,"첨부 마크다운의 기존 개발 용어와 공식 문서의 정의·사용 맥락을 대조했고, 중복 정규화 검사 후 사이트 카드와 자세히 보기 양쪽에 쓸 수 있도록 한국어로 재정리함.",high,verified
DEV-066,보안·인증,백엔드·API,세션,Session,,사용자의 로그인 상태나 일시적 상태를 서버 또는 클라이언트에서 유지하는 방식.,"세션(Session) 용어는 사용자의 로그인 상태나 일시적 상태를 서버 또는 클라이언트에서 유지하는 방식. 자세히 보기에서는 이 용어를 보안·인증 관점에서 이해하면 좋다. 실무에서는 요구사항 확인, 구현 방식 선택, 운영 리스크 점검에 함께 쓰이며, 예: 관리자 로그인 상태를 세션으로 유지. 관련해서는 쿠키, 인증, JWT 항목을 함께 보면 개념 간 차이를 더 명확히 구분할 수 있다.",관리자 로그인 상태를 세션으로 유지.,쿠키;인증;JWT,MDN Web Docs - HTTP cookies,https://developer.mozilla.org/en-US/docs/Web/HTTP/Guides/Cookies,OpenID Foundation - How OpenID Connect Works,https://openid.net/developers/how-connect-works/,"첨부 마크다운의 기존 개발 용어와 공식 문서의 정의·사용 맥락을 대조했고, 중복 정규화 검사 후 사이트 카드와 자세히 보기 양쪽에 쓸 수 있도록 한국어로 재정리함.",high,verified
DEV-067,프론트엔드,프론트엔드,로컬 스토리지,Local Storage,,브라우저에 키-값 데이터를 지속 저장하는 Web Storage 기능.,"로컬 스토리지(Local Storage) 용어는 브라우저에 키-값 데이터를 지속 저장하는 Web Storage 기능. 자세히 보기에서는 이 용어를 프론트엔드 관점에서 이해하면 좋다. 실무에서는 요구사항 확인, 구현 방식 선택, 운영 리스크 점검에 함께 쓰이며, 예: 사용자가 선택한 테마를 브라우저에 저장. 관련해서는 세션 스토리지, 쿠키, 프라이버시 항목을 함께 보면 개념 간 차이를 더 명확히 구분할 수 있다.",사용자가 선택한 테마를 브라우저에 저장.,세션 스토리지;쿠키;프라이버시,MDN Web Docs - Web Storage API,https://developer.mozilla.org/en-US/docs/Web/API/Web_Storage_API,MDN Web Docs - JavaScript,https://developer.mozilla.org/en-US/docs/Web/JavaScript,"첨부 마크다운의 기존 개발 용어와 공식 문서의 정의·사용 맥락을 대조했고, 중복 정규화 검사 후 사이트 카드와 자세히 보기 양쪽에 쓸 수 있도록 한국어로 재정리함.",high,verified
DEV-068,보안·인증,백엔드·API,CORS,Cross-Origin Resource Sharing,CORS,다른 출처의 리소스 요청을 브라우저가 허용할지 판단하는 HTTP 기반 보안 메커니즘.,"CORS(Cross-Origin Resource Sharing) 용어는 다른 출처의 리소스 요청을 브라우저가 허용할지 판단하는 HTTP 기반 보안 메커니즘. 자세히 보기에서는 이 용어를 보안·인증 관점에서 이해하면 좋다. 실무에서는 요구사항 확인, 구현 방식 선택, 운영 리스크 점검에 함께 쓰이며, 예: 프론트엔드 도메인에서 API 도메인 호출을 허용. 관련해서는 동일 출처 정책, HTTP 헤더, API 항목을 함께 보면 개념 간 차이를 더 명확히 구분할 수 있다.",프론트엔드 도메인에서 API 도메인 호출을 허용.,동일 출처 정책;HTTP 헤더;API,MDN Web Docs - CORS,https://developer.mozilla.org/en-US/docs/Web/HTTP/Guides/CORS,MDN Web Docs - HTTP,https://developer.mozilla.org/en-US/docs/Web/HTTP,"첨부 마크다운의 기존 개발 용어와 공식 문서의 정의·사용 맥락을 대조했고, 중복 정규화 검사 후 사이트 카드와 자세히 보기 양쪽에 쓸 수 있도록 한국어로 재정리함.",high,verified
DEV-069,보안·인증,백엔드·API,동일 출처 정책,Same-Origin Policy,,"프로토콜, 호스트, 포트가 같은 출처끼리만 기본적으로 리소스 접근을 허용하는 브라우저 보안 원칙.","동일 출처 정책(Same-Origin Policy) 용어는 프로토콜, 호스트, 포트가 같은 출처끼리만 기본적으로 리소스 접근을 허용하는 브라우저 보안 원칙. 자세히 보기에서는 이 용어를 보안·인증 관점에서 이해하면 좋다. 실무에서는 요구사항 확인, 구현 방식 선택, 운영 리스크 점검에 함께 쓰이며, 예: 다른 도메인의 민감 데이터 읽기를 차단. 관련해서는 CORS, 쿠키, 브라우저 보안 항목을 함께 보면 개념 간 차이를 더 명확히 구분할 수 있다.",다른 도메인의 민감 데이터 읽기를 차단.,CORS;쿠키;브라우저 보안,MDN Web Docs - CORS,https://developer.mozilla.org/en-US/docs/Web/HTTP/Guides/CORS,MDN Web Docs - HTTP,https://developer.mozilla.org/en-US/docs/Web/HTTP,"첨부 마크다운의 기존 개발 용어와 공식 문서의 정의·사용 맥락을 대조했고, 중복 정규화 검사 후 사이트 카드와 자세히 보기 양쪽에 쓸 수 있도록 한국어로 재정리함.",high,verified
DEV-070,백엔드·API,백엔드·API,URL,Uniform Resource Locator,URL,웹에서 리소스 위치를 나타내는 주소.,"URL(Uniform Resource Locator) 용어는 웹에서 리소스 위치를 나타내는 주소. 자세히 보기에서는 이 용어를 백엔드·API 관점에서 이해하면 좋다. 실무에서는 요구사항 확인, 구현 방식 선택, 운영 리스크 점검에 함께 쓰이며, 예: https://example.com/contact가 상담 페이지 URL. 관련해서는 URI, 도메인, 쿼리 문자열 항목을 함께 보면 개념 간 차이를 더 명확히 구분할 수 있다.",https://example.com/contact가 상담 페이지 URL.,URI;도메인;쿼리 문자열,MDN Web Docs - URL API,https://developer.mozilla.org/en-US/docs/Web/API/URL_API,MDN Web Docs - HTTP,https://developer.mozilla.org/en-US/docs/Web/HTTP,"첨부 마크다운의 기존 개발 용어와 공식 문서의 정의·사용 맥락을 대조했고, 중복 정규화 검사 후 사이트 카드와 자세히 보기 양쪽에 쓸 수 있도록 한국어로 재정리함.",high,verified
DEV-071,백엔드·API,백엔드·API,URI,Uniform Resource Identifier,URI,리소스를 식별하는 문자열의 상위 개념.,"URI(Uniform Resource Identifier) 용어는 리소스를 식별하는 문자열의 상위 개념. 자세히 보기에서는 이 용어를 백엔드·API 관점에서 이해하면 좋다. 실무에서는 요구사항 확인, 구현 방식 선택, 운영 리스크 점검에 함께 쓰이며, 예: /api/doctors/1이 특정 의료진 리소스를 식별. 관련해서는 URL, API, REST 항목을 함께 보면 개념 간 차이를 더 명확히 구분할 수 있다.",/api/doctors/1이 특정 의료진 리소스를 식별.,URL;API;REST,RFC 9110 - HTTP Semantics,https://www.rfc-editor.org/rfc/rfc9110,MDN Web Docs - URL API,https://developer.mozilla.org/en-US/docs/Web/API/URL_API,"첨부 마크다운의 기존 개발 용어와 공식 문서의 정의·사용 맥락을 대조했고, 중복 정규화 검사 후 사이트 카드와 자세히 보기 양쪽에 쓸 수 있도록 한국어로 재정리함.",high,verified
DEV-072,백엔드·API,백엔드·API,HTTP,Hypertext Transfer Protocol,HTTP,웹에서 클라이언트와 서버가 요청과 응답을 주고받는 애플리케이션 프로토콜.,"HTTP(Hypertext Transfer Protocol) 용어는 웹에서 클라이언트와 서버가 요청과 응답을 주고받는 애플리케이션 프로토콜. 자세히 보기에서는 이 용어를 백엔드·API 관점에서 이해하면 좋다. 실무에서는 요구사항 확인, 구현 방식 선택, 운영 리스크 점검에 함께 쓰이며, 예: 브라우저가 GET 요청으로 홈페이지를 가져옴. 관련해서는 HTTPS, 메서드, 상태 코드 항목을 함께 보면 개념 간 차이를 더 명확히 구분할 수 있다.",브라우저가 GET 요청으로 홈페이지를 가져옴.,HTTPS;메서드;상태 코드,RFC 9110 - HTTP Semantics,https://www.rfc-editor.org/rfc/rfc9110,MDN Web Docs - HTTP,https://developer.mozilla.org/en-US/docs/Web/HTTP,"첨부 마크다운의 기존 개발 용어와 공식 문서의 정의·사용 맥락을 대조했고, 중복 정규화 검사 후 사이트 카드와 자세히 보기 양쪽에 쓸 수 있도록 한국어로 재정리함.",high,verified
DEV-073,보안·인증,백엔드·API,HTTPS,Hypertext Transfer Protocol Secure,HTTPS,HTTP 통신을 TLS로 암호화해 전송 중 데이터 보호를 제공하는 방식.,"HTTPS(Hypertext Transfer Protocol Secure) 용어는 HTTP 통신을 TLS로 암호화해 전송 중 데이터 보호를 제공하는 방식. 자세히 보기에서는 이 용어를 보안·인증 관점에서 이해하면 좋다. 실무에서는 요구사항 확인, 구현 방식 선택, 운영 리스크 점검에 함께 쓰이며, 예: 상담 신청 페이지를 HTTPS로 제공. 관련해서는 TLS, 인증서, 보안 항목을 함께 보면 개념 간 차이를 더 명확히 구분할 수 있다.",상담 신청 페이지를 HTTPS로 제공.,TLS;인증서;보안,MDN Web Docs - HTTP,https://developer.mozilla.org/en-US/docs/Web/HTTP,RFC 9110 - HTTP Semantics,https://www.rfc-editor.org/rfc/rfc9110,"첨부 마크다운의 기존 개발 용어와 공식 문서의 정의·사용 맥락을 대조했고, 중복 정규화 검사 후 사이트 카드와 자세히 보기 양쪽에 쓸 수 있도록 한국어로 재정리함.",high,verified
DEV-074,백엔드·API,백엔드·API,HTTP 메서드,HTTP Method,,요청 목적을 나타내는 HTTP 동작 단어.,"HTTP 메서드(HTTP Method) 용어는 요청 목적을 나타내는 HTTP 동작 단어. 자세히 보기에서는 이 용어를 백엔드·API 관점에서 이해하면 좋다. 실무에서는 요구사항 확인, 구현 방식 선택, 운영 리스크 점검에 함께 쓰이며, 예: GET은 조회, POST는 상담 신청 생성에 사용. 관련해서는 GET, POST, REST API 항목을 함께 보면 개념 간 차이를 더 명확히 구분할 수 있다.","GET은 조회, POST는 상담 신청 생성에 사용.",GET;POST;REST API,RFC 9110 - HTTP Semantics,https://www.rfc-editor.org/rfc/rfc9110,MDN Web Docs - HTTP,https://developer.mozilla.org/en-US/docs/Web/HTTP,"첨부 마크다운의 기존 개발 용어와 공식 문서의 정의·사용 맥락을 대조했고, 중복 정규화 검사 후 사이트 카드와 자세히 보기 양쪽에 쓸 수 있도록 한국어로 재정리함.",high,verified
DEV-075,백엔드·API,백엔드·API,상태 코드,Status Code,,서버가 요청 처리 결과를 숫자로 알려주는 HTTP 응답 코드.,"상태 코드(Status Code) 용어는 서버가 요청 처리 결과를 숫자로 알려주는 HTTP 응답 코드. 자세히 보기에서는 이 용어를 백엔드·API 관점에서 이해하면 좋다. 실무에서는 요구사항 확인, 구현 방식 선택, 운영 리스크 점검에 함께 쓰이며, 예: 404는 리소스 없음, 500은 서버 오류를 의미. 관련해서는 HTTP, 응답, 에러 처리 항목을 함께 보면 개념 간 차이를 더 명확히 구분할 수 있다.","404는 리소스 없음, 500은 서버 오류를 의미.",HTTP;응답;에러 처리,RFC 9110 - HTTP Semantics,https://www.rfc-editor.org/rfc/rfc9110,MDN Web Docs - HTTP,https://developer.mozilla.org/en-US/docs/Web/HTTP,"첨부 마크다운의 기존 개발 용어와 공식 문서의 정의·사용 맥락을 대조했고, 중복 정규화 검사 후 사이트 카드와 자세히 보기 양쪽에 쓸 수 있도록 한국어로 재정리함.",high,verified
DEV-076,백엔드·API,백엔드·API,헤더,Header,,HTTP 요청과 응답에 메타데이터를 담는 이름-값 정보.,"헤더(Header) 용어는 HTTP 요청과 응답에 메타데이터를 담는 이름-값 정보. 자세히 보기에서는 이 용어를 백엔드·API 관점에서 이해하면 좋다. 실무에서는 요구사항 확인, 구현 방식 선택, 운영 리스크 점검에 함께 쓰이며, 예: Authorization 헤더에 액세스 토큰을 전달. 관련해서는 HTTP, CORS, 쿠키 항목을 함께 보면 개념 간 차이를 더 명확히 구분할 수 있다.",Authorization 헤더에 액세스 토큰을 전달.,HTTP;CORS;쿠키,RFC 9110 - HTTP Semantics,https://www.rfc-editor.org/rfc/rfc9110,MDN Web Docs - HTTP,https://developer.mozilla.org/en-US/docs/Web/HTTP,"첨부 마크다운의 기존 개발 용어와 공식 문서의 정의·사용 맥락을 대조했고, 중복 정규화 검사 후 사이트 카드와 자세히 보기 양쪽에 쓸 수 있도록 한국어로 재정리함.",high,verified
DEV-077,백엔드·API,백엔드·API,요청 본문,Request Body,,클라이언트가 서버로 보내는 주요 데이터 영역.,"요청 본문(Request Body) 용어는 클라이언트가 서버로 보내는 주요 데이터 영역. 자세히 보기에서는 이 용어를 백엔드·API 관점에서 이해하면 좋다. 실무에서는 요구사항 확인, 구현 방식 선택, 운영 리스크 점검에 함께 쓰이며, 예: 상담자 이름과 연락처를 JSON 본문으로 전송. 관련해서는 HTTP, JSON, POST 항목을 함께 보면 개념 간 차이를 더 명확히 구분할 수 있다.",상담자 이름과 연락처를 JSON 본문으로 전송.,HTTP;JSON;POST,RFC 9110 - HTTP Semantics,https://www.rfc-editor.org/rfc/rfc9110,OpenAPI Specification,https://spec.openapis.org/oas/latest.html,"첨부 마크다운의 기존 개발 용어와 공식 문서의 정의·사용 맥락을 대조했고, 중복 정규화 검사 후 사이트 카드와 자세히 보기 양쪽에 쓸 수 있도록 한국어로 재정리함.",high,verified
DEV-078,백엔드·API,백엔드·API,응답 본문,Response Body,,서버가 클라이언트에 돌려주는 주요 데이터 영역.,"응답 본문(Response Body) 용어는 서버가 클라이언트에 돌려주는 주요 데이터 영역. 자세히 보기에서는 이 용어를 백엔드·API 관점에서 이해하면 좋다. 실무에서는 요구사항 확인, 구현 방식 선택, 운영 리스크 점검에 함께 쓰이며, 예: 상담 신청 성공 여부를 JSON으로 반환. 관련해서는 HTTP, JSON, 상태 코드 항목을 함께 보면 개념 간 차이를 더 명확히 구분할 수 있다.",상담 신청 성공 여부를 JSON으로 반환.,HTTP;JSON;상태 코드,RFC 9110 - HTTP Semantics,https://www.rfc-editor.org/rfc/rfc9110,OpenAPI Specification,https://spec.openapis.org/oas/latest.html,"첨부 마크다운의 기존 개발 용어와 공식 문서의 정의·사용 맥락을 대조했고, 중복 정규화 검사 후 사이트 카드와 자세히 보기 양쪽에 쓸 수 있도록 한국어로 재정리함.",high,verified
DEV-079,백엔드·API,백엔드·API,미들웨어,Middleware,,요청과 응답 사이에서 공통 처리를 수행하는 소프트웨어 계층.,"미들웨어(Middleware) 용어는 요청과 응답 사이에서 공통 처리를 수행하는 소프트웨어 계층. 자세히 보기에서는 이 용어를 백엔드·API 관점에서 이해하면 좋다. 실무에서는 요구사항 확인, 구현 방식 선택, 운영 리스크 점검에 함께 쓰이며, 예: 로그인 검증 미들웨어가 관리자 API 접근을 확인. 관련해서는 인증, 라우팅, 로깅 항목을 함께 보면 개념 간 차이를 더 명확히 구분할 수 있다.",로그인 검증 미들웨어가 관리자 API 접근을 확인.,인증;라우팅;로깅,Node.js Docs - Introduction to Node.js,https://nodejs.org/learn/getting-started/introduction-to-nodejs,Next.js Docs,https://nextjs.org/docs,"첨부 마크다운의 기존 개발 용어와 공식 문서의 정의·사용 맥락을 대조했고, 중복 정규화 검사 후 사이트 카드와 자세히 보기 양쪽에 쓸 수 있도록 한국어로 재정리함.",high,verified
DEV-080,백엔드·API,백엔드·API,라우팅,Routing,,요청 URL과 메서드를 알맞은 처리 로직이나 화면에 연결하는 방식.,"라우팅(Routing) 용어는 요청 URL과 메서드를 알맞은 처리 로직이나 화면에 연결하는 방식. 자세히 보기에서는 이 용어를 백엔드·API 관점에서 이해하면 좋다. 실무에서는 요구사항 확인, 구현 방식 선택, 운영 리스크 점검에 함께 쓰이며, 예: /contact 요청을 상담 페이지로 연결. 관련해서는 엔드포인트, 컨트롤러, Next.js 항목을 함께 보면 개념 간 차이를 더 명확히 구분할 수 있다.",/contact 요청을 상담 페이지로 연결.,엔드포인트;컨트롤러;Next.js,Next.js Docs,https://nextjs.org/docs,OpenAPI Specification,https://spec.openapis.org/oas/latest.html,"첨부 마크다운의 기존 개발 용어와 공식 문서의 정의·사용 맥락을 대조했고, 중복 정규화 검사 후 사이트 카드와 자세히 보기 양쪽에 쓸 수 있도록 한국어로 재정리함.",high,verified
DEV-081,백엔드·API,백엔드·API,컨트롤러,Controller,,외부 요청을 받아 입력을 해석하고 서비스 로직 호출과 응답 생성을 담당하는 계층.,"컨트롤러(Controller) 용어는 외부 요청을 받아 입력을 해석하고 서비스 로직 호출과 응답 생성을 담당하는 계층. 자세히 보기에서는 이 용어를 백엔드·API 관점에서 이해하면 좋다. 실무에서는 요구사항 확인, 구현 방식 선택, 운영 리스크 점검에 함께 쓰이며, 예: 상담 신청 컨트롤러가 요청을 검증하고 저장 로직을 호출. 관련해서는 서비스 계층, 라우팅, API 항목을 함께 보면 개념 간 차이를 더 명확히 구분할 수 있다.",상담 신청 컨트롤러가 요청을 검증하고 저장 로직을 호출.,서비스 계층;라우팅;API,OpenAPI Specification,https://spec.openapis.org/oas/latest.html,Node.js Docs - Introduction to Node.js,https://nodejs.org/learn/getting-started/introduction-to-nodejs,"첨부 마크다운의 기존 개발 용어와 공식 문서의 정의·사용 맥락을 대조했고, 중복 정규화 검사 후 사이트 카드와 자세히 보기 양쪽에 쓸 수 있도록 한국어로 재정리함.",high,verified
DEV-082,백엔드·API,백엔드·API,서비스 계층,Service Layer,,비즈니스 규칙과 핵심 처리 흐름을 모아 컨트롤러와 데이터 접근을 분리하는 계층.,"서비스 계층(Service Layer) 용어는 비즈니스 규칙과 핵심 처리 흐름을 모아 컨트롤러와 데이터 접근을 분리하는 계층. 자세히 보기에서는 이 용어를 백엔드·API 관점에서 이해하면 좋다. 실무에서는 요구사항 확인, 구현 방식 선택, 운영 리스크 점검에 함께 쓰이며, 예: 중복 상담 신청 여부를 서비스 계층에서 판단. 관련해서는 컨트롤러, ORM, 테스트 항목을 함께 보면 개념 간 차이를 더 명확히 구분할 수 있다.",중복 상담 신청 여부를 서비스 계층에서 판단.,컨트롤러;ORM;테스트,Node.js Docs - Introduction to Node.js,https://nodejs.org/learn/getting-started/introduction-to-nodejs,GitHub Docs - Repositories,https://docs.github.com/en/repositories,"첨부 마크다운의 기존 개발 용어와 공식 문서의 정의·사용 맥락을 대조했고, 중복 정규화 검사 후 사이트 카드와 자세히 보기 양쪽에 쓸 수 있도록 한국어로 재정리함.",high,verified
DEV-083,데이터베이스,백엔드·API,ORM,Object-Relational Mapping,ORM,객체 코드와 관계형 데이터베이스 테이블 사이의 변환을 도와주는 방식이나 도구.,"ORM(Object-Relational Mapping) 용어는 객체 코드와 관계형 데이터베이스 테이블 사이의 변환을 도와주는 방식이나 도구. 자세히 보기에서는 이 용어를 데이터베이스 관점에서 이해하면 좋다. 실무에서는 요구사항 확인, 구현 방식 선택, 운영 리스크 점검에 함께 쓰이며, 예: 상담 신청 객체를 데이터베이스 행으로 저장. 관련해서는 SQL, 마이그레이션, 스키마 항목을 함께 보면 개념 간 차이를 더 명확히 구분할 수 있다.",상담 신청 객체를 데이터베이스 행으로 저장.,SQL;마이그레이션;스키마,PostgreSQL Documentation - What Is PostgreSQL?,https://www.postgresql.org/docs/current/intro-whatis.html,Node.js Docs - Introduction to Node.js,https://nodejs.org/learn/getting-started/introduction-to-nodejs,"첨부 마크다운의 기존 개발 용어와 공식 문서의 정의·사용 맥락을 대조했고, 중복 정규화 검사 후 사이트 카드와 자세히 보기 양쪽에 쓸 수 있도록 한국어로 재정리함.",high,verified
DEV-084,데이터베이스,백엔드·API,SQL,Structured Query Language,SQL,"관계형 데이터베이스에서 데이터를 정의, 조회, 수정하는 표준 질의 언어.","SQL(Structured Query Language) 용어는 관계형 데이터베이스에서 데이터를 정의, 조회, 수정하는 표준 질의 언어. 자세히 보기에서는 이 용어를 데이터베이스 관점에서 이해하면 좋다. 실무에서는 요구사항 확인, 구현 방식 선택, 운영 리스크 점검에 함께 쓰이며, 예: SELECT 문으로 상담 목록을 조회. 관련해서는 데이터베이스, 쿼리, 트랜잭션 항목을 함께 보면 개념 간 차이를 더 명확히 구분할 수 있다.",SELECT 문으로 상담 목록을 조회.,데이터베이스;쿼리;트랜잭션,PostgreSQL Documentation - What Is PostgreSQL?,https://www.postgresql.org/docs/current/intro-whatis.html,MySQL Documentation,https://dev.mysql.com/doc/,"첨부 마크다운의 기존 개발 용어와 공식 문서의 정의·사용 맥락을 대조했고, 중복 정규화 검사 후 사이트 카드와 자세히 보기 양쪽에 쓸 수 있도록 한국어로 재정리함.",high,verified
DEV-085,데이터베이스,백엔드·API,NoSQL,NoSQL,,"관계형 모델 외의 문서, 키-값, 그래프 등 다양한 데이터 저장 방식을 포괄하는 용어.","NoSQL(NoSQL) 용어는 관계형 모델 외의 문서, 키-값, 그래프 등 다양한 데이터 저장 방식을 포괄하는 용어. 자세히 보기에서는 이 용어를 데이터베이스 관점에서 이해하면 좋다. 실무에서는 요구사항 확인, 구현 방식 선택, 운영 리스크 점검에 함께 쓰이며, 예: 문서형 DB에 이벤트 로그를 저장. 관련해서는 MongoDB, Redis, 스키마 항목을 함께 보면 개념 간 차이를 더 명확히 구분할 수 있다.",문서형 DB에 이벤트 로그를 저장.,MongoDB;Redis;스키마,MongoDB Docs,https://www.mongodb.com/docs/,Redis Docs - Using Redis commands,https://redis.io/docs/latest/develop/using-commands/,"공식 문서에 직접 정의된 표준명과 실무에서 널리 쓰는 표현을 대조했고, 플랫폼별 의미 차이가 있어 보수적인 범위로 설명함.",medium,verified
DEV-086,데이터베이스,백엔드·API,포스트그레SQL,PostgreSQL,,SQL 표준과 확장 기능을 지원하는 오픈소스 객체-관계형 데이터베이스.,"포스트그레SQL(PostgreSQL) 용어는 SQL 표준과 확장 기능을 지원하는 오픈소스 객체-관계형 데이터베이스. 자세히 보기에서는 이 용어를 데이터베이스 관점에서 이해하면 좋다. 실무에서는 요구사항 확인, 구현 방식 선택, 운영 리스크 점검에 함께 쓰이며, 예: 상담, 예약, 관리자 계정을 PostgreSQL에 저장. 관련해서는 SQL, 트랜잭션, 인덱스 항목을 함께 보면 개념 간 차이를 더 명확히 구분할 수 있다.","상담, 예약, 관리자 계정을 PostgreSQL에 저장.",SQL;트랜잭션;인덱스,PostgreSQL Documentation - What Is PostgreSQL?,https://www.postgresql.org/docs/current/intro-whatis.html,PostgreSQL Documentation - Transactions,https://www.postgresql.org/docs/current/tutorial-transactions.html,"첨부 마크다운의 기존 개발 용어와 공식 문서의 정의·사용 맥락을 대조했고, 중복 정규화 검사 후 사이트 카드와 자세히 보기 양쪽에 쓸 수 있도록 한국어로 재정리함.",high,verified
DEV-087,데이터베이스,백엔드·API,MySQL,MySQL,,웹 서비스에서 널리 쓰이는 오픈소스 관계형 데이터베이스 관리 시스템.,"MySQL(MySQL) 용어는 웹 서비스에서 널리 쓰이는 오픈소스 관계형 데이터베이스 관리 시스템. 자세히 보기에서는 이 용어를 데이터베이스 관점에서 이해하면 좋다. 실무에서는 요구사항 확인, 구현 방식 선택, 운영 리스크 점검에 함께 쓰이며, 예: 기존 병원 CMS 데이터를 MySQL에서 조회. 관련해서는 SQL, 스키마, 백업 항목을 함께 보면 개념 간 차이를 더 명확히 구분할 수 있다.",기존 병원 CMS 데이터를 MySQL에서 조회.,SQL;스키마;백업,MySQL Documentation,https://dev.mysql.com/doc/,PostgreSQL Documentation - What Is PostgreSQL?,https://www.postgresql.org/docs/current/intro-whatis.html,"첨부 마크다운의 기존 개발 용어와 공식 문서의 정의·사용 맥락을 대조했고, 중복 정규화 검사 후 사이트 카드와 자세히 보기 양쪽에 쓸 수 있도록 한국어로 재정리함.",high,verified
DEV-088,데이터베이스,백엔드·API,몽고DB,MongoDB,,JSON 유사 문서 형태로 데이터를 저장하는 문서형 NoSQL 데이터베이스.,"몽고DB(MongoDB) 용어는 JSON 유사 문서 형태로 데이터를 저장하는 문서형 NoSQL 데이터베이스. 자세히 보기에서는 이 용어를 데이터베이스 관점에서 이해하면 좋다. 실무에서는 요구사항 확인, 구현 방식 선택, 운영 리스크 점검에 함께 쓰이며, 예: 비정형 이벤트 로그를 문서 단위로 저장. 관련해서는 NoSQL, 문서, 스키마 항목을 함께 보면 개념 간 차이를 더 명확히 구분할 수 있다.",비정형 이벤트 로그를 문서 단위로 저장.,NoSQL;문서;스키마,MongoDB Docs,https://www.mongodb.com/docs/,MDN Web Docs - JavaScript,https://developer.mozilla.org/en-US/docs/Web/JavaScript,"첨부 마크다운의 기존 개발 용어와 공식 문서의 정의·사용 맥락을 대조했고, 중복 정규화 검사 후 사이트 카드와 자세히 보기 양쪽에 쓸 수 있도록 한국어로 재정리함.",high,verified
DEV-089,데이터베이스,백엔드·API,레디스,Redis,,키-값 구조와 다양한 자료형을 제공하는 인메모리 데이터 저장소.,"레디스(Redis) 용어는 키-값 구조와 다양한 자료형을 제공하는 인메모리 데이터 저장소. 자세히 보기에서는 이 용어를 데이터베이스 관점에서 이해하면 좋다. 실무에서는 요구사항 확인, 구현 방식 선택, 운영 리스크 점검에 함께 쓰이며, 예: 인기 게시글 목록을 Redis에 캐시. 관련해서는 캐시, 세션, 큐 항목을 함께 보면 개념 간 차이를 더 명확히 구분할 수 있다.",인기 게시글 목록을 Redis에 캐시.,캐시;세션;큐,Redis Docs - Using Redis commands,https://redis.io/docs/latest/develop/using-commands/,MDN Web Docs - HTTP,https://developer.mozilla.org/en-US/docs/Web/HTTP,"첨부 마크다운의 기존 개발 용어와 공식 문서의 정의·사용 맥락을 대조했고, 중복 정규화 검사 후 사이트 카드와 자세히 보기 양쪽에 쓸 수 있도록 한국어로 재정리함.",high,verified
DEV-090,데이터베이스,백엔드·API,인덱스,Index,,데이터베이스가 특정 조건의 데이터를 빠르게 찾도록 돕는 자료구조.,"인덱스(Index) 용어는 데이터베이스가 특정 조건의 데이터를 빠르게 찾도록 돕는 자료구조. 자세히 보기에서는 이 용어를 데이터베이스 관점에서 이해하면 좋다. 실무에서는 요구사항 확인, 구현 방식 선택, 운영 리스크 점검에 함께 쓰이며, 예: 전화번호 컬럼에 인덱스를 걸어 검색 속도를 높임. 관련해서는 쿼리, 성능, PostgreSQL 항목을 함께 보면 개념 간 차이를 더 명확히 구분할 수 있다.",전화번호 컬럼에 인덱스를 걸어 검색 속도를 높임.,쿼리;성능;PostgreSQL,PostgreSQL Documentation - Indexes,https://www.postgresql.org/docs/current/indexes.html,PostgreSQL Documentation - What Is PostgreSQL?,https://www.postgresql.org/docs/current/intro-whatis.html,"첨부 마크다운의 기존 개발 용어와 공식 문서의 정의·사용 맥락을 대조했고, 중복 정규화 검사 후 사이트 카드와 자세히 보기 양쪽에 쓸 수 있도록 한국어로 재정리함.",high,verified
DEV-091,데이터베이스,백엔드·API,트랜잭션,Transaction,,여러 데이터 작업을 하나의 논리적 단위로 묶어 모두 성공하거나 모두 취소되게 하는 처리.,"트랜잭션(Transaction) 용어는 여러 데이터 작업을 하나의 논리적 단위로 묶어 모두 성공하거나 모두 취소되게 하는 처리. 자세히 보기에서는 이 용어를 데이터베이스 관점에서 이해하면 좋다. 실무에서는 요구사항 확인, 구현 방식 선택, 운영 리스크 점검에 함께 쓰이며, 예: 예약 저장과 알림 기록을 한 트랜잭션으로 처리. 관련해서는 ACID, 롤백, 데이터 무결성 항목을 함께 보면 개념 간 차이를 더 명확히 구분할 수 있다.",예약 저장과 알림 기록을 한 트랜잭션으로 처리.,ACID;롤백;데이터 무결성,PostgreSQL Documentation - Transactions,https://www.postgresql.org/docs/current/tutorial-transactions.html,PostgreSQL Documentation - What Is PostgreSQL?,https://www.postgresql.org/docs/current/intro-whatis.html,"첨부 마크다운의 기존 개발 용어와 공식 문서의 정의·사용 맥락을 대조했고, 중복 정규화 검사 후 사이트 카드와 자세히 보기 양쪽에 쓸 수 있도록 한국어로 재정리함.",high,verified
DEV-092,데이터베이스,백엔드·API,ACID,Atomicity Consistency Isolation Durability,ACID,"트랜잭션이 신뢰성 있게 처리되기 위한 원자성, 일관성, 격리성, 지속성 원칙.","ACID(Atomicity Consistency Isolation Durability) 용어는 트랜잭션이 신뢰성 있게 처리되기 위한 원자성, 일관성, 격리성, 지속성 원칙. 자세히 보기에서는 이 용어를 데이터베이스 관점에서 이해하면 좋다. 실무에서는 요구사항 확인, 구현 방식 선택, 운영 리스크 점검에 함께 쓰이며, 예: 결제와 예약 확정 데이터가 중간 상태로 남지 않게 보장. 관련해서는 트랜잭션, 무결성, 데이터베이스 항목을 함께 보면 개념 간 차이를 더 명확히 구분할 수 있다.",결제와 예약 확정 데이터가 중간 상태로 남지 않게 보장.,트랜잭션;무결성;데이터베이스,PostgreSQL Documentation - Transactions,https://www.postgresql.org/docs/current/tutorial-transactions.html,PostgreSQL Documentation - What Is PostgreSQL?,https://www.postgresql.org/docs/current/intro-whatis.html,"첨부 마크다운의 기존 개발 용어와 공식 문서의 정의·사용 맥락을 대조했고, 중복 정규화 검사 후 사이트 카드와 자세히 보기 양쪽에 쓸 수 있도록 한국어로 재정리함.",high,verified
DEV-093,데이터베이스,백엔드·API,스키마,Schema,,데이터베이스나 API에서 데이터 구조와 제약을 정의한 설계.,"스키마(Schema) 용어는 데이터베이스나 API에서 데이터 구조와 제약을 정의한 설계. 자세히 보기에서는 이 용어를 데이터베이스 관점에서 이해하면 좋다. 실무에서는 요구사항 확인, 구현 방식 선택, 운영 리스크 점검에 함께 쓰이며, 예: 상담 테이블의 이름, 연락처, 생성일 컬럼을 정의. 관련해서는 마이그레이션, 테이블, OpenAPI 항목을 함께 보면 개념 간 차이를 더 명확히 구분할 수 있다.","상담 테이블의 이름, 연락처, 생성일 컬럼을 정의.",마이그레이션;테이블;OpenAPI,PostgreSQL Documentation - What Is PostgreSQL?,https://www.postgresql.org/docs/current/intro-whatis.html,OpenAPI Specification,https://spec.openapis.org/oas/latest.html,"첨부 마크다운의 기존 개발 용어와 공식 문서의 정의·사용 맥락을 대조했고, 중복 정규화 검사 후 사이트 카드와 자세히 보기 양쪽에 쓸 수 있도록 한국어로 재정리함.",high,verified
DEV-094,데이터베이스,백엔드·API,마이그레이션,Migration,,데이터베이스 구조나 데이터를 버전별로 변경하고 추적하는 작업.,"마이그레이션(Migration) 용어는 데이터베이스 구조나 데이터를 버전별로 변경하고 추적하는 작업. 자세히 보기에서는 이 용어를 데이터베이스 관점에서 이해하면 좋다. 실무에서는 요구사항 확인, 구현 방식 선택, 운영 리스크 점검에 함께 쓰이며, 예: 상담 테이블에 유입 채널 컬럼을 추가. 관련해서는 스키마, 배포, 롤백 항목을 함께 보면 개념 간 차이를 더 명확히 구분할 수 있다.",상담 테이블에 유입 채널 컬럼을 추가.,스키마;배포;롤백,PostgreSQL Documentation - What Is PostgreSQL?,https://www.postgresql.org/docs/current/intro-whatis.html,Git Documentation,https://git-scm.com/docs,"첨부 마크다운의 기존 개발 용어와 공식 문서의 정의·사용 맥락을 대조했고, 중복 정규화 검사 후 사이트 카드와 자세히 보기 양쪽에 쓸 수 있도록 한국어로 재정리함.",high,verified
DEV-095,인프라·배포,인프라·배포,백업,Backup,,장애나 실수에 대비해 데이터와 설정을 복구 가능한 형태로 보관하는 것.,"백업(Backup) 용어는 장애나 실수에 대비해 데이터와 설정을 복구 가능한 형태로 보관하는 것. 자세히 보기에서는 이 용어를 인프라·배포 관점에서 이해하면 좋다. 실무에서는 요구사항 확인, 구현 방식 선택, 운영 리스크 점검에 함께 쓰이며, 예: 상담 데이터베이스를 매일 백업. 관련해서는 복구, 복제, 재해 대응 항목을 함께 보면 개념 간 차이를 더 명확히 구분할 수 있다.",상담 데이터베이스를 매일 백업.,복구;복제;재해 대응,PostgreSQL Documentation - What Is PostgreSQL?,https://www.postgresql.org/docs/current/intro-whatis.html,GitHub Docs - Repositories,https://docs.github.com/en/repositories,"첨부 마크다운의 기존 개발 용어와 공식 문서의 정의·사용 맥락을 대조했고, 중복 정규화 검사 후 사이트 카드와 자세히 보기 양쪽에 쓸 수 있도록 한국어로 재정리함.",high,verified
DEV-096,데이터베이스,백엔드·API,복제,Replication,,"데이터를 다른 서버나 노드에 복사해 가용성, 성능, 복구성을 높이는 방식.","복제(Replication) 용어는 데이터를 다른 서버나 노드에 복사해 가용성, 성능, 복구성을 높이는 방식. 자세히 보기에서는 이 용어를 데이터베이스 관점에서 이해하면 좋다. 실무에서는 요구사항 확인, 구현 방식 선택, 운영 리스크 점검에 함께 쓰이며, 예: 읽기 전용 복제본으로 조회 부하를 분산. 관련해서는 백업, 가용성, 데이터베이스 항목을 함께 보면 개념 간 차이를 더 명확히 구분할 수 있다.",읽기 전용 복제본으로 조회 부하를 분산.,백업;가용성;데이터베이스,PostgreSQL Documentation - What Is PostgreSQL?,https://www.postgresql.org/docs/current/intro-whatis.html,Kubernetes Docs - Overview,https://kubernetes.io/docs/concepts/overview/,"첨부 마크다운의 기존 개발 용어와 공식 문서의 정의·사용 맥락을 대조했고, 중복 정규화 검사 후 사이트 카드와 자세히 보기 양쪽에 쓸 수 있도록 한국어로 재정리함.",high,verified
DEV-097,백엔드·API,백엔드·API,큐,Queue,,작업을 순서대로 쌓아 비동기적으로 처리하도록 돕는 자료구조나 시스템.,"큐(Queue) 용어는 작업을 순서대로 쌓아 비동기적으로 처리하도록 돕는 자료구조나 시스템. 자세히 보기에서는 이 용어를 백엔드·API 관점에서 이해하면 좋다. 실무에서는 요구사항 확인, 구현 방식 선택, 운영 리스크 점검에 함께 쓰이며, 예: 문자 발송 작업을 큐에 넣고 백그라운드에서 처리. 관련해서는 워커, 백그라운드 작업, 메시지 브로커 항목을 함께 보면 개념 간 차이를 더 명확히 구분할 수 있다.",문자 발송 작업을 큐에 넣고 백그라운드에서 처리.,워커;백그라운드 작업;메시지 브로커,Redis Docs - Using Redis commands,https://redis.io/docs/latest/develop/using-commands/,Node.js Docs - Introduction to Node.js,https://nodejs.org/learn/getting-started/introduction-to-nodejs,"첨부 마크다운의 기존 개발 용어와 공식 문서의 정의·사용 맥락을 대조했고, 중복 정규화 검사 후 사이트 카드와 자세히 보기 양쪽에 쓸 수 있도록 한국어로 재정리함.",high,verified
DEV-098,백엔드·API,백엔드·API,메시지 브로커,Message Broker,,서비스 사이의 메시지를 받아 전달하고 비동기 처리를 중재하는 시스템.,"메시지 브로커(Message Broker) 용어는 서비스 사이의 메시지를 받아 전달하고 비동기 처리를 중재하는 시스템. 자세히 보기에서는 이 용어를 백엔드·API 관점에서 이해하면 좋다. 실무에서는 요구사항 확인, 구현 방식 선택, 운영 리스크 점검에 함께 쓰이며, 예: 상담 접수 이벤트를 알림 서비스로 전달. 관련해서는 큐, 이벤트, 워커 항목을 함께 보면 개념 간 차이를 더 명확히 구분할 수 있다.",상담 접수 이벤트를 알림 서비스로 전달.,큐;이벤트;워커,Redis Docs - Using Redis commands,https://redis.io/docs/latest/develop/using-commands/,Kubernetes Docs - Overview,https://kubernetes.io/docs/concepts/overview/,"첨부 마크다운의 기존 개발 용어와 공식 문서의 정의·사용 맥락을 대조했고, 중복 정규화 검사 후 사이트 카드와 자세히 보기 양쪽에 쓸 수 있도록 한국어로 재정리함.",high,verified
DEV-099,백엔드·API,백엔드·API,백그라운드 작업,Background Job,,사용자 요청 흐름을 막지 않고 뒤에서 실행되는 작업.,"백그라운드 작업(Background Job) 용어는 사용자 요청 흐름을 막지 않고 뒤에서 실행되는 작업. 자세히 보기에서는 이 용어를 백엔드·API 관점에서 이해하면 좋다. 실무에서는 요구사항 확인, 구현 방식 선택, 운영 리스크 점검에 함께 쓰이며, 예: 이미지 최적화와 알림 발송을 백그라운드로 처리. 관련해서는 큐, 워커, Cron Job 항목을 함께 보면 개념 간 차이를 더 명확히 구분할 수 있다.",이미지 최적화와 알림 발송을 백그라운드로 처리.,큐;워커;Cron Job,Node.js Docs - Introduction to Node.js,https://nodejs.org/learn/getting-started/introduction-to-nodejs,Redis Docs - Using Redis commands,https://redis.io/docs/latest/develop/using-commands/,"첨부 마크다운의 기존 개발 용어와 공식 문서의 정의·사용 맥락을 대조했고, 중복 정규화 검사 후 사이트 카드와 자세히 보기 양쪽에 쓸 수 있도록 한국어로 재정리함.",high,verified
DEV-100,백엔드·API,백엔드·API,Cron Job,Cron Job,,정해진 시간이나 주기에 맞춰 자동 실행되는 예약 작업.,"Cron Job(Cron Job) 용어는 정해진 시간이나 주기에 맞춰 자동 실행되는 예약 작업. 자세히 보기에서는 이 용어를 백엔드·API 관점에서 이해하면 좋다. 실무에서는 요구사항 확인, 구현 방식 선택, 운영 리스크 점검에 함께 쓰이며, 예: 매일 오전 상담 리포트를 생성. 관련해서는 스케줄러, 백그라운드 작업, Kubernetes 항목을 함께 보면 개념 간 차이를 더 명확히 구분할 수 있다.",매일 오전 상담 리포트를 생성.,스케줄러;백그라운드 작업;Kubernetes,Kubernetes Docs - Overview,https://kubernetes.io/docs/concepts/overview/,Node.js Docs - Introduction to Node.js,https://nodejs.org/learn/getting-started/introduction-to-nodejs,"첨부 마크다운의 기존 개발 용어와 공식 문서의 정의·사용 맥락을 대조했고, 중복 정규화 검사 후 사이트 카드와 자세히 보기 양쪽에 쓸 수 있도록 한국어로 재정리함.",high,verified
DEV-101,백엔드·API,백엔드·API,워커,Worker,,큐나 백그라운드 작업을 받아 실제 처리를 수행하는 프로세스.,"워커(Worker) 용어는 큐나 백그라운드 작업을 받아 실제 처리를 수행하는 프로세스. 자세히 보기에서는 이 용어를 백엔드·API 관점에서 이해하면 좋다. 실무에서는 요구사항 확인, 구현 방식 선택, 운영 리스크 점검에 함께 쓰이며, 예: 문자 발송 큐를 읽어 알림을 전송. 관련해서는 큐, 백그라운드 작업, 스케일링 항목을 함께 보면 개념 간 차이를 더 명확히 구분할 수 있다.",문자 발송 큐를 읽어 알림을 전송.,큐;백그라운드 작업;스케일링,Node.js Docs - Introduction to Node.js,https://nodejs.org/learn/getting-started/introduction-to-nodejs,Kubernetes Docs - Overview,https://kubernetes.io/docs/concepts/overview/,"첨부 마크다운의 기존 개발 용어와 공식 문서의 정의·사용 맥락을 대조했고, 중복 정규화 검사 후 사이트 카드와 자세히 보기 양쪽에 쓸 수 있도록 한국어로 재정리함.",high,verified
DEV-102,인프라·배포,인프라·배포,로드 밸런서,Load Balancer,,여러 서버로 들어오는 트래픽을 분산해 안정성과 처리량을 높이는 장치나 서비스.,"로드 밸런서(Load Balancer) 용어는 여러 서버로 들어오는 트래픽을 분산해 안정성과 처리량을 높이는 장치나 서비스. 자세히 보기에서는 이 용어를 인프라·배포 관점에서 이해하면 좋다. 실무에서는 요구사항 확인, 구현 방식 선택, 운영 리스크 점검에 함께 쓰이며, 예: 홈페이지 요청을 여러 API 서버에 나눠 전달. 관련해서는 가용성, 스케일링, Ingress 항목을 함께 보면 개념 간 차이를 더 명확히 구분할 수 있다.",홈페이지 요청을 여러 API 서버에 나눠 전달.,가용성;스케일링;Ingress,Kubernetes Docs - Services,https://kubernetes.io/docs/concepts/services-networking/service/,Kubernetes Docs - Ingress,https://kubernetes.io/docs/concepts/services-networking/ingress/,"첨부 마크다운의 기존 개발 용어와 공식 문서의 정의·사용 맥락을 대조했고, 중복 정규화 검사 후 사이트 카드와 자세히 보기 양쪽에 쓸 수 있도록 한국어로 재정리함.",high,verified
DEV-103,인프라·배포,인프라·배포,리버스 프록시,Reverse Proxy,,"클라이언트 요청을 대신 받아 내부 서버로 전달하고 보안, 캐시, 라우팅을 처리하는 서버.","리버스 프록시(Reverse Proxy) 용어는 클라이언트 요청을 대신 받아 내부 서버로 전달하고 보안, 캐시, 라우팅을 처리하는 서버. 자세히 보기에서는 이 용어를 인프라·배포 관점에서 이해하면 좋다. 실무에서는 요구사항 확인, 구현 방식 선택, 운영 리스크 점검에 함께 쓰이며, 예: 정적 파일은 캐시하고 API 요청은 백엔드로 전달. 관련해서는 로드 밸런서, TLS, 캐시 항목을 함께 보면 개념 간 차이를 더 명확히 구분할 수 있다.",정적 파일은 캐시하고 API 요청은 백엔드로 전달.,로드 밸런서;TLS;캐시,Kubernetes Docs - Ingress,https://kubernetes.io/docs/concepts/services-networking/ingress/,MDN Web Docs - HTTP,https://developer.mozilla.org/en-US/docs/Web/HTTP,"첨부 마크다운의 기존 개발 용어와 공식 문서의 정의·사용 맥락을 대조했고, 중복 정규화 검사 후 사이트 카드와 자세히 보기 양쪽에 쓸 수 있도록 한국어로 재정리함.",high,verified
DEV-104,인프라·배포,인프라·배포,도커,Docker,,애플리케이션과 실행 환경을 컨테이너로 패키징하고 실행하는 플랫폼.,"도커(Docker) 용어는 애플리케이션과 실행 환경을 컨테이너로 패키징하고 실행하는 플랫폼. 자세히 보기에서는 이 용어를 인프라·배포 관점에서 이해하면 좋다. 실무에서는 요구사항 확인, 구현 방식 선택, 운영 리스크 점검에 함께 쓰이며, 예: 개발 서버와 운영 서버에서 같은 이미지로 실행. 관련해서는 컨테이너, 이미지, Dockerfile 항목을 함께 보면 개념 간 차이를 더 명확히 구분할 수 있다.",개발 서버와 운영 서버에서 같은 이미지로 실행.,컨테이너;이미지;Dockerfile,Docker Docs - What is a container?,https://docs.docker.com/get-started/docker-concepts/the-basics/what-is-a-container/,Docker Docs - What is an image?,https://docs.docker.com/get-started/docker-concepts/the-basics/what-is-an-image/,"첨부 마크다운의 기존 개발 용어와 공식 문서의 정의·사용 맥락을 대조했고, 중복 정규화 검사 후 사이트 카드와 자세히 보기 양쪽에 쓸 수 있도록 한국어로 재정리함.",high,verified
DEV-105,인프라·배포,인프라·배포,컨테이너,Container,,애플리케이션과 필요한 의존성을 격리된 프로세스 환경에서 실행하는 단위.,"컨테이너(Container) 용어는 애플리케이션과 필요한 의존성을 격리된 프로세스 환경에서 실행하는 단위. 자세히 보기에서는 이 용어를 인프라·배포 관점에서 이해하면 좋다. 실무에서는 요구사항 확인, 구현 방식 선택, 운영 리스크 점검에 함께 쓰이며, 예: API 서버와 데이터베이스를 각각 컨테이너로 실행. 관련해서는 Docker, 이미지, Kubernetes 항목을 함께 보면 개념 간 차이를 더 명확히 구분할 수 있다.",API 서버와 데이터베이스를 각각 컨테이너로 실행.,Docker;이미지;Kubernetes,Docker Docs - What is a container?,https://docs.docker.com/get-started/docker-concepts/the-basics/what-is-a-container/,Kubernetes Docs - Overview,https://kubernetes.io/docs/concepts/overview/,"첨부 마크다운의 기존 개발 용어와 공식 문서의 정의·사용 맥락을 대조했고, 중복 정규화 검사 후 사이트 카드와 자세히 보기 양쪽에 쓸 수 있도록 한국어로 재정리함.",high,verified
DEV-106,인프라·배포,인프라·배포,이미지,Image,,"컨테이너 실행에 필요한 파일, 설정, 의존성을 포함한 읽기 전용 패키지.","이미지(Image) 용어는 컨테이너 실행에 필요한 파일, 설정, 의존성을 포함한 읽기 전용 패키지. 자세히 보기에서는 이 용어를 인프라·배포 관점에서 이해하면 좋다. 실무에서는 요구사항 확인, 구현 방식 선택, 운영 리스크 점검에 함께 쓰이며, 예: Node.js API 서버 이미지를 빌드해 배포. 관련해서는 컨테이너, Dockerfile, 레지스트리 항목을 함께 보면 개념 간 차이를 더 명확히 구분할 수 있다.",Node.js API 서버 이미지를 빌드해 배포.,컨테이너;Dockerfile;레지스트리,Docker Docs - What is an image?,https://docs.docker.com/get-started/docker-concepts/the-basics/what-is-an-image/,Docker Docs - What is a container?,https://docs.docker.com/get-started/docker-concepts/the-basics/what-is-a-container/,"첨부 마크다운의 기존 개발 용어와 공식 문서의 정의·사용 맥락을 대조했고, 중복 정규화 검사 후 사이트 카드와 자세히 보기 양쪽에 쓸 수 있도록 한국어로 재정리함.",high,verified
DEV-107,인프라·배포,인프라·배포,Dockerfile,Dockerfile,,컨테이너 이미지를 만들기 위한 단계와 명령을 적은 파일.,"Dockerfile(Dockerfile) 용어는 컨테이너 이미지를 만들기 위한 단계와 명령을 적은 파일. 자세히 보기에서는 이 용어를 인프라·배포 관점에서 이해하면 좋다. 실무에서는 요구사항 확인, 구현 방식 선택, 운영 리스크 점검에 함께 쓰이며, 예: 의존성 설치와 빌드 명령을 Dockerfile에 정의. 관련해서는 이미지, 컨테이너, 빌드 항목을 함께 보면 개념 간 차이를 더 명확히 구분할 수 있다.",의존성 설치와 빌드 명령을 Dockerfile에 정의.,이미지;컨테이너;빌드,Docker Docs - What is an image?,https://docs.docker.com/get-started/docker-concepts/the-basics/what-is-an-image/,Docker Docs - What is a container?,https://docs.docker.com/get-started/docker-concepts/the-basics/what-is-a-container/,"첨부 마크다운의 기존 개발 용어와 공식 문서의 정의·사용 맥락을 대조했고, 중복 정규화 검사 후 사이트 카드와 자세히 보기 양쪽에 쓸 수 있도록 한국어로 재정리함.",high,verified
DEV-108,인프라·배포,인프라·배포,도커 컴포즈,Docker Compose,,여러 컨테이너 서비스를 하나의 파일로 정의하고 함께 실행하는 Docker 도구.,"도커 컴포즈(Docker Compose) 용어는 여러 컨테이너 서비스를 하나의 파일로 정의하고 함께 실행하는 Docker 도구. 자세히 보기에서는 이 용어를 인프라·배포 관점에서 이해하면 좋다. 실무에서는 요구사항 확인, 구현 방식 선택, 운영 리스크 점검에 함께 쓰이며, 예: 웹 서버, API, 데이터베이스를 로컬에서 함께 실행. 관련해서는 컨테이너, 서비스, 개발 환경 항목을 함께 보면 개념 간 차이를 더 명확히 구분할 수 있다.","웹 서버, API, 데이터베이스를 로컬에서 함께 실행.",컨테이너;서비스;개발 환경,Docker Docs - Docker Compose,https://docs.docker.com/compose/,Docker Docs - What is a container?,https://docs.docker.com/get-started/docker-concepts/the-basics/what-is-a-container/,"첨부 마크다운의 기존 개발 용어와 공식 문서의 정의·사용 맥락을 대조했고, 중복 정규화 검사 후 사이트 카드와 자세히 보기 양쪽에 쓸 수 있도록 한국어로 재정리함.",high,verified
DEV-109,인프라·배포,인프라·배포,쿠버네티스,Kubernetes,,"컨테이너화된 애플리케이션의 배포, 확장, 운영을 자동화하는 오케스트레이션 시스템.","쿠버네티스(Kubernetes) 용어는 컨테이너화된 애플리케이션의 배포, 확장, 운영을 자동화하는 오케스트레이션 시스템. 자세히 보기에서는 이 용어를 인프라·배포 관점에서 이해하면 좋다. 실무에서는 요구사항 확인, 구현 방식 선택, 운영 리스크 점검에 함께 쓰이며, 예: API 서버 파드를 여러 개로 늘려 트래픽을 처리. 관련해서는 Pod, Service, Ingress 항목을 함께 보면 개념 간 차이를 더 명확히 구분할 수 있다.",API 서버 파드를 여러 개로 늘려 트래픽을 처리.,Pod;Service;Ingress,Kubernetes Docs - Overview,https://kubernetes.io/docs/concepts/overview/,Docker Docs - What is a container?,https://docs.docker.com/get-started/docker-concepts/the-basics/what-is-a-container/,"첨부 마크다운의 기존 개발 용어와 공식 문서의 정의·사용 맥락을 대조했고, 중복 정규화 검사 후 사이트 카드와 자세히 보기 양쪽에 쓸 수 있도록 한국어로 재정리함.",high,verified
DEV-110,인프라·배포,인프라·배포,Pod,Pod,,Kubernetes에서 하나 이상의 컨테이너를 함께 실행하는 가장 작은 배포 단위.,"Pod(Pod) 용어는 Kubernetes에서 하나 이상의 컨테이너를 함께 실행하는 가장 작은 배포 단위. 자세히 보기에서는 이 용어를 인프라·배포 관점에서 이해하면 좋다. 실무에서는 요구사항 확인, 구현 방식 선택, 운영 리스크 점검에 함께 쓰이며, 예: API 컨테이너와 보조 컨테이너가 같은 Pod에서 실행. 관련해서는 Kubernetes, 컨테이너, Deployment 항목을 함께 보면 개념 간 차이를 더 명확히 구분할 수 있다.",API 컨테이너와 보조 컨테이너가 같은 Pod에서 실행.,Kubernetes;컨테이너;Deployment,Kubernetes Docs - Pods,https://kubernetes.io/docs/concepts/workloads/pods/,Kubernetes Docs - Overview,https://kubernetes.io/docs/concepts/overview/,"첨부 마크다운의 기존 개발 용어와 공식 문서의 정의·사용 맥락을 대조했고, 중복 정규화 검사 후 사이트 카드와 자세히 보기 양쪽에 쓸 수 있도록 한국어로 재정리함.",high,verified
DEV-111,인프라·배포,인프라·배포,쿠버네티스 서비스,Kubernetes Service,,Pod 집합에 안정적인 네트워크 접근 지점을 제공하는 Kubernetes 리소스.,"쿠버네티스 서비스(Kubernetes Service) 용어는 Pod 집합에 안정적인 네트워크 접근 지점을 제공하는 Kubernetes 리소스. 자세히 보기에서는 이 용어를 인프라·배포 관점에서 이해하면 좋다. 실무에서는 요구사항 확인, 구현 방식 선택, 운영 리스크 점검에 함께 쓰이며, 예: 여러 API Pod 앞에 하나의 서비스 주소를 둠. 관련해서는 Pod, 로드 밸런서, Ingress 항목을 함께 보면 개념 간 차이를 더 명확히 구분할 수 있다.",여러 API Pod 앞에 하나의 서비스 주소를 둠.,Pod;로드 밸런서;Ingress,Kubernetes Docs - Services,https://kubernetes.io/docs/concepts/services-networking/service/,Kubernetes Docs - Overview,https://kubernetes.io/docs/concepts/overview/,"첨부 마크다운의 기존 개발 용어와 공식 문서의 정의·사용 맥락을 대조했고, 중복 정규화 검사 후 사이트 카드와 자세히 보기 양쪽에 쓸 수 있도록 한국어로 재정리함.",high,verified
DEV-112,인프라·배포,인프라·배포,인그레스,Ingress,,외부 HTTP/HTTPS 트래픽을 클러스터 내부 서비스로 라우팅하는 Kubernetes 리소스.,"인그레스(Ingress) 용어는 외부 HTTP/HTTPS 트래픽을 클러스터 내부 서비스로 라우팅하는 Kubernetes 리소스. 자세히 보기에서는 이 용어를 인프라·배포 관점에서 이해하면 좋다. 실무에서는 요구사항 확인, 구현 방식 선택, 운영 리스크 점검에 함께 쓰이며, 예: example.com/api 요청을 API 서비스로 연결. 관련해서는 Kubernetes Service, TLS, 라우팅 항목을 함께 보면 개념 간 차이를 더 명확히 구분할 수 있다.",example.com/api 요청을 API 서비스로 연결.,Kubernetes Service;TLS;라우팅,Kubernetes Docs - Ingress,https://kubernetes.io/docs/concepts/services-networking/ingress/,Kubernetes Docs - Services,https://kubernetes.io/docs/concepts/services-networking/service/,"첨부 마크다운의 기존 개발 용어와 공식 문서의 정의·사용 맥락을 대조했고, 중복 정규화 검사 후 사이트 카드와 자세히 보기 양쪽에 쓸 수 있도록 한국어로 재정리함.",high,verified
DEV-113,인프라·배포,인프라·배포,환경,Environment,,"개발, 테스트, 스테이징, 운영처럼 코드가 실행되는 조건과 설정의 구분.","환경(Environment) 용어는 개발, 테스트, 스테이징, 운영처럼 코드가 실행되는 조건과 설정의 구분. 자세히 보기에서는 이 용어를 인프라·배포 관점에서 이해하면 좋다. 실무에서는 요구사항 확인, 구현 방식 선택, 운영 리스크 점검에 함께 쓰이며, 예: 스테이징에서 검수 후 운영에 배포. 관련해서는 환경변수, 배포, 시크릿 항목을 함께 보면 개념 간 차이를 더 명확히 구분할 수 있다.",스테이징에서 검수 후 운영에 배포.,환경변수;배포;시크릿,GitHub Docs - GitHub Actions,https://docs.github.com/en/actions,Node.js Docs - Introduction to Node.js,https://nodejs.org/learn/getting-started/introduction-to-nodejs,"첨부 마크다운의 기존 개발 용어와 공식 문서의 정의·사용 맥락을 대조했고, 중복 정규화 검사 후 사이트 카드와 자세히 보기 양쪽에 쓸 수 있도록 한국어로 재정리함.",high,verified
DEV-114,보안·인증,인프라·배포,시크릿,Secret,,"API 키, 비밀번호, 토큰처럼 외부에 노출되면 안 되는 민감 설정값.","시크릿(Secret) 용어는 API 키, 비밀번호, 토큰처럼 외부에 노출되면 안 되는 민감 설정값. 자세히 보기에서는 이 용어를 보안·인증 관점에서 이해하면 좋다. 실무에서는 요구사항 확인, 구현 방식 선택, 운영 리스크 점검에 함께 쓰이며, 예: 문자 발송 API 키를 코드가 아닌 시크릿으로 저장. 관련해서는 환경변수, 권한 관리, 보안 항목을 함께 보면 개념 간 차이를 더 명확히 구분할 수 있다.",문자 발송 API 키를 코드가 아닌 시크릿으로 저장.,환경변수;권한 관리;보안,Kubernetes Docs - Overview,https://kubernetes.io/docs/concepts/overview/,GitHub Docs - GitHub Actions,https://docs.github.com/en/actions,"첨부 마크다운의 기존 개발 용어와 공식 문서의 정의·사용 맥락을 대조했고, 중복 정규화 검사 후 사이트 카드와 자세히 보기 양쪽에 쓸 수 있도록 한국어로 재정리함.",high,verified
DEV-115,인프라·배포,인프라·배포,IaC,Infrastructure as Code,IaC,"서버, 네트워크, 클라우드 자원을 코드로 정의하고 버전 관리하는 방식.","IaC(Infrastructure as Code) 용어는 서버, 네트워크, 클라우드 자원을 코드로 정의하고 버전 관리하는 방식. 자세히 보기에서는 이 용어를 인프라·배포 관점에서 이해하면 좋다. 실무에서는 요구사항 확인, 구현 방식 선택, 운영 리스크 점검에 함께 쓰이며, 예: 배포 환경을 코드로 재현해 설정 차이를 줄임. 관련해서는 클라우드, Git, 배포 항목을 함께 보면 개념 간 차이를 더 명확히 구분할 수 있다.",배포 환경을 코드로 재현해 설정 차이를 줄임.,클라우드;Git;배포,Git Documentation,https://git-scm.com/docs,Kubernetes Docs - Overview,https://kubernetes.io/docs/concepts/overview/,"첨부 마크다운의 기존 개발 용어와 공식 문서의 정의·사용 맥락을 대조했고, 중복 정규화 검사 후 사이트 카드와 자세히 보기 양쪽에 쓸 수 있도록 한국어로 재정리함.",high,verified
DEV-116,인프라·배포,인프라·배포,파이프라인,Pipeline,,"코드 변경부터 테스트, 빌드, 배포까지 이어지는 자동화 흐름.","파이프라인(Pipeline) 용어는 코드 변경부터 테스트, 빌드, 배포까지 이어지는 자동화 흐름. 자세히 보기에서는 이 용어를 인프라·배포 관점에서 이해하면 좋다. 실무에서는 요구사항 확인, 구현 방식 선택, 운영 리스크 점검에 함께 쓰이며, 예: 커밋 후 테스트와 배포가 순서대로 실행. 관련해서는 CI/CD, GitHub Actions, 빌드 항목을 함께 보면 개념 간 차이를 더 명확히 구분할 수 있다.",커밋 후 테스트와 배포가 순서대로 실행.,CI/CD;GitHub Actions;빌드,GitHub Docs - GitHub Actions,https://docs.github.com/en/actions,Git Documentation,https://git-scm.com/docs,"첨부 마크다운의 기존 개발 용어와 공식 문서의 정의·사용 맥락을 대조했고, 중복 정규화 검사 후 사이트 카드와 자세히 보기 양쪽에 쓸 수 있도록 한국어로 재정리함.",high,verified
DEV-117,인프라·배포,인프라·배포,GitHub Actions,GitHub Actions,,GitHub 저장소 이벤트를 기반으로 자동화 워크플로를 실행하는 CI/CD 도구.,"GitHub Actions(GitHub Actions) 용어는 GitHub 저장소 이벤트를 기반으로 자동화 워크플로를 실행하는 CI/CD 도구. 자세히 보기에서는 이 용어를 인프라·배포 관점에서 이해하면 좋다. 실무에서는 요구사항 확인, 구현 방식 선택, 운영 리스크 점검에 함께 쓰이며, 예: 풀 리퀘스트마다 테스트를 자동 실행. 관련해서는 CI/CD, 워크플로, 배포 항목을 함께 보면 개념 간 차이를 더 명확히 구분할 수 있다.",풀 리퀘스트마다 테스트를 자동 실행.,CI/CD;워크플로;배포,GitHub Docs - GitHub Actions,https://docs.github.com/en/actions,GitHub Docs - Repositories,https://docs.github.com/en/repositories,"첨부 마크다운의 기존 개발 용어와 공식 문서의 정의·사용 맥락을 대조했고, 중복 정규화 검사 후 사이트 카드와 자세히 보기 양쪽에 쓸 수 있도록 한국어로 재정리함.",high,verified
DEV-118,성능·운영,개발 일반,관측 가능성,Observability,,"로그, 메트릭, 트레이스 등을 통해 시스템 내부 상태를 추론하고 문제를 분석하는 능력.","관측 가능성(Observability) 용어는 로그, 메트릭, 트레이스 등을 통해 시스템 내부 상태를 추론하고 문제를 분석하는 능력. 자세히 보기에서는 이 용어를 성능·운영 관점에서 이해하면 좋다. 실무에서는 요구사항 확인, 구현 방식 선택, 운영 리스크 점검에 함께 쓰이며, 예: 상담 API 지연 원인을 로그와 트레이스로 추적. 관련해서는 로그, 메트릭, 트레이싱 항목을 함께 보면 개념 간 차이를 더 명확히 구분할 수 있다.",상담 API 지연 원인을 로그와 트레이스로 추적.,로그;메트릭;트레이싱,Kubernetes Docs - Overview,https://kubernetes.io/docs/concepts/overview/,web.dev - Core Web Vitals,https://web.dev/articles/vitals,"첨부 마크다운의 기존 개발 용어와 공식 문서의 정의·사용 맥락을 대조했고, 중복 정규화 검사 후 사이트 카드와 자세히 보기 양쪽에 쓸 수 있도록 한국어로 재정리함.",high,verified
DEV-119,성능·운영,개발 일반,로그,Logging,,"시스템 동작, 오류, 이벤트를 기록해 분석할 수 있게 남기는 것.","로그(Logging) 용어는 시스템 동작, 오류, 이벤트를 기록해 분석할 수 있게 남기는 것. 자세히 보기에서는 이 용어를 성능·운영 관점에서 이해하면 좋다. 실무에서는 요구사항 확인, 구현 방식 선택, 운영 리스크 점검에 함께 쓰이며, 예: API 오류 발생 시 요청 ID와 원인을 기록. 관련해서는 디버깅, 모니터링, 관측 가능성 항목을 함께 보면 개념 간 차이를 더 명확히 구분할 수 있다.",API 오류 발생 시 요청 ID와 원인을 기록.,디버깅;모니터링;관측 가능성,Node.js Docs - Introduction to Node.js,https://nodejs.org/learn/getting-started/introduction-to-nodejs,Kubernetes Docs - Overview,https://kubernetes.io/docs/concepts/overview/,"첨부 마크다운의 기존 개발 용어와 공식 문서의 정의·사용 맥락을 대조했고, 중복 정규화 검사 후 사이트 카드와 자세히 보기 양쪽에 쓸 수 있도록 한국어로 재정리함.",high,verified
DEV-120,성능·운영,개발 일반,메트릭,Metrics,,시스템 상태나 성능을 숫자로 측정한 지표.,"메트릭(Metrics) 용어는 시스템 상태나 성능을 숫자로 측정한 지표. 자세히 보기에서는 이 용어를 성능·운영 관점에서 이해하면 좋다. 실무에서는 요구사항 확인, 구현 방식 선택, 운영 리스크 점검에 함께 쓰이며, 예: 응답 시간, 오류율, 요청 수를 수집. 관련해서는 모니터링, 알림, SLO 항목을 함께 보면 개념 간 차이를 더 명확히 구분할 수 있다.","응답 시간, 오류율, 요청 수를 수집.",모니터링;알림;SLO,Kubernetes Docs - Overview,https://kubernetes.io/docs/concepts/overview/,web.dev - Core Web Vitals,https://web.dev/articles/vitals,"첨부 마크다운의 기존 개발 용어와 공식 문서의 정의·사용 맥락을 대조했고, 중복 정규화 검사 후 사이트 카드와 자세히 보기 양쪽에 쓸 수 있도록 한국어로 재정리함.",high,verified
DEV-121,성능·운영,개발 일반,트레이싱,Tracing,,하나의 요청이 여러 서비스와 단계를 거치는 흐름을 추적하는 관측 방식.,"트레이싱(Tracing) 용어는 하나의 요청이 여러 서비스와 단계를 거치는 흐름을 추적하는 관측 방식. 자세히 보기에서는 이 용어를 성능·운영 관점에서 이해하면 좋다. 실무에서는 요구사항 확인, 구현 방식 선택, 운영 리스크 점검에 함께 쓰이며, 예: 상담 신청 요청이 API, DB, 알림 서비스로 이어지는 시간을 추적. 관련해서는 관측 가능성, 레이턴시, 마이크로서비스 항목을 함께 보면 개념 간 차이를 더 명확히 구분할 수 있다.","상담 신청 요청이 API, DB, 알림 서비스로 이어지는 시간을 추적.",관측 가능성;레이턴시;마이크로서비스,Kubernetes Docs - Overview,https://kubernetes.io/docs/concepts/overview/,MDN Web Docs - HTTP,https://developer.mozilla.org/en-US/docs/Web/HTTP,"첨부 마크다운의 기존 개발 용어와 공식 문서의 정의·사용 맥락을 대조했고, 중복 정규화 검사 후 사이트 카드와 자세히 보기 양쪽에 쓸 수 있도록 한국어로 재정리함.",high,verified
DEV-122,성능·운영,개발 일반,모니터링,Monitoring,,서비스 상태와 성능 지표를 지속적으로 수집하고 확인하는 운영 활동.,"모니터링(Monitoring) 용어는 서비스 상태와 성능 지표를 지속적으로 수집하고 확인하는 운영 활동. 자세히 보기에서는 이 용어를 성능·운영 관점에서 이해하면 좋다. 실무에서는 요구사항 확인, 구현 방식 선택, 운영 리스크 점검에 함께 쓰이며, 예: 오류율이 높아지면 담당자에게 알림. 관련해서는 메트릭, 알림, 로그 항목을 함께 보면 개념 간 차이를 더 명확히 구분할 수 있다.",오류율이 높아지면 담당자에게 알림.,메트릭;알림;로그,Kubernetes Docs - Overview,https://kubernetes.io/docs/concepts/overview/,web.dev - Core Web Vitals,https://web.dev/articles/vitals,"첨부 마크다운의 기존 개발 용어와 공식 문서의 정의·사용 맥락을 대조했고, 중복 정규화 검사 후 사이트 카드와 자세히 보기 양쪽에 쓸 수 있도록 한국어로 재정리함.",high,verified
DEV-123,성능·운영,개발 일반,알림,Alert,,정해진 임계값이나 이상 상황이 발생했을 때 운영자에게 보내는 통지.,"알림(Alert) 용어는 정해진 임계값이나 이상 상황이 발생했을 때 운영자에게 보내는 통지. 자세히 보기에서는 이 용어를 성능·운영 관점에서 이해하면 좋다. 실무에서는 요구사항 확인, 구현 방식 선택, 운영 리스크 점검에 함께 쓰이며, 예: API 오류율이 5%를 넘으면 슬랙 알림 전송. 관련해서는 모니터링, SLO, 장애 대응 항목을 함께 보면 개념 간 차이를 더 명확히 구분할 수 있다.",API 오류율이 5%를 넘으면 슬랙 알림 전송.,모니터링;SLO;장애 대응,Kubernetes Docs - Overview,https://kubernetes.io/docs/concepts/overview/,GitHub Docs - GitHub Actions,https://docs.github.com/en/actions,"첨부 마크다운의 기존 개발 용어와 공식 문서의 정의·사용 맥락을 대조했고, 중복 정규화 검사 후 사이트 카드와 자세히 보기 양쪽에 쓸 수 있도록 한국어로 재정리함.",high,verified
DEV-124,성능·운영,개발 일반,SLO,Service Level Objective,SLO,서비스가 목표로 삼는 가용성이나 성능 수준.,"SLO(Service Level Objective) 용어는 서비스가 목표로 삼는 가용성이나 성능 수준. 자세히 보기에서는 이 용어를 성능·운영 관점에서 이해하면 좋다. 실무에서는 요구사항 확인, 구현 방식 선택, 운영 리스크 점검에 함께 쓰이며, 예: 상담 API 99.9% 성공률을 SLO로 설정. 관련해서는 SLI, SLA, 모니터링 항목을 함께 보면 개념 간 차이를 더 명확히 구분할 수 있다.",상담 API 99.9% 성공률을 SLO로 설정.,SLI;SLA;모니터링,Kubernetes Docs - Overview,https://kubernetes.io/docs/concepts/overview/,web.dev - Core Web Vitals,https://web.dev/articles/vitals,"첨부 마크다운의 기존 개발 용어와 공식 문서의 정의·사용 맥락을 대조했고, 중복 정규화 검사 후 사이트 카드와 자세히 보기 양쪽에 쓸 수 있도록 한국어로 재정리함.",high,verified
DEV-125,성능·운영,개발 일반,SLI,Service Level Indicator,SLI,SLO를 판단하기 위해 실제로 측정하는 지표.,"SLI(Service Level Indicator) 용어는 SLO를 판단하기 위해 실제로 측정하는 지표. 자세히 보기에서는 이 용어를 성능·운영 관점에서 이해하면 좋다. 실무에서는 요구사항 확인, 구현 방식 선택, 운영 리스크 점검에 함께 쓰이며, 예: 성공 요청 비율과 p95 응답 시간을 SLI로 측정. 관련해서는 SLO, 메트릭, 가용성 항목을 함께 보면 개념 간 차이를 더 명확히 구분할 수 있다.",성공 요청 비율과 p95 응답 시간을 SLI로 측정.,SLO;메트릭;가용성,Kubernetes Docs - Overview,https://kubernetes.io/docs/concepts/overview/,web.dev - Core Web Vitals,https://web.dev/articles/vitals,"첨부 마크다운의 기존 개발 용어와 공식 문서의 정의·사용 맥락을 대조했고, 중복 정규화 검사 후 사이트 카드와 자세히 보기 양쪽에 쓸 수 있도록 한국어로 재정리함.",high,verified
DEV-126,성능·운영,프론트엔드,코어 웹 바이탈,Core Web Vitals,,"사용자 경험을 대표하는 로딩, 반응성, 시각 안정성 중심의 웹 성능 지표 묶음.","코어 웹 바이탈(Core Web Vitals) 용어는 사용자 경험을 대표하는 로딩, 반응성, 시각 안정성 중심의 웹 성능 지표 묶음. 자세히 보기에서는 이 용어를 성능·운영 관점에서 이해하면 좋다. 실무에서는 요구사항 확인, 구현 방식 선택, 운영 리스크 점검에 함께 쓰이며, 예: LCP, INP, CLS를 기준으로 랜딩 페이지 품질을 점검. 관련해서는 LCP, INP, CLS 항목을 함께 보면 개념 간 차이를 더 명확히 구분할 수 있다.","LCP, INP, CLS를 기준으로 랜딩 페이지 품질을 점검.",LCP;INP;CLS,web.dev - Core Web Vitals,https://web.dev/articles/vitals,MDN Web Docs - HTTP,https://developer.mozilla.org/en-US/docs/Web/HTTP,"첨부 마크다운의 기존 개발 용어와 공식 문서의 정의·사용 맥락을 대조했고, 중복 정규화 검사 후 사이트 카드와 자세히 보기 양쪽에 쓸 수 있도록 한국어로 재정리함.",high,verified
DEV-127,성능·운영,프론트엔드,LCP,Largest Contentful Paint,LCP,뷰포트에서 가장 큰 콘텐츠가 표시되기까지 걸린 시간을 측정하는 로딩 성능 지표.,"LCP(Largest Contentful Paint) 용어는 뷰포트에서 가장 큰 콘텐츠가 표시되기까지 걸린 시간을 측정하는 로딩 성능 지표. 자세히 보기에서는 이 용어를 성능·운영 관점에서 이해하면 좋다. 실무에서는 요구사항 확인, 구현 방식 선택, 운영 리스크 점검에 함께 쓰이며, 예: 히어로 이미지가 늦게 뜨면 LCP가 악화됨. 관련해서는 Core Web Vitals, 이미지 최적화, CDN 항목을 함께 보면 개념 간 차이를 더 명확히 구분할 수 있다.",히어로 이미지가 늦게 뜨면 LCP가 악화됨.,Core Web Vitals;이미지 최적화;CDN,web.dev - Largest Contentful Paint,https://web.dev/articles/lcp,web.dev - Core Web Vitals,https://web.dev/articles/vitals,"첨부 마크다운의 기존 개발 용어와 공식 문서의 정의·사용 맥락을 대조했고, 중복 정규화 검사 후 사이트 카드와 자세히 보기 양쪽에 쓸 수 있도록 한국어로 재정리함.",high,verified
DEV-128,성능·운영,프론트엔드,CLS,Cumulative Layout Shift,CLS,페이지 로딩 중 예기치 않은 레이아웃 이동의 누적 정도를 나타내는 시각 안정성 지표.,"CLS(Cumulative Layout Shift) 용어는 페이지 로딩 중 예기치 않은 레이아웃 이동의 누적 정도를 나타내는 시각 안정성 지표. 자세히 보기에서는 이 용어를 성능·운영 관점에서 이해하면 좋다. 실무에서는 요구사항 확인, 구현 방식 선택, 운영 리스크 점검에 함께 쓰이며, 예: 이미지 크기를 지정하지 않아 버튼 위치가 밀림. 관련해서는 Core Web Vitals, 레이아웃, 이미지 항목을 함께 보면 개념 간 차이를 더 명확히 구분할 수 있다.",이미지 크기를 지정하지 않아 버튼 위치가 밀림.,Core Web Vitals;레이아웃;이미지,web.dev - Cumulative Layout Shift,https://web.dev/articles/cls,web.dev - Core Web Vitals,https://web.dev/articles/vitals,"첨부 마크다운의 기존 개발 용어와 공식 문서의 정의·사용 맥락을 대조했고, 중복 정규화 검사 후 사이트 카드와 자세히 보기 양쪽에 쓸 수 있도록 한국어로 재정리함.",high,verified
DEV-129,성능·운영,프론트엔드,INP,Interaction to Next Paint,INP,사용자 상호작용 후 다음 화면 업데이트까지의 반응성을 측정하는 지표.,"INP(Interaction to Next Paint) 용어는 사용자 상호작용 후 다음 화면 업데이트까지의 반응성을 측정하는 지표. 자세히 보기에서는 이 용어를 성능·운영 관점에서 이해하면 좋다. 실무에서는 요구사항 확인, 구현 방식 선택, 운영 리스크 점검에 함께 쓰이며, 예: 상담 버튼 클릭 후 화면 반응이 늦으면 INP가 나빠짐. 관련해서는 Core Web Vitals, JavaScript, 반응성 항목을 함께 보면 개념 간 차이를 더 명확히 구분할 수 있다.",상담 버튼 클릭 후 화면 반응이 늦으면 INP가 나빠짐.,Core Web Vitals;JavaScript;반응성,web.dev - Interaction to Next Paint,https://web.dev/articles/inp,web.dev - Core Web Vitals,https://web.dev/articles/vitals,"첨부 마크다운의 기존 개발 용어와 공식 문서의 정의·사용 맥락을 대조했고, 중복 정규화 검사 후 사이트 카드와 자세히 보기 양쪽에 쓸 수 있도록 한국어로 재정리함.",high,verified
DEV-130,성능·운영,프론트엔드,지연 로딩,Lazy Loading,,필요해질 때까지 이미지나 코드를 늦게 불러와 초기 로딩을 줄이는 기법.,"지연 로딩(Lazy Loading) 용어는 필요해질 때까지 이미지나 코드를 늦게 불러와 초기 로딩을 줄이는 기법. 자세히 보기에서는 이 용어를 성능·운영 관점에서 이해하면 좋다. 실무에서는 요구사항 확인, 구현 방식 선택, 운영 리스크 점검에 함께 쓰이며, 예: 아래쪽 후기 이미지는 스크롤 시 로드. 관련해서는 성능, 이미지, 코드 스플리팅 항목을 함께 보면 개념 간 차이를 더 명확히 구분할 수 있다.",아래쪽 후기 이미지는 스크롤 시 로드.,성능;이미지;코드 스플리팅,MDN Web Docs - HTML,https://developer.mozilla.org/en-US/docs/Web/HTML,web.dev - Largest Contentful Paint,https://web.dev/articles/lcp,"첨부 마크다운의 기존 개발 용어와 공식 문서의 정의·사용 맥락을 대조했고, 중복 정규화 검사 후 사이트 카드와 자세히 보기 양쪽에 쓸 수 있도록 한국어로 재정리함.",high,verified
DEV-131,성능·운영,프론트엔드,코드 스플리팅,Code Splitting,,JavaScript 번들을 페이지나 기능별로 나눠 필요한 코드만 먼저 불러오는 최적화 방식.,"코드 스플리팅(Code Splitting) 용어는 JavaScript 번들을 페이지나 기능별로 나눠 필요한 코드만 먼저 불러오는 최적화 방식. 자세히 보기에서는 이 용어를 성능·운영 관점에서 이해하면 좋다. 실무에서는 요구사항 확인, 구현 방식 선택, 운영 리스크 점검에 함께 쓰이며, 예: 관리자 기능 코드는 관리자 화면에서만 로드. 관련해서는 번들러, 성능, Next.js 항목을 함께 보면 개념 간 차이를 더 명확히 구분할 수 있다.",관리자 기능 코드는 관리자 화면에서만 로드.,번들러;성능;Next.js,Next.js Docs,https://nextjs.org/docs,web.dev - Core Web Vitals,https://web.dev/articles/vitals,"첨부 마크다운의 기존 개발 용어와 공식 문서의 정의·사용 맥락을 대조했고, 중복 정규화 검사 후 사이트 카드와 자세히 보기 양쪽에 쓸 수 있도록 한국어로 재정리함.",high,verified
DEV-132,프론트엔드,프론트엔드,서버 사이드 렌더링,Server-Side Rendering,SSR,서버에서 HTML을 만들어 보내 초기 표시와 SEO 기반을 돕는 렌더링 방식.,"서버 사이드 렌더링(Server-Side Rendering) 용어는 서버에서 HTML을 만들어 보내 초기 표시와 SEO 기반을 돕는 렌더링 방식. 자세히 보기에서는 이 용어를 프론트엔드 관점에서 이해하면 좋다. 실무에서는 요구사항 확인, 구현 방식 선택, 운영 리스크 점검에 함께 쓰이며, 예: 병원 소개 페이지를 서버에서 렌더링해 빠르게 표시. 관련해서는 Next.js, SSG, Hydration 항목을 함께 보면 개념 간 차이를 더 명확히 구분할 수 있다.",병원 소개 페이지를 서버에서 렌더링해 빠르게 표시.,Next.js;SSG;Hydration,Next.js Docs,https://nextjs.org/docs,MDN Web Docs - HTML,https://developer.mozilla.org/en-US/docs/Web/HTML,"첨부 마크다운의 기존 개발 용어와 공식 문서의 정의·사용 맥락을 대조했고, 중복 정규화 검사 후 사이트 카드와 자세히 보기 양쪽에 쓸 수 있도록 한국어로 재정리함.",high,verified
DEV-133,프론트엔드,프론트엔드,정적 사이트 생성,Static Site Generation,SSG,빌드 시점에 HTML을 미리 만들어 빠르게 제공하는 렌더링 방식.,"정적 사이트 생성(Static Site Generation) 용어는 빌드 시점에 HTML을 미리 만들어 빠르게 제공하는 렌더링 방식. 자세히 보기에서는 이 용어를 프론트엔드 관점에서 이해하면 좋다. 실무에서는 요구사항 확인, 구현 방식 선택, 운영 리스크 점검에 함께 쓰이며, 예: 자주 바뀌지 않는 진료과 소개 페이지를 빌드 때 생성. 관련해서는 Next.js, SSR, 캐시 항목을 함께 보면 개념 간 차이를 더 명확히 구분할 수 있다.",자주 바뀌지 않는 진료과 소개 페이지를 빌드 때 생성.,Next.js;SSR;캐시,Next.js Docs,https://nextjs.org/docs,MDN Web Docs - HTML,https://developer.mozilla.org/en-US/docs/Web/HTML,"첨부 마크다운의 기존 개발 용어와 공식 문서의 정의·사용 맥락을 대조했고, 중복 정규화 검사 후 사이트 카드와 자세히 보기 양쪽에 쓸 수 있도록 한국어로 재정리함.",high,verified
DEV-134,프론트엔드,프론트엔드,클라이언트 사이드 렌더링,Client-Side Rendering,CSR,브라우저에서 JavaScript가 데이터를 받아 화면을 구성하는 렌더링 방식.,"클라이언트 사이드 렌더링(Client-Side Rendering) 용어는 브라우저에서 JavaScript가 데이터를 받아 화면을 구성하는 렌더링 방식. 자세히 보기에서는 이 용어를 프론트엔드 관점에서 이해하면 좋다. 실무에서는 요구사항 확인, 구현 방식 선택, 운영 리스크 점검에 함께 쓰이며, 예: 관리자 대시보드가 브라우저에서 데이터를 불러와 화면 구성. 관련해서는 SPA, React, Hydration 항목을 함께 보면 개념 간 차이를 더 명확히 구분할 수 있다.",관리자 대시보드가 브라우저에서 데이터를 불러와 화면 구성.,SPA;React;Hydration,React Docs - Learn React,https://react.dev/learn,MDN Web Docs - JavaScript,https://developer.mozilla.org/en-US/docs/Web/JavaScript,"첨부 마크다운의 기존 개발 용어와 공식 문서의 정의·사용 맥락을 대조했고, 중복 정규화 검사 후 사이트 카드와 자세히 보기 양쪽에 쓸 수 있도록 한국어로 재정리함.",high,verified
DEV-135,프론트엔드,프론트엔드,하이드레이션,Hydration,,서버가 보낸 HTML에 클라이언트 JavaScript 동작을 연결하는 과정.,"하이드레이션(Hydration) 용어는 서버가 보낸 HTML에 클라이언트 JavaScript 동작을 연결하는 과정. 자세히 보기에서는 이 용어를 프론트엔드 관점에서 이해하면 좋다. 실무에서는 요구사항 확인, 구현 방식 선택, 운영 리스크 점검에 함께 쓰이며, 예: SSR 페이지의 버튼이 로드 후 클릭 가능해짐. 관련해서는 SSR, React, Next.js 항목을 함께 보면 개념 간 차이를 더 명확히 구분할 수 있다.",SSR 페이지의 버튼이 로드 후 클릭 가능해짐.,SSR;React;Next.js,Next.js Docs,https://nextjs.org/docs,React Docs - Learn React,https://react.dev/learn,"첨부 마크다운의 기존 개발 용어와 공식 문서의 정의·사용 맥락을 대조했고, 중복 정규화 검사 후 사이트 카드와 자세히 보기 양쪽에 쓸 수 있도록 한국어로 재정리함.",high,verified
DEV-136,프론트엔드,프론트엔드,Next.js,Next.js,,"React 기반으로 라우팅, 렌더링, 빌드, 배포 기능을 제공하는 웹 프레임워크.","Next.js(Next.js) 용어는 React 기반으로 라우팅, 렌더링, 빌드, 배포 기능을 제공하는 웹 프레임워크. 자세히 보기에서는 이 용어를 프론트엔드 관점에서 이해하면 좋다. 실무에서는 요구사항 확인, 구현 방식 선택, 운영 리스크 점검에 함께 쓰이며, 예: 병원 홈페이지를 SSG와 SSR을 섞어 구현. 관련해서는 React, SSR, 라우팅 항목을 함께 보면 개념 간 차이를 더 명확히 구분할 수 있다.",병원 홈페이지를 SSG와 SSR을 섞어 구현.,React;SSR;라우팅,Next.js Docs,https://nextjs.org/docs,React Docs - Learn React,https://react.dev/learn,"첨부 마크다운의 기존 개발 용어와 공식 문서의 정의·사용 맥락을 대조했고, 중복 정규화 검사 후 사이트 카드와 자세히 보기 양쪽에 쓸 수 있도록 한국어로 재정리함.",high,verified
DEV-137,백엔드·API,백엔드·API,API 게이트웨이,API Gateway,,"여러 API 앞단에서 라우팅, 인증, 속도 제한, 로깅을 담당하는 진입점.","API 게이트웨이(API Gateway) 용어는 여러 API 앞단에서 라우팅, 인증, 속도 제한, 로깅을 담당하는 진입점. 자세히 보기에서는 이 용어를 백엔드·API 관점에서 이해하면 좋다. 실무에서는 요구사항 확인, 구현 방식 선택, 운영 리스크 점검에 함께 쓰이며, 예: 외부 요청을 인증 후 내부 상담 API로 전달. 관련해서는 API, Rate Limiting, 인증 항목을 함께 보면 개념 간 차이를 더 명확히 구분할 수 있다.",외부 요청을 인증 후 내부 상담 API로 전달.,API;Rate Limiting;인증,OpenAPI Specification,https://spec.openapis.org/oas/latest.html,Kubernetes Docs - Ingress,https://kubernetes.io/docs/concepts/services-networking/ingress/,"첨부 마크다운의 기존 개발 용어와 공식 문서의 정의·사용 맥락을 대조했고, 중복 정규화 검사 후 사이트 카드와 자세히 보기 양쪽에 쓸 수 있도록 한국어로 재정리함.",high,verified
DEV-138,백엔드·API,백엔드·API,속도 제한,Rate Limiting,,일정 시간 동안 허용되는 요청 수를 제한해 남용과 장애를 줄이는 기법.,"속도 제한(Rate Limiting) 용어는 일정 시간 동안 허용되는 요청 수를 제한해 남용과 장애를 줄이는 기법. 자세히 보기에서는 이 용어를 백엔드·API 관점에서 이해하면 좋다. 실무에서는 요구사항 확인, 구현 방식 선택, 운영 리스크 점검에 함께 쓰이며, 예: 한 IP에서 상담 API를 분당 30회로 제한. 관련해서는 API 게이트웨이, 보안, 가용성 항목을 함께 보면 개념 간 차이를 더 명확히 구분할 수 있다.",한 IP에서 상담 API를 분당 30회로 제한.,API 게이트웨이;보안;가용성,OWASP Top 10,https://owasp.org/www-project-top-ten/,MDN Web Docs - HTTP,https://developer.mozilla.org/en-US/docs/Web/HTTP,"첨부 마크다운의 기존 개발 용어와 공식 문서의 정의·사용 맥락을 대조했고, 중복 정규화 검사 후 사이트 카드와 자세히 보기 양쪽에 쓸 수 있도록 한국어로 재정리함.",high,verified
DEV-139,백엔드·API,백엔드·API,페이지네이션,Pagination,,많은 데이터를 여러 페이지나 구간으로 나누어 조회하는 방식.,"페이지네이션(Pagination) 용어는 많은 데이터를 여러 페이지나 구간으로 나누어 조회하는 방식. 자세히 보기에서는 이 용어를 백엔드·API 관점에서 이해하면 좋다. 실무에서는 요구사항 확인, 구현 방식 선택, 운영 리스크 점검에 함께 쓰이며, 예: 상담 목록을 20개씩 나누어 표시. 관련해서는 커서 페이지네이션, 쿼리, 성능 항목을 함께 보면 개념 간 차이를 더 명확히 구분할 수 있다.",상담 목록을 20개씩 나누어 표시.,커서 페이지네이션;쿼리;성능,OpenAPI Specification,https://spec.openapis.org/oas/latest.html,PostgreSQL Documentation - What Is PostgreSQL?,https://www.postgresql.org/docs/current/intro-whatis.html,"첨부 마크다운의 기존 개발 용어와 공식 문서의 정의·사용 맥락을 대조했고, 중복 정규화 검사 후 사이트 카드와 자세히 보기 양쪽에 쓸 수 있도록 한국어로 재정리함.",high,verified
DEV-140,백엔드·API,백엔드·API,커서 페이지네이션,Cursor Pagination,,마지막으로 본 항목의 기준값을 커서로 사용해 다음 데이터를 이어 조회하는 방식.,"커서 페이지네이션(Cursor Pagination) 용어는 마지막으로 본 항목의 기준값을 커서로 사용해 다음 데이터를 이어 조회하는 방식. 자세히 보기에서는 이 용어를 백엔드·API 관점에서 이해하면 좋다. 실무에서는 요구사항 확인, 구현 방식 선택, 운영 리스크 점검에 함께 쓰이며, 예: 생성일과 ID를 기준으로 다음 상담 목록을 불러옴. 관련해서는 페이지네이션, 인덱스, API 항목을 함께 보면 개념 간 차이를 더 명확히 구분할 수 있다.",생성일과 ID를 기준으로 다음 상담 목록을 불러옴.,페이지네이션;인덱스;API,OpenAPI Specification,https://spec.openapis.org/oas/latest.html,PostgreSQL Documentation - Indexes,https://www.postgresql.org/docs/current/indexes.html,"첨부 마크다운의 기존 개발 용어와 공식 문서의 정의·사용 맥락을 대조했고, 중복 정규화 검사 후 사이트 카드와 자세히 보기 양쪽에 쓸 수 있도록 한국어로 재정리함.",high,verified
DEV-141,백엔드·API,백엔드·API,멱등성,Idempotency,,같은 요청을 여러 번 보내도 결과가 한 번 수행한 것과 같도록 보장하는 성질.,"멱등성(Idempotency) 용어는 같은 요청을 여러 번 보내도 결과가 한 번 수행한 것과 같도록 보장하는 성질. 자세히 보기에서는 이 용어를 백엔드·API 관점에서 이해하면 좋다. 실무에서는 요구사항 확인, 구현 방식 선택, 운영 리스크 점검에 함께 쓰이며, 예: 결제 콜백이 중복 와도 예약이 한 번만 확정됨. 관련해서는 API, 재시도, 트랜잭션 항목을 함께 보면 개념 간 차이를 더 명확히 구분할 수 있다.",결제 콜백이 중복 와도 예약이 한 번만 확정됨.,API;재시도;트랜잭션,RFC 9110 - HTTP Semantics,https://www.rfc-editor.org/rfc/rfc9110,OpenAPI Specification,https://spec.openapis.org/oas/latest.html,"첨부 마크다운의 기존 개발 용어와 공식 문서의 정의·사용 맥락을 대조했고, 중복 정규화 검사 후 사이트 카드와 자세히 보기 양쪽에 쓸 수 있도록 한국어로 재정리함.",high,verified
DEV-142,백엔드·API,백엔드·API,GraphQL,GraphQL,,클라이언트가 필요한 데이터 구조를 질의로 지정해 받는 API 질의 언어와 런타임.,"GraphQL(GraphQL) 용어는 클라이언트가 필요한 데이터 구조를 질의로 지정해 받는 API 질의 언어와 런타임. 자세히 보기에서는 이 용어를 백엔드·API 관점에서 이해하면 좋다. 실무에서는 요구사항 확인, 구현 방식 선택, 운영 리스크 점검에 함께 쓰이며, 예: 의료진 이름과 사진만 선택해 요청. 관련해서는 API, 쿼리, 스키마 항목을 함께 보면 개념 간 차이를 더 명확히 구분할 수 있다.",의료진 이름과 사진만 선택해 요청.,API;쿼리;스키마,GraphQL Specification,https://spec.graphql.org/,OpenAPI Specification,https://spec.openapis.org/oas/latest.html,"첨부 마크다운의 기존 개발 용어와 공식 문서의 정의·사용 맥락을 대조했고, 중복 정규화 검사 후 사이트 카드와 자세히 보기 양쪽에 쓸 수 있도록 한국어로 재정리함.",high,verified
DEV-143,보안·인증,백엔드·API,XSS,Cross-Site Scripting,XSS,공격자가 웹 페이지에 악성 스크립트를 삽입해 사용자 브라우저에서 실행하게 하는 취약점.,"XSS(Cross-Site Scripting) 용어는 공격자가 웹 페이지에 악성 스크립트를 삽입해 사용자 브라우저에서 실행하게 하는 취약점. 자세히 보기에서는 이 용어를 보안·인증 관점에서 이해하면 좋다. 실무에서는 요구사항 확인, 구현 방식 선택, 운영 리스크 점검에 함께 쓰이며, 예: 후기 입력값을 그대로 출력해 스크립트가 실행됨. 관련해서는 출력 인코딩, CSP, 입력 검증 항목을 함께 보면 개념 간 차이를 더 명확히 구분할 수 있다.",후기 입력값을 그대로 출력해 스크립트가 실행됨.,출력 인코딩;CSP;입력 검증,OWASP Cheat Sheet Series - XSS Prevention,https://cheatsheetseries.owasp.org/cheatsheets/Cross_Site_Scripting_Prevention_Cheat_Sheet.html,OWASP Top 10,https://owasp.org/www-project-top-ten/,"첨부 마크다운의 기존 개발 용어와 공식 문서의 정의·사용 맥락을 대조했고, 중복 정규화 검사 후 사이트 카드와 자세히 보기 양쪽에 쓸 수 있도록 한국어로 재정리함.",high,verified
DEV-144,보안·인증,백엔드·API,CSRF,Cross-Site Request Forgery,CSRF,사용자가 로그인한 상태를 악용해 의도하지 않은 요청을 보내게 하는 공격.,"CSRF(Cross-Site Request Forgery) 용어는 사용자가 로그인한 상태를 악용해 의도하지 않은 요청을 보내게 하는 공격. 자세히 보기에서는 이 용어를 보안·인증 관점에서 이해하면 좋다. 실무에서는 요구사항 확인, 구현 방식 선택, 운영 리스크 점검에 함께 쓰이며, 예: 관리자가 모르는 사이 설정 변경 요청이 전송됨. 관련해서는 SameSite, 토큰, 쿠키 항목을 함께 보면 개념 간 차이를 더 명확히 구분할 수 있다.",관리자가 모르는 사이 설정 변경 요청이 전송됨.,SameSite;토큰;쿠키,OWASP Cheat Sheet Series - CSRF Prevention,https://cheatsheetseries.owasp.org/cheatsheets/Cross-Site_Request_Forgery_Prevention_Cheat_Sheet.html,MDN Web Docs - HTTP cookies,https://developer.mozilla.org/en-US/docs/Web/HTTP/Guides/Cookies,"첨부 마크다운의 기존 개발 용어와 공식 문서의 정의·사용 맥락을 대조했고, 중복 정규화 검사 후 사이트 카드와 자세히 보기 양쪽에 쓸 수 있도록 한국어로 재정리함.",high,verified
DEV-145,보안·인증,백엔드·API,SQL 인젝션,SQL Injection,,사용자 입력이 SQL 명령으로 해석되어 데이터베이스를 조작하거나 유출시키는 취약점.,"SQL 인젝션(SQL Injection) 용어는 사용자 입력이 SQL 명령으로 해석되어 데이터베이스를 조작하거나 유출시키는 취약점. 자세히 보기에서는 이 용어를 보안·인증 관점에서 이해하면 좋다. 실무에서는 요구사항 확인, 구현 방식 선택, 운영 리스크 점검에 함께 쓰이며, 예: 검색창 입력이 쿼리에 직접 붙어 데이터가 노출됨. 관련해서는 입력 검증, 파라미터 바인딩, OWASP Top 10 항목을 함께 보면 개념 간 차이를 더 명확히 구분할 수 있다.",검색창 입력이 쿼리에 직접 붙어 데이터가 노출됨.,입력 검증;파라미터 바인딩;OWASP Top 10,OWASP Cheat Sheet Series - SQL Injection Prevention,https://cheatsheetseries.owasp.org/cheatsheets/SQL_Injection_Prevention_Cheat_Sheet.html,OWASP Top 10,https://owasp.org/www-project-top-ten/,"첨부 마크다운의 기존 개발 용어와 공식 문서의 정의·사용 맥락을 대조했고, 중복 정규화 검사 후 사이트 카드와 자세히 보기 양쪽에 쓸 수 있도록 한국어로 재정리함.",high,verified
DEV-146,보안·인증,프론트엔드,콘텐츠 보안 정책,Content Security Policy,CSP,"브라우저가 허용할 스크립트, 이미지, 프레임 출처를 제한하는 보안 정책.","콘텐츠 보안 정책(Content Security Policy) 용어는 브라우저가 허용할 스크립트, 이미지, 프레임 출처를 제한하는 보안 정책. 자세히 보기에서는 이 용어를 보안·인증 관점에서 이해하면 좋다. 실무에서는 요구사항 확인, 구현 방식 선택, 운영 리스크 점검에 함께 쓰이며, 예: 허용된 도메인의 스크립트만 실행하도록 설정. 관련해서는 XSS, HTTP 헤더, 보안 항목을 함께 보면 개념 간 차이를 더 명확히 구분할 수 있다.",허용된 도메인의 스크립트만 실행하도록 설정.,XSS;HTTP 헤더;보안,MDN Web Docs - Content Security Policy,https://developer.mozilla.org/en-US/docs/Web/HTTP/CSP,OWASP Cheat Sheet Series - XSS Prevention,https://cheatsheetseries.owasp.org/cheatsheets/Cross_Site_Scripting_Prevention_Cheat_Sheet.html,"첨부 마크다운의 기존 개발 용어와 공식 문서의 정의·사용 맥락을 대조했고, 중복 정규화 검사 후 사이트 카드와 자세히 보기 양쪽에 쓸 수 있도록 한국어로 재정리함.",high,verified
DEV-147,보안·인증,백엔드·API,JWT,JSON Web Token,JWT,클레임을 JSON으로 담아 서명 또는 암호화해 전달하는 토큰 형식.,"JWT(JSON Web Token) 용어는 클레임을 JSON으로 담아 서명 또는 암호화해 전달하는 토큰 형식. 자세히 보기에서는 이 용어를 보안·인증 관점에서 이해하면 좋다. 실무에서는 요구사항 확인, 구현 방식 선택, 운영 리스크 점검에 함께 쓰이며, 예: 로그인 후 API 호출에 액세스 토큰을 사용. 관련해서는 인증, OAuth 2.0, 세션 항목을 함께 보면 개념 간 차이를 더 명확히 구분할 수 있다.",로그인 후 API 호출에 액세스 토큰을 사용.,인증;OAuth 2.0;세션,RFC 7519 - JSON Web Token,https://www.rfc-editor.org/rfc/rfc7519,OpenID Foundation - How OpenID Connect Works,https://openid.net/developers/how-connect-works/,"첨부 마크다운의 기존 개발 용어와 공식 문서의 정의·사용 맥락을 대조했고, 중복 정규화 검사 후 사이트 카드와 자세히 보기 양쪽에 쓸 수 있도록 한국어로 재정리함.",high,verified
DEV-148,보안·인증,백엔드·API,OAuth 2.0,OAuth 2.0,,사용자 비밀번호를 직접 공유하지 않고 권한 위임을 처리하는 인증·인가 프레임워크.,"OAuth 2.0(OAuth 2.0) 용어는 사용자 비밀번호를 직접 공유하지 않고 권한 위임을 처리하는 인증·인가 프레임워크. 자세히 보기에서는 이 용어를 보안·인증 관점에서 이해하면 좋다. 실무에서는 요구사항 확인, 구현 방식 선택, 운영 리스크 점검에 함께 쓰이며, 예: 구글 계정으로 로그인해 프로필 접근 권한을 위임. 관련해서는 권한 관리, 토큰, OpenID Connect 항목을 함께 보면 개념 간 차이를 더 명확히 구분할 수 있다.",구글 계정으로 로그인해 프로필 접근 권한을 위임.,권한 관리;토큰;OpenID Connect,OAuth.net - OAuth 2.0,https://oauth.net/2/,OpenID Foundation - How OpenID Connect Works,https://openid.net/developers/how-connect-works/,"첨부 마크다운의 기존 개발 용어와 공식 문서의 정의·사용 맥락을 대조했고, 중복 정규화 검사 후 사이트 카드와 자세히 보기 양쪽에 쓸 수 있도록 한국어로 재정리함.",high,verified
DEV-149,보안·인증,백엔드·API,OpenID Connect,OpenID Connect,OIDC,OAuth 2.0 위에서 사용자 로그인과 신원 정보를 표준화해 제공하는 인증 계층.,"OpenID Connect(OpenID Connect) 용어는 OAuth 2.0 위에서 사용자 로그인과 신원 정보를 표준화해 제공하는 인증 계층. 자세히 보기에서는 이 용어를 보안·인증 관점에서 이해하면 좋다. 실무에서는 요구사항 확인, 구현 방식 선택, 운영 리스크 점검에 함께 쓰이며, 예: 소셜 로그인에서 ID 토큰으로 사용자를 확인. 관련해서는 OAuth 2.0, JWT, 인증 항목을 함께 보면 개념 간 차이를 더 명확히 구분할 수 있다.",소셜 로그인에서 ID 토큰으로 사용자를 확인.,OAuth 2.0;JWT;인증,OpenID Foundation - How OpenID Connect Works,https://openid.net/developers/how-connect-works/,RFC 7519 - JSON Web Token,https://www.rfc-editor.org/rfc/rfc7519,"첨부 마크다운의 기존 개발 용어와 공식 문서의 정의·사용 맥락을 대조했고, 중복 정규화 검사 후 사이트 카드와 자세히 보기 양쪽에 쓸 수 있도록 한국어로 재정리함.",high,verified
DEV-150,보안·인증,개발 일반,입력 검증,Input Validation,,"외부에서 들어오는 데이터가 형식, 길이, 범위, 허용값에 맞는지 확인하는 절차.","입력 검증(Input Validation) 용어는 외부에서 들어오는 데이터가 형식, 길이, 범위, 허용값에 맞는지 확인하는 절차. 자세히 보기에서는 이 용어를 보안·인증 관점에서 이해하면 좋다. 실무에서는 요구사항 확인, 구현 방식 선택, 운영 리스크 점검에 함께 쓰이며, 예: 전화번호와 이메일 형식을 서버에서 다시 검증. 관련해서는 폼 검증, SQL 인젝션, XSS 항목을 함께 보면 개념 간 차이를 더 명확히 구분할 수 있다.",전화번호와 이메일 형식을 서버에서 다시 검증.,폼 검증;SQL 인젝션;XSS,OWASP Cheat Sheet Series - SQL Injection Prevention,https://cheatsheetseries.owasp.org/cheatsheets/SQL_Injection_Prevention_Cheat_Sheet.html,MDN Web Docs - HTML,https://developer.mozilla.org/en-US/docs/Web/HTML,"첨부 마크다운의 기존 개발 용어와 공식 문서의 정의·사용 맥락을 대조했고, 중복 정규화 검사 후 사이트 카드와 자세히 보기 양쪽에 쓸 수 있도록 한국어로 재정리함.",high,verified
DEV-151,보안·인증,프론트엔드,출력 인코딩,Output Encoding,,"데이터를 HTML, JavaScript, URL 등 출력 위치에 맞게 안전한 문자로 변환하는 방어 기법.","출력 인코딩(Output Encoding) 용어는 데이터를 HTML, JavaScript, URL 등 출력 위치에 맞게 안전한 문자로 변환하는 방어 기법. 자세히 보기에서는 이 용어를 보안·인증 관점에서 이해하면 좋다. 실무에서는 요구사항 확인, 구현 방식 선택, 운영 리스크 점검에 함께 쓰이며, 예: 사용자 후기를 HTML로 표시하기 전 특수문자를 인코딩. 관련해서는 XSS, CSP, 입력 검증 항목을 함께 보면 개념 간 차이를 더 명확히 구분할 수 있다.",사용자 후기를 HTML로 표시하기 전 특수문자를 인코딩.,XSS;CSP;입력 검증,OWASP Cheat Sheet Series - XSS Prevention,https://cheatsheetseries.owasp.org/cheatsheets/Cross_Site_Scripting_Prevention_Cheat_Sheet.html,MDN Web Docs - HTML,https://developer.mozilla.org/en-US/docs/Web/HTML,"첨부 마크다운의 기존 개발 용어와 공식 문서의 정의·사용 맥락을 대조했고, 중복 정규화 검사 후 사이트 카드와 자세히 보기 양쪽에 쓸 수 있도록 한국어로 재정리함.",high,verified
DEV-152,보안·인증,백엔드·API,암호화,Encryption,,데이터를 권한 없는 사람이 읽기 어렵게 변환하고 키로 복원하는 기술.,"암호화(Encryption) 용어는 데이터를 권한 없는 사람이 읽기 어렵게 변환하고 키로 복원하는 기술. 자세히 보기에서는 이 용어를 보안·인증 관점에서 이해하면 좋다. 실무에서는 요구사항 확인, 구현 방식 선택, 운영 리스크 점검에 함께 쓰이며, 예: 전송 중 개인정보를 TLS로 보호. 관련해서는 TLS, 해싱, 비밀키 항목을 함께 보면 개념 간 차이를 더 명확히 구분할 수 있다.",전송 중 개인정보를 TLS로 보호.,TLS;해싱;비밀키,MDN Web Docs - HTTP,https://developer.mozilla.org/en-US/docs/Web/HTTP,OWASP Top 10,https://owasp.org/www-project-top-ten/,"첨부 마크다운의 기존 개발 용어와 공식 문서의 정의·사용 맥락을 대조했고, 중복 정규화 검사 후 사이트 카드와 자세히 보기 양쪽에 쓸 수 있도록 한국어로 재정리함.",high,verified
DEV-153,보안·인증,백엔드·API,해싱,Hashing,,데이터를 고정 길이 값으로 단방향 변환해 무결성 확인이나 비밀번호 저장에 쓰는 방식.,"해싱(Hashing) 용어는 데이터를 고정 길이 값으로 단방향 변환해 무결성 확인이나 비밀번호 저장에 쓰는 방식. 자세히 보기에서는 이 용어를 보안·인증 관점에서 이해하면 좋다. 실무에서는 요구사항 확인, 구현 방식 선택, 운영 리스크 점검에 함께 쓰이며, 예: 비밀번호를 원문 대신 해시로 저장. 관련해서는 암호화, 인증, 보안 항목을 함께 보면 개념 간 차이를 더 명확히 구분할 수 있다.",비밀번호를 원문 대신 해시로 저장.,암호화;인증;보안,OWASP Top 10,https://owasp.org/www-project-top-ten/,RFC 7519 - JSON Web Token,https://www.rfc-editor.org/rfc/rfc7519,"첨부 마크다운의 기존 개발 용어와 공식 문서의 정의·사용 맥락을 대조했고, 중복 정규화 검사 후 사이트 카드와 자세히 보기 양쪽에 쓸 수 있도록 한국어로 재정리함.",high,verified
DEV-154,보안·인증,백엔드·API,TLS,Transport Layer Security,TLS,"네트워크 통신의 기밀성, 무결성, 인증을 제공하는 암호화 프로토콜.","TLS(Transport Layer Security) 용어는 네트워크 통신의 기밀성, 무결성, 인증을 제공하는 암호화 프로토콜. 자세히 보기에서는 이 용어를 보안·인증 관점에서 이해하면 좋다. 실무에서는 요구사항 확인, 구현 방식 선택, 운영 리스크 점검에 함께 쓰이며, 예: HTTPS 인증서로 브라우저와 서버 사이 통신을 보호. 관련해서는 HTTPS, 인증서, 암호화 항목을 함께 보면 개념 간 차이를 더 명확히 구분할 수 있다.",HTTPS 인증서로 브라우저와 서버 사이 통신을 보호.,HTTPS;인증서;암호화,MDN Web Docs - HTTP,https://developer.mozilla.org/en-US/docs/Web/HTTP,RFC 9110 - HTTP Semantics,https://www.rfc-editor.org/rfc/rfc9110,"첨부 마크다운의 기존 개발 용어와 공식 문서의 정의·사용 맥락을 대조했고, 중복 정규화 검사 후 사이트 카드와 자세히 보기 양쪽에 쓸 수 있도록 한국어로 재정리함.",high,verified
DEV-155,보안·인증,개발 일반,OWASP Top 10,OWASP Top 10,,웹 애플리케이션에서 자주 발생하는 주요 보안 위험을 정리한 OWASP의 대표 목록.,"OWASP Top 10(OWASP Top 10) 용어는 웹 애플리케이션에서 자주 발생하는 주요 보안 위험을 정리한 OWASP의 대표 목록. 자세히 보기에서는 이 용어를 보안·인증 관점에서 이해하면 좋다. 실무에서는 요구사항 확인, 구현 방식 선택, 운영 리스크 점검에 함께 쓰이며, 예: 취약점 점검 체크리스트로 인젝션과 인증 오류를 확인. 관련해서는 XSS, SQL 인젝션, 권한 관리 항목을 함께 보면 개념 간 차이를 더 명확히 구분할 수 있다.",취약점 점검 체크리스트로 인젝션과 인증 오류를 확인.,XSS;SQL 인젝션;권한 관리,OWASP Top 10,https://owasp.org/www-project-top-ten/,OWASP Cheat Sheet Series - SQL Injection Prevention,https://cheatsheetseries.owasp.org/cheatsheets/SQL_Injection_Prevention_Cheat_Sheet.html,"첨부 마크다운의 기존 개발 용어와 공식 문서의 정의·사용 맥락을 대조했고, 중복 정규화 검사 후 사이트 카드와 자세히 보기 양쪽에 쓸 수 있도록 한국어로 재정리함.",high,verified
DEV-156,보안·인증,백엔드·API,최소 권한,Least Privilege,,사용자와 시스템에 필요한 최소한의 권한만 부여하는 보안 원칙.,"최소 권한(Least Privilege) 용어는 사용자와 시스템에 필요한 최소한의 권한만 부여하는 보안 원칙. 자세히 보기에서는 이 용어를 보안·인증 관점에서 이해하면 좋다. 실무에서는 요구사항 확인, 구현 방식 선택, 운영 리스크 점검에 함께 쓰이며, 예: 상담 담당자는 상담 목록만 보고 시스템 설정은 못 바꾸게 함. 관련해서는 권한 관리, 시크릿, 보안 항목을 함께 보면 개념 간 차이를 더 명확히 구분할 수 있다.",상담 담당자는 상담 목록만 보고 시스템 설정은 못 바꾸게 함.,권한 관리;시크릿;보안,OWASP Top 10,https://owasp.org/www-project-top-ten/,OAuth.net - OAuth 2.0,https://oauth.net/2/,"첨부 마크다운의 기존 개발 용어와 공식 문서의 정의·사용 맥락을 대조했고, 중복 정규화 검사 후 사이트 카드와 자세히 보기 양쪽에 쓸 수 있도록 한국어로 재정리함.",high,verified
DEV-157,보안·인증,개발 일반,취약점,Vulnerability,,"공격자가 악용할 수 있는 시스템, 코드, 설정상의 약점.","취약점(Vulnerability) 용어는 공격자가 악용할 수 있는 시스템, 코드, 설정상의 약점. 자세히 보기에서는 이 용어를 보안·인증 관점에서 이해하면 좋다. 실무에서는 요구사항 확인, 구현 방식 선택, 운영 리스크 점검에 함께 쓰이며, 예: 오래된 패키지에서 인증 우회 취약점이 발견됨. 관련해서는 OWASP Top 10, 의존성, 패치 항목을 함께 보면 개념 간 차이를 더 명확히 구분할 수 있다.",오래된 패키지에서 인증 우회 취약점이 발견됨.,OWASP Top 10;의존성;패치,OWASP Top 10,https://owasp.org/www-project-top-ten/,npm Docs - About npm,https://docs.npmjs.com/about-npm,"첨부 마크다운의 기존 개발 용어와 공식 문서의 정의·사용 맥락을 대조했고, 중복 정규화 검사 후 사이트 카드와 자세히 보기 양쪽에 쓸 수 있도록 한국어로 재정리함.",high,verified
DEV-158,보안·인증,개발 일반,의존성 스캔,Dependency Scanning,,프로젝트가 사용하는 외부 패키지의 알려진 취약점과 라이선스 위험을 점검하는 과정.,"의존성 스캔(Dependency Scanning) 용어는 프로젝트가 사용하는 외부 패키지의 알려진 취약점과 라이선스 위험을 점검하는 과정. 자세히 보기에서는 이 용어를 보안·인증 관점에서 이해하면 좋다. 실무에서는 요구사항 확인, 구현 방식 선택, 운영 리스크 점검에 함께 쓰이며, 예: 배포 전 npm 패키지 취약점을 검사. 관련해서는 의존성, 취약점, CI/CD 항목을 함께 보면 개념 간 차이를 더 명확히 구분할 수 있다.",배포 전 npm 패키지 취약점을 검사.,의존성;취약점;CI/CD,npm Docs - About npm,https://docs.npmjs.com/about-npm,GitHub Docs - GitHub Actions,https://docs.github.com/en/actions,"첨부 마크다운의 기존 개발 용어와 공식 문서의 정의·사용 맥락을 대조했고, 중복 정규화 검사 후 사이트 카드와 자세히 보기 양쪽에 쓸 수 있도록 한국어로 재정리함.",high,verified
DEV-159,테스트·품질,개발 일반,단위 테스트,Unit Test,,함수나 컴포넌트처럼 작은 코드 단위를 독립적으로 검증하는 테스트.,"단위 테스트(Unit Test) 용어는 함수나 컴포넌트처럼 작은 코드 단위를 독립적으로 검증하는 테스트. 자세히 보기에서는 이 용어를 테스트·품질 관점에서 이해하면 좋다. 실무에서는 요구사항 확인, 구현 방식 선택, 운영 리스크 점검에 함께 쓰이며, 예: 전화번호 검증 함수가 올바르게 동작하는지 확인. 관련해서는 테스트, 목, 회귀 테스트 항목을 함께 보면 개념 간 차이를 더 명확히 구분할 수 있다.",전화번호 검증 함수가 올바르게 동작하는지 확인.,테스트;목;회귀 테스트,GitHub Docs - GitHub Actions,https://docs.github.com/en/actions,MDN Web Docs - JavaScript,https://developer.mozilla.org/en-US/docs/Web/JavaScript,"첨부 마크다운의 기존 개발 용어와 공식 문서의 정의·사용 맥락을 대조했고, 중복 정규화 검사 후 사이트 카드와 자세히 보기 양쪽에 쓸 수 있도록 한국어로 재정리함.",high,verified
DEV-160,테스트·품질,개발 일반,통합 테스트,Integration Test,,여러 모듈이나 서비스가 함께 연결됐을 때 의도대로 동작하는지 검증하는 테스트.,"통합 테스트(Integration Test) 용어는 여러 모듈이나 서비스가 함께 연결됐을 때 의도대로 동작하는지 검증하는 테스트. 자세히 보기에서는 이 용어를 테스트·품질 관점에서 이해하면 좋다. 실무에서는 요구사항 확인, 구현 방식 선택, 운영 리스크 점검에 함께 쓰이며, 예: API가 데이터베이스에 상담 신청을 저장하는지 확인. 관련해서는 단위 테스트, E2E 테스트, 데이터베이스 항목을 함께 보면 개념 간 차이를 더 명확히 구분할 수 있다.",API가 데이터베이스에 상담 신청을 저장하는지 확인.,단위 테스트;E2E 테스트;데이터베이스,GitHub Docs - GitHub Actions,https://docs.github.com/en/actions,PostgreSQL Documentation - What Is PostgreSQL?,https://www.postgresql.org/docs/current/intro-whatis.html,"첨부 마크다운의 기존 개발 용어와 공식 문서의 정의·사용 맥락을 대조했고, 중복 정규화 검사 후 사이트 카드와 자세히 보기 양쪽에 쓸 수 있도록 한국어로 재정리함.",high,verified
DEV-161,테스트·품질,개발 일반,E2E 테스트,End-to-End Test,E2E,사용자 흐름 전체를 실제에 가깝게 실행해 검증하는 테스트.,"E2E 테스트(End-to-End Test) 용어는 사용자 흐름 전체를 실제에 가깝게 실행해 검증하는 테스트. 자세히 보기에서는 이 용어를 테스트·품질 관점에서 이해하면 좋다. 실무에서는 요구사항 확인, 구현 방식 선택, 운영 리스크 점검에 함께 쓰이며, 예: 방문자가 상담 폼을 열고 제출 완료 화면까지 가는지 확인. 관련해서는 통합 테스트, 회귀 테스트, CI 항목을 함께 보면 개념 간 차이를 더 명확히 구분할 수 있다.",방문자가 상담 폼을 열고 제출 완료 화면까지 가는지 확인.,통합 테스트;회귀 테스트;CI,GitHub Docs - GitHub Actions,https://docs.github.com/en/actions,MDN Web Docs - HTML,https://developer.mozilla.org/en-US/docs/Web/HTML,"첨부 마크다운의 기존 개발 용어와 공식 문서의 정의·사용 맥락을 대조했고, 중복 정규화 검사 후 사이트 카드와 자세히 보기 양쪽에 쓸 수 있도록 한국어로 재정리함.",high,verified
DEV-162,테스트·품질,개발 일반,목,Mock,,테스트에서 실제 외부 의존성을 대체하는 가짜 객체나 응답.,"목(Mock) 용어는 테스트에서 실제 외부 의존성을 대체하는 가짜 객체나 응답. 자세히 보기에서는 이 용어를 테스트·품질 관점에서 이해하면 좋다. 실무에서는 요구사항 확인, 구현 방식 선택, 운영 리스크 점검에 함께 쓰이며, 예: 문자 발송 API 대신 성공 응답 목을 사용. 관련해서는 테스트, Fixture, 의존성 항목을 함께 보면 개념 간 차이를 더 명확히 구분할 수 있다.",문자 발송 API 대신 성공 응답 목을 사용.,테스트;Fixture;의존성,GitHub Docs - GitHub Actions,https://docs.github.com/en/actions,Node.js Docs - Introduction to Node.js,https://nodejs.org/learn/getting-started/introduction-to-nodejs,"첨부 마크다운의 기존 개발 용어와 공식 문서의 정의·사용 맥락을 대조했고, 중복 정규화 검사 후 사이트 카드와 자세히 보기 양쪽에 쓸 수 있도록 한국어로 재정리함.",high,verified
DEV-163,테스트·품질,개발 일반,픽스처,Fixture,,테스트를 반복 가능하게 만들기 위해 준비한 고정 데이터나 환경.,"픽스처(Fixture) 용어는 테스트를 반복 가능하게 만들기 위해 준비한 고정 데이터나 환경. 자세히 보기에서는 이 용어를 테스트·품질 관점에서 이해하면 좋다. 실무에서는 요구사항 확인, 구현 방식 선택, 운영 리스크 점검에 함께 쓰이며, 예: 테스트용 상담 신청 데이터를 미리 생성. 관련해서는 테스트, 목, 데이터베이스 항목을 함께 보면 개념 간 차이를 더 명확히 구분할 수 있다.",테스트용 상담 신청 데이터를 미리 생성.,테스트;목;데이터베이스,GitHub Docs - GitHub Actions,https://docs.github.com/en/actions,PostgreSQL Documentation - What Is PostgreSQL?,https://www.postgresql.org/docs/current/intro-whatis.html,"첨부 마크다운의 기존 개발 용어와 공식 문서의 정의·사용 맥락을 대조했고, 중복 정규화 검사 후 사이트 카드와 자세히 보기 양쪽에 쓸 수 있도록 한국어로 재정리함.",high,verified
DEV-164,테스트·품질,개발 일반,회귀 테스트,Regression Test,,수정 후 기존 기능이 다시 깨지지 않았는지 확인하는 테스트.,"회귀 테스트(Regression Test) 용어는 수정 후 기존 기능이 다시 깨지지 않았는지 확인하는 테스트. 자세히 보기에서는 이 용어를 테스트·품질 관점에서 이해하면 좋다. 실무에서는 요구사항 확인, 구현 방식 선택, 운영 리스크 점검에 함께 쓰이며, 예: 상담 폼 버그 수정 후 기존 제출 흐름을 재검증. 관련해서는 버그, 테스트, CI 항목을 함께 보면 개념 간 차이를 더 명확히 구분할 수 있다.",상담 폼 버그 수정 후 기존 제출 흐름을 재검증.,버그;테스트;CI,GitHub Docs - GitHub Actions,https://docs.github.com/en/actions,Git Documentation,https://git-scm.com/docs,"첨부 마크다운의 기존 개발 용어와 공식 문서의 정의·사용 맥락을 대조했고, 중복 정규화 검사 후 사이트 카드와 자세히 보기 양쪽에 쓸 수 있도록 한국어로 재정리함.",high,verified
